ISO-10303-21;
HEADER;
/* Generated by software containing ST-Developer
 * from STEP Tools, Inc. (www.steptools.com) 
 */

FILE_DESCRIPTION(
/* description */ (''),
/* implementation_level */ '2;1');

FILE_NAME(
/* name */ 'Chair.step',
/* time_stamp */ '2026-09-09T16:04:51+05:30',
/* author */ (''),
/* organization */ (''),
/* preprocessor_version */ 'ST-DEVELOPER v20.2',
/* originating_system */ 'Autodesk Translation Framework v15.15.0.0',
/* authorisation */ '');

FILE_SCHEMA (('AUTOMOTIVE_DESIGN { 1 0 10303 214 3 1 1 }'));
ENDSEC;

DATA;
#10=MECHANICAL_DESIGN_GEOMETRIC_PRESENTATION_REPRESENTATION('',(#13),#2708);
#11=SHAPE_REPRESENTATION_RELATIONSHIP('SRR','None',#2715,#12);
#12=ADVANCED_BREP_SHAPE_REPRESENTATION('',(#14),#2707);
#13=STYLED_ITEM('',(#2724),#14);
#14=MANIFOLD_SOLID_BREP('Body1',#1194);
#15=ELLIPSE('',#1303,1.4142135623731,1.);
#16=ELLIPSE('',#1317,1.41421356237309,1.);
#17=FACE_BOUND('',#299,.T.);
#18=FACE_BOUND('',#300,.T.);
#19=FACE_BOUND('',#301,.T.);
#20=FACE_BOUND('',#317,.T.);
#21=FACE_BOUND('',#318,.T.);
#22=FACE_BOUND('',#319,.T.);
#23=(
BOUNDED_SURFACE()
B_SPLINE_SURFACE(2,2,((#1916,#1917,#1918,#1919,#1920,#1921,#1922,#1923,
#1924),(#1925,#1926,#1927,#1928,#1929,#1930,#1931,#1932,#1933),(#1934,#1935,
#1936,#1937,#1938,#1939,#1940,#1941,#1942)),.UNSPECIFIED.,.F.,.T.,.F.)
B_SPLINE_SURFACE_WITH_KNOTS((3,3),(3,2,2,2,3),(0.,1.5707963267949),(-3.14159265358979,
-1.5707963267949,0.,1.5707963267949,3.14159265358979),.UNSPECIFIED.)
GEOMETRIC_REPRESENTATION_ITEM()
RATIONAL_B_SPLINE_SURFACE(((1.,0.707106781186548,1.,0.707106781186548,1.,
0.707106781186548,1.,0.707106781186548,1.),(0.707106781186542,0.499999999999996,
0.707106781186542,0.499999999999996,0.707106781186542,0.499999999999996,
0.707106781186542,0.499999999999996,0.707106781186542),(1.,0.707106781186548,
1.,0.707106781186548,1.,0.707106781186548,1.,0.707106781186548,1.)))
REPRESENTATION_ITEM('')
SURFACE()
);
#24=(
BOUNDED_SURFACE()
B_SPLINE_SURFACE(2,2,((#2094,#2095,#2096,#2097,#2098,#2099,#2100,#2101,
#2102),(#2103,#2104,#2105,#2106,#2107,#2108,#2109,#2110,#2111),(#2112,#2113,
#2114,#2115,#2116,#2117,#2118,#2119,#2120)),.UNSPECIFIED.,.F.,.T.,.F.)
B_SPLINE_SURFACE_WITH_KNOTS((3,3),(3,2,2,2,3),(0.,1.5707963267949),(-3.14159265358979,
-1.5707963267949,0.,1.5707963267949,3.14159265358979),.UNSPECIFIED.)
GEOMETRIC_REPRESENTATION_ITEM()
RATIONAL_B_SPLINE_SURFACE(((1.,0.707106781186548,1.,0.707106781186548,1.,
0.707106781186548,1.,0.707106781186548,1.),(0.707106781186536,0.499999999999992,
0.707106781186536,0.499999999999992,0.707106781186536,0.499999999999992,
0.707106781186536,0.499999999999992,0.707106781186536),(1.,0.707106781186548,
1.,0.707106781186548,1.,0.707106781186548,1.,0.707106781186548,1.)))
REPRESENTATION_ITEM('')
SURFACE()
);
#25=(
BOUNDED_SURFACE()
B_SPLINE_SURFACE(2,2,((#2286,#2287,#2288,#2289,#2290,#2291,#2292,#2293,
#2294),(#2295,#2296,#2297,#2298,#2299,#2300,#2301,#2302,#2303),(#2304,#2305,
#2306,#2307,#2308,#2309,#2310,#2311,#2312)),.UNSPECIFIED.,.F.,.T.,.F.)
B_SPLINE_SURFACE_WITH_KNOTS((3,3),(3,2,2,2,3),(0.,1.5707963267949),(-3.14159265358979,
-1.5707963267949,0.,1.5707963267949,3.14159265358979),.UNSPECIFIED.)
GEOMETRIC_REPRESENTATION_ITEM()
RATIONAL_B_SPLINE_SURFACE(((1.,0.707106781186548,1.,0.707106781186548,1.,
0.707106781186548,1.,0.707106781186548,1.),(0.707106781186536,0.499999999999992,
0.707106781186536,0.499999999999992,0.707106781186536,0.499999999999992,
0.707106781186536,0.499999999999992,0.707106781186536),(1.,0.707106781186548,
1.,0.707106781186548,1.,0.707106781186548,1.,0.707106781186548,1.)))
REPRESENTATION_ITEM('')
SURFACE()
);
#26=(
BOUNDED_SURFACE()
B_SPLINE_SURFACE(2,2,((#2463,#2464,#2465,#2466,#2467,#2468,#2469,#2470,
#2471),(#2472,#2473,#2474,#2475,#2476,#2477,#2478,#2479,#2480),(#2481,#2482,
#2483,#2484,#2485,#2486,#2487,#2488,#2489)),.UNSPECIFIED.,.F.,.T.,.F.)
B_SPLINE_SURFACE_WITH_KNOTS((3,3),(3,2,2,2,3),(0.,1.5707963267949),(-3.14159265358979,
-1.5707963267949,0.,1.5707963267949,3.14159265358979),.UNSPECIFIED.)
GEOMETRIC_REPRESENTATION_ITEM()
RATIONAL_B_SPLINE_SURFACE(((1.,0.707106781186548,1.,0.707106781186548,1.,
0.707106781186548,1.,0.707106781186548,1.),(0.707106781186542,0.499999999999996,
0.707106781186542,0.499999999999996,0.707106781186542,0.499999999999996,
0.707106781186542,0.499999999999996,0.707106781186542),(1.,0.707106781186548,
1.,0.707106781186548,1.,0.707106781186548,1.,0.707106781186548,1.)))
REPRESENTATION_ITEM('')
SURFACE()
);
#27=CYLINDRICAL_SURFACE('',#1228,1.);
#28=CYLINDRICAL_SURFACE('',#1235,1.25);
#29=CYLINDRICAL_SURFACE('',#1250,1.25);
#30=CYLINDRICAL_SURFACE('',#1262,1.);
#31=CYLINDRICAL_SURFACE('',#1265,1.25);
#32=CYLINDRICAL_SURFACE('',#1278,1.);
#33=CYLINDRICAL_SURFACE('',#1281,1.25);
#34=CYLINDRICAL_SURFACE('',#1292,1.);
#35=CYLINDRICAL_SURFACE('',#1296,3.);
#36=CYLINDRICAL_SURFACE('',#1299,3.);
#37=CYLINDRICAL_SURFACE('',#1301,1.);
#38=CYLINDRICAL_SURFACE('',#1304,1.);
#39=CYLINDRICAL_SURFACE('',#1310,1.);
#40=CYLINDRICAL_SURFACE('',#1316,1.);
#41=CYLINDRICAL_SURFACE('',#1322,1.);
#42=CYLINDRICAL_SURFACE('',#1328,1.);
#43=CYLINDRICAL_SURFACE('',#1331,2.);
#44=CYLINDRICAL_SURFACE('',#1334,2.99999999999999);
#45=CYLINDRICAL_SURFACE('',#1336,2.99999999999999);
#46=TOROIDAL_SURFACE('',#1222,2.25,1.);
#47=TOROIDAL_SURFACE('',#1241,2.25,1.);
#48=TOROIDAL_SURFACE('',#1247,1.99999999999999,1.);
#49=TOROIDAL_SURFACE('',#1258,2.25,1.);
#50=TOROIDAL_SURFACE('',#1273,2.25,1.);
#51=TOROIDAL_SURFACE('',#1287,2.,1.);
#52=TOROIDAL_SURFACE('',#1289,2.,1.);
#53=TOROIDAL_SURFACE('',#1293,1.99999999999999,1.);
#54=TOROIDAL_SURFACE('',#1307,2.,1.);
#55=TOROIDAL_SURFACE('',#1312,2.,1.);
#56=TOROIDAL_SURFACE('',#1318,1.99999999999999,1.);
#57=TOROIDAL_SURFACE('',#1324,1.99999999999999,1.);
#58=B_SPLINE_CURVE_WITH_KNOTS('',3,(#1785,#1786,#1787,#1788,#1789,#1790,
#1791,#1792),.UNSPECIFIED.,.F.,.F.,(4,1,1,1,1,4),(-0.575872613564105,-0.4730382182848,
-0.411337581117218,-0.246802548670331,-0.164535032446887,0.),
 .UNSPECIFIED.);
#59=B_SPLINE_CURVE_WITH_KNOTS('',3,(#1795,#1796,#1797,#1798,#1799,#1800,
#1801,#1802),.UNSPECIFIED.,.F.,.F.,(4,1,1,1,1,4),(0.,0.164535032446887,
0.246802548670331,0.411337581117218,0.4730382182848,0.575872613564105),
 .UNSPECIFIED.);
#60=B_SPLINE_CURVE_WITH_KNOTS('',3,(#1839,#1840,#1841,#1842,#1843),
 .UNSPECIFIED.,.F.,.F.,(4,1,4),(-0.149246615439395,-0.0746233077196973,
0.),.UNSPECIFIED.);
#61=B_SPLINE_CURVE_WITH_KNOTS('',3,(#1844,#1845,#1846,#1847,#1848),
 .UNSPECIFIED.,.F.,.F.,(4,1,4),(0.,0.0746233077196973,0.149246615439395),
 .UNSPECIFIED.);
#62=B_SPLINE_CURVE_WITH_KNOTS('',3,(#1874,#1875,#1876,#1877,#1878),
 .UNSPECIFIED.,.F.,.F.,(4,1,4),(-0.149249247371892,-0.074624623685946,0.),
 .UNSPECIFIED.);
#63=B_SPLINE_CURVE_WITH_KNOTS('',3,(#1879,#1880,#1881,#1882,#1883),
 .UNSPECIFIED.,.F.,.F.,(4,1,4),(0.,0.074624623685946,0.149249247371892),
 .UNSPECIFIED.);
#64=B_SPLINE_CURVE_WITH_KNOTS('',3,(#1888,#1889,#1890,#1891,#1892),
 .UNSPECIFIED.,.F.,.F.,(4,1,4),(0.,0.0746242331069752,0.14924846621395),
 .UNSPECIFIED.);
#65=B_SPLINE_CURVE_WITH_KNOTS('',3,(#1996,#1997,#1998,#1999,#2000,#2001,
#2002,#2003),.UNSPECIFIED.,.F.,.F.,(4,1,1,1,1,4),(-0.575872665551638,-0.473038260988845,
-0.41133761825117,-0.246802570950702,-0.164535047300468,-0.108050938549392),
 .UNSPECIFIED.);
#66=B_SPLINE_CURVE_WITH_KNOTS('',3,(#2005,#2006,#2007,#2008),
 .UNSPECIFIED.,.F.,.F.,(4,4),(-0.107743667420756,0.),.UNSPECIFIED.);
#67=B_SPLINE_CURVE_WITH_KNOTS('',3,(#2011,#2012,#2013,#2014,#2015,#2016,
#2017,#2018),.UNSPECIFIED.,.F.,.F.,(4,1,1,1,1,4),(0.,0.164535047300468,
0.246802570950702,0.41133761825117,0.473038260988845,0.575872665551638),
 .UNSPECIFIED.);
#68=B_SPLINE_CURVE_WITH_KNOTS('',3,(#2044,#2045,#2046,#2047,#2048),
 .UNSPECIFIED.,.F.,.F.,(4,1,4),(-0.149249652083781,-0.074624826041891,-1.19043366102294E-15),
 .UNSPECIFIED.);
#69=B_SPLINE_CURVE_WITH_KNOTS('',3,(#2049,#2050,#2051,#2052,#2053),
 .UNSPECIFIED.,.F.,.F.,(4,1,4),(1.19043366102294E-15,0.074624826041891,
0.149249652083781),.UNSPECIFIED.);
#70=B_SPLINE_CURVE_WITH_KNOTS('',3,(#2079,#2080,#2081,#2082,#2083),
 .UNSPECIFIED.,.F.,.F.,(4,1,4),(-0.14924846621395,-0.0746242331069752,0.),
 .UNSPECIFIED.);
#71=B_SPLINE_CURVE_WITH_KNOTS('',3,(#2169,#2170,#2171,#2172,#2173),
 .UNSPECIFIED.,.F.,.F.,(4,1,4),(-0.575872613564105,-0.4730382182848,-0.468049347689819),
 .UNSPECIFIED.);
#72=B_SPLINE_CURVE_WITH_KNOTS('',3,(#2175,#2176,#2177,#2178,#2179,#2180,
#2181),.UNSPECIFIED.,.F.,.F.,(4,1,1,1,4),(-0.468049347689819,-0.411337581117218,
-0.246802548670331,-0.164535032446887,0.),.UNSPECIFIED.);
#73=B_SPLINE_CURVE_WITH_KNOTS('',3,(#2184,#2185,#2186,#2187,#2188,#2189,
#2190,#2191),.UNSPECIFIED.,.F.,.F.,(4,1,1,1,1,4),(0.,0.164535032446887,
0.246802548670331,0.411337581117218,0.4730382182848,0.575872613564105),
 .UNSPECIFIED.);
#74=B_SPLINE_CURVE_WITH_KNOTS('',3,(#2223,#2224,#2225,#2226,#2227),
 .UNSPECIFIED.,.F.,.F.,(4,1,4),(-0.149246533878749,-0.0746232669393747,
0.),.UNSPECIFIED.);
#75=B_SPLINE_CURVE_WITH_KNOTS('',3,(#2228,#2229,#2230,#2231,#2232),
 .UNSPECIFIED.,.F.,.F.,(4,1,4),(0.,0.0746232669393747,0.149246533878749),
 .UNSPECIFIED.);
#76=B_SPLINE_CURVE_WITH_KNOTS('',3,(#2258,#2259,#2260,#2261,#2262),
 .UNSPECIFIED.,.F.,.F.,(4,1,4),(-0.149249328941294,-0.0746246644706468,
-9.81117628610483E-17),.UNSPECIFIED.);
#77=B_SPLINE_CURVE_WITH_KNOTS('',3,(#2263,#2264,#2265,#2266,#2267),
 .UNSPECIFIED.,.F.,.F.,(4,1,4),(9.81117628610483E-17,0.0746246644706468,
0.149249328941294),.UNSPECIFIED.);
#78=B_SPLINE_CURVE_WITH_KNOTS('',3,(#2270,#2271,#2272,#2273,#2274),
 .UNSPECIFIED.,.F.,.F.,(4,1,4),(-0.149249287029729,-0.0746246435148647,
0.),.UNSPECIFIED.);
#79=B_SPLINE_CURVE_WITH_KNOTS('',3,(#2360,#2361,#2362,#2363,#2364,#2365,
#2366,#2367),.UNSPECIFIED.,.F.,.F.,(4,1,1,1,1,4),(-0.575872561580629,-0.493605052783396,
-0.329070035188931,-0.164535017594465,-0.102834385996541,0.),
 .UNSPECIFIED.);
#80=B_SPLINE_CURVE_WITH_KNOTS('',3,(#2370,#2371,#2372,#2373,#2374,#2375,
#2376,#2377),.UNSPECIFIED.,.F.,.F.,(4,1,1,1,1,4),(0.,0.102834385996541,
0.164535017594465,0.329070035188931,0.493605052783396,0.575872561580629),
 .UNSPECIFIED.);
#81=B_SPLINE_CURVE_WITH_KNOTS('',3,(#2411,#2412,#2413,#2414,#2415),
 .UNSPECIFIED.,.F.,.F.,(4,1,4),(-0.149246573323187,-0.0746232866615934,
-5.33607424495681E-17),.UNSPECIFIED.);
#82=B_SPLINE_CURVE_WITH_KNOTS('',3,(#2416,#2417,#2418,#2419,#2420),
 .UNSPECIFIED.,.F.,.F.,(4,1,4),(5.33607424495681E-17,0.0746232866615934,
0.149246573323187),.UNSPECIFIED.);
#83=B_SPLINE_CURVE_WITH_KNOTS('',3,(#2446,#2447,#2448,#2449,#2450),
 .UNSPECIFIED.,.F.,.F.,(4,1,4),(0.,0.0746246435148647,0.149249287029729),
 .UNSPECIFIED.);
#84=B_SPLINE_CURVE_WITH_KNOTS('',3,(#2516,#2517,#2518,#2519,#2520,#2521,
#2522),.UNSPECIFIED.,.F.,.F.,(4,1,1,1,4),(0.394394609720312,0.428804903171617,
0.463215196622922,0.509095587891328,0.554975979159734),.UNSPECIFIED.);
#85=B_SPLINE_CURVE_WITH_KNOTS('',3,(#2534,#2535,#2536,#2537,#2538,#2539,
#2540),.UNSPECIFIED.,.F.,.F.,(4,1,1,1,4),(0.,0.0458803918932497,0.0688205878398745,
0.114700979733124,0.160581371626374),.UNSPECIFIED.);
#86=B_SPLINE_CURVE_WITH_KNOTS('',3,(#2596,#2597,#2598,#2599,#2600,#2601,
#2602),.UNSPECIFIED.,.F.,.F.,(4,1,1,1,4),(-0.554975979159734,-0.509095587891328,
-0.463215196622922,-0.428804903171617,-0.394394609720312),.UNSPECIFIED.);
#87=B_SPLINE_CURVE_WITH_KNOTS('',3,(#2659,#2660,#2661,#2662,#2663,#2664,
#2665),.UNSPECIFIED.,.F.,.F.,(4,1,1,1,4),(-0.160581369439421,-0.114700979733124,
-0.0688205878398745,-0.0458803918932497,0.),.UNSPECIFIED.);
#88=CIRCLE('',#1220,1.);
#89=CIRCLE('',#1221,1.);
#90=CIRCLE('',#1223,1.);
#91=CIRCLE('',#1224,1.25);
#92=CIRCLE('',#1225,1.25);
#93=CIRCLE('',#1226,0.999999999999998);
#94=CIRCLE('',#1227,2.25);
#95=CIRCLE('',#1229,1.);
#96=CIRCLE('',#1230,1.);
#97=CIRCLE('',#1232,2.25);
#98=CIRCLE('',#1233,2.25);
#99=CIRCLE('',#1234,2.25);
#100=CIRCLE('',#1236,1.25);
#101=CIRCLE('',#1237,1.25);
#102=CIRCLE('',#1238,0.249999999999999);
#103=CIRCLE('',#1239,1.);
#104=CIRCLE('',#1242,1.);
#105=CIRCLE('',#1243,1.25);
#106=CIRCLE('',#1244,1.);
#107=CIRCLE('',#1245,1.);
#108=CIRCLE('',#1246,0.999999999999998);
#109=CIRCLE('',#1248,1.);
#110=CIRCLE('',#1249,2.99999999999999);
#111=CIRCLE('',#1251,1.25);
#112=CIRCLE('',#1252,1.25);
#113=CIRCLE('',#1253,0.25);
#114=CIRCLE('',#1254,1.);
#115=CIRCLE('',#1256,0.999999999999998);
#116=CIRCLE('',#1257,1.);
#117=CIRCLE('',#1259,1.);
#118=CIRCLE('',#1260,1.25);
#119=CIRCLE('',#1261,1.);
#120=CIRCLE('',#1263,1.);
#121=CIRCLE('',#1264,1.);
#122=CIRCLE('',#1266,1.25);
#123=CIRCLE('',#1267,1.25);
#124=CIRCLE('',#1268,0.25);
#125=CIRCLE('',#1269,1.);
#126=CIRCLE('',#1271,1.);
#127=CIRCLE('',#1272,1.);
#128=CIRCLE('',#1274,1.);
#129=CIRCLE('',#1275,1.25);
#130=CIRCLE('',#1276,1.25);
#131=CIRCLE('',#1277,1.);
#132=CIRCLE('',#1279,1.);
#133=CIRCLE('',#1280,1.);
#134=CIRCLE('',#1282,1.25);
#135=CIRCLE('',#1283,1.25);
#136=CIRCLE('',#1284,0.25);
#137=CIRCLE('',#1285,1.);
#138=CIRCLE('',#1288,3.);
#139=CIRCLE('',#1290,3.);
#140=CIRCLE('',#1291,1.);
#141=CIRCLE('',#1294,2.99999999999999);
#142=CIRCLE('',#1297,3.);
#143=CIRCLE('',#1300,3.);
#144=CIRCLE('',#1302,1.);
#145=CIRCLE('',#1305,1.);
#146=CIRCLE('',#1306,0.999999999999999);
#147=CIRCLE('',#1308,1.);
#148=CIRCLE('',#1309,2.);
#149=CIRCLE('',#1311,1.);
#150=CIRCLE('',#1313,1.);
#151=CIRCLE('',#1314,2.);
#152=CIRCLE('',#1315,1.);
#153=CIRCLE('',#1319,1.);
#154=CIRCLE('',#1320,2.99999999999999);
#155=CIRCLE('',#1321,1.99999999999999);
#156=CIRCLE('',#1323,1.);
#157=CIRCLE('',#1325,1.);
#158=CIRCLE('',#1326,2.99999999999999);
#159=CIRCLE('',#1327,1.99999999999999);
#160=B_SPLINE_SURFACE_WITH_KNOTS('',3,3,((#1741,#1742,#1743,#1744,#1745,
#1746,#1747,#1748),(#1749,#1750,#1751,#1752,#1753,#1754,#1755,#1756),(#1757,
#1758,#1759,#1760,#1761,#1762,#1763,#1764),(#1765,#1766,#1767,#1768,#1769,
#1770,#1771,#1772),(#1773,#1774,#1775,#1776,#1777,#1778,#1779,#1780)),
 .UNSPECIFIED.,.F.,.F.,.F.,(4,1,4),(4,1,1,1,1,4),(0.,0.5,1.),(0.,0.164535032446887,
0.246802548670331,0.411337581117218,0.4730382182848,0.575872613564105),
 .UNSPECIFIED.);
#161=B_SPLINE_SURFACE_WITH_KNOTS('',3,3,((#1814,#1815,#1816,#1817,#1818),
(#1819,#1820,#1821,#1822,#1823),(#1824,#1825,#1826,#1827,#1828),(#1829,
#1830,#1831,#1832,#1833),(#1834,#1835,#1836,#1837,#1838)),.UNSPECIFIED.,
 .F.,.F.,.F.,(4,1,4),(4,1,4),(0.,0.571428571428571,1.),(0.,0.0746233077196973,
0.149246615439395),.UNSPECIFIED.);
#162=B_SPLINE_SURFACE_WITH_KNOTS('',3,3,((#1849,#1850,#1851,#1852,#1853),
(#1854,#1855,#1856,#1857,#1858),(#1859,#1860,#1861,#1862,#1863),(#1864,
#1865,#1866,#1867,#1868),(#1869,#1870,#1871,#1872,#1873)),.UNSPECIFIED.,
 .F.,.F.,.F.,(4,1,4),(4,1,4),(0.,0.571428571428571,1.),(0.,0.074624623685946,
0.149249247371892),.UNSPECIFIED.);
#163=B_SPLINE_SURFACE_WITH_KNOTS('',3,3,((#1953,#1954,#1955,#1956,#1957,
#1958,#1959,#1960),(#1961,#1962,#1963,#1964,#1965,#1966,#1967,#1968),(#1969,
#1970,#1971,#1972,#1973,#1974,#1975,#1976),(#1977,#1978,#1979,#1980,#1981,
#1982,#1983,#1984),(#1985,#1986,#1987,#1988,#1989,#1990,#1991,#1992)),
 .UNSPECIFIED.,.F.,.F.,.F.,(4,1,4),(4,1,1,1,1,4),(0.,0.5,1.),(0.,0.164535047300468,
0.246802570950702,0.41133761825117,0.473038260988845,0.575872665551638),
 .UNSPECIFIED.);
#164=B_SPLINE_SURFACE_WITH_KNOTS('',3,3,((#2019,#2020,#2021,#2022,#2023),
(#2024,#2025,#2026,#2027,#2028),(#2029,#2030,#2031,#2032,#2033),(#2034,
#2035,#2036,#2037,#2038),(#2039,#2040,#2041,#2042,#2043)),.UNSPECIFIED.,
 .F.,.F.,.F.,(4,1,4),(4,1,4),(0.,0.571428571428571,1.),(1.19043366102294E-15,
0.074624826041891,0.149249652083781),.UNSPECIFIED.);
#165=B_SPLINE_SURFACE_WITH_KNOTS('',3,3,((#2054,#2055,#2056,#2057,#2058),
(#2059,#2060,#2061,#2062,#2063),(#2064,#2065,#2066,#2067,#2068),(#2069,
#2070,#2071,#2072,#2073),(#2074,#2075,#2076,#2077,#2078)),.UNSPECIFIED.,
 .F.,.F.,.F.,(4,1,4),(4,1,4),(0.,0.571428571428571,1.),(0.,0.0746242331069752,
0.14924846621395),.UNSPECIFIED.);
#166=B_SPLINE_SURFACE_WITH_KNOTS('',3,3,((#2125,#2126,#2127,#2128,#2129,
#2130,#2131,#2132),(#2133,#2134,#2135,#2136,#2137,#2138,#2139,#2140),(#2141,
#2142,#2143,#2144,#2145,#2146,#2147,#2148),(#2149,#2150,#2151,#2152,#2153,
#2154,#2155,#2156),(#2157,#2158,#2159,#2160,#2161,#2162,#2163,#2164)),
 .UNSPECIFIED.,.F.,.F.,.F.,(4,1,4),(4,1,1,1,1,4),(0.,0.5,1.),(0.,0.164535032446887,
0.246802548670331,0.411337581117218,0.4730382182848,0.575872613564105),
 .UNSPECIFIED.);
#167=B_SPLINE_SURFACE_WITH_KNOTS('',3,3,((#2198,#2199,#2200,#2201,#2202),
(#2203,#2204,#2205,#2206,#2207),(#2208,#2209,#2210,#2211,#2212),(#2213,
#2214,#2215,#2216,#2217),(#2218,#2219,#2220,#2221,#2222)),.UNSPECIFIED.,
 .F.,.F.,.F.,(4,1,4),(4,1,4),(0.,0.571428571428571,1.),(0.,0.0746232669393747,
0.149246533878749),.UNSPECIFIED.);
#168=B_SPLINE_SURFACE_WITH_KNOTS('',3,3,((#2233,#2234,#2235,#2236,#2237),
(#2238,#2239,#2240,#2241,#2242),(#2243,#2244,#2245,#2246,#2247),(#2248,
#2249,#2250,#2251,#2252),(#2253,#2254,#2255,#2256,#2257)),.UNSPECIFIED.,
 .F.,.F.,.F.,(4,1,4),(4,1,4),(0.,0.571428571428571,1.),(9.81117628610483E-17,
0.0746246644706468,0.149249328941294),.UNSPECIFIED.);
#169=B_SPLINE_SURFACE_WITH_KNOTS('',3,3,((#2317,#2318,#2319,#2320,#2321,
#2322,#2323,#2324),(#2325,#2326,#2327,#2328,#2329,#2330,#2331,#2332),(#2333,
#2334,#2335,#2336,#2337,#2338,#2339,#2340),(#2341,#2342,#2343,#2344,#2345,
#2346,#2347,#2348),(#2349,#2350,#2351,#2352,#2353,#2354,#2355,#2356)),
 .UNSPECIFIED.,.F.,.F.,.F.,(4,1,4),(4,1,1,1,1,4),(0.,0.5,1.),(0.,0.102834385996541,
0.164535017594465,0.329070035188931,0.493605052783396,0.575872561580629),
 .UNSPECIFIED.);
#170=B_SPLINE_SURFACE_WITH_KNOTS('',3,3,((#2386,#2387,#2388,#2389,#2390),
(#2391,#2392,#2393,#2394,#2395),(#2396,#2397,#2398,#2399,#2400),(#2401,
#2402,#2403,#2404,#2405),(#2406,#2407,#2408,#2409,#2410)),.UNSPECIFIED.,
 .F.,.F.,.F.,(4,1,4),(4,1,4),(0.,0.571428571428571,1.),(5.33607424495681E-17,
0.0746232866615934,0.149246573323187),.UNSPECIFIED.);
#171=B_SPLINE_SURFACE_WITH_KNOTS('',3,3,((#2421,#2422,#2423,#2424,#2425),
(#2426,#2427,#2428,#2429,#2430),(#2431,#2432,#2433,#2434,#2435),(#2436,
#2437,#2438,#2439,#2440),(#2441,#2442,#2443,#2444,#2445)),.UNSPECIFIED.,
 .F.,.F.,.F.,(4,1,4),(4,1,4),(0.,0.571428571428571,1.),(0.,0.0746246435148647,
0.149249287029729),.UNSPECIFIED.);
#172=B_SPLINE_SURFACE_WITH_KNOTS('',3,3,((#2552,#2553,#2554,#2555,#2556,
#2557,#2558),(#2559,#2560,#2561,#2562,#2563,#2564,#2565),(#2566,#2567,#2568,
#2569,#2570,#2571,#2572),(#2573,#2574,#2575,#2576,#2577,#2578,#2579),(#2580,
#2581,#2582,#2583,#2584,#2585,#2586),(#2587,#2588,#2589,#2590,#2591,#2592,
#2593)),.UNSPECIFIED.,.F.,.F.,.F.,(4,1,1,4),(4,1,1,1,4),(0.,0.285714285714286,
0.571428571428571,1.),(0.394394609720312,0.428804903171617,0.463215196622922,
0.509095587891328,0.554975979159734),.UNSPECIFIED.);
#173=B_SPLINE_SURFACE_WITH_KNOTS('',3,3,((#2615,#2616,#2617,#2618,#2619,
#2620,#2621),(#2622,#2623,#2624,#2625,#2626,#2627,#2628),(#2629,#2630,#2631,
#2632,#2633,#2634,#2635),(#2636,#2637,#2638,#2639,#2640,#2641,#2642),(#2643,
#2644,#2645,#2646,#2647,#2648,#2649),(#2650,#2651,#2652,#2653,#2654,#2655,
#2656)),.UNSPECIFIED.,.F.,.F.,.F.,(4,1,1,4),(4,1,1,1,4),(0.,0.285714285714286,
0.571428571428571,1.),(0.,0.0458803918932497,0.0688205878398745,0.114700979733124,
0.160581371626374),.UNSPECIFIED.);
#174=FACE_OUTER_BOUND('',#247,.T.);
#175=FACE_OUTER_BOUND('',#248,.T.);
#176=FACE_OUTER_BOUND('',#249,.T.);
#177=FACE_OUTER_BOUND('',#250,.T.);
#178=FACE_OUTER_BOUND('',#251,.T.);
#179=FACE_OUTER_BOUND('',#252,.T.);
#180=FACE_OUTER_BOUND('',#253,.T.);
#181=FACE_OUTER_BOUND('',#254,.T.);
#182=FACE_OUTER_BOUND('',#255,.T.);
#183=FACE_OUTER_BOUND('',#256,.T.);
#184=FACE_OUTER_BOUND('',#257,.T.);
#185=FACE_OUTER_BOUND('',#258,.T.);
#186=FACE_OUTER_BOUND('',#259,.T.);
#187=FACE_OUTER_BOUND('',#260,.T.);
#188=FACE_OUTER_BOUND('',#261,.T.);
#189=FACE_OUTER_BOUND('',#262,.T.);
#190=FACE_OUTER_BOUND('',#263,.T.);
#191=FACE_OUTER_BOUND('',#264,.T.);
#192=FACE_OUTER_BOUND('',#265,.T.);
#193=FACE_OUTER_BOUND('',#266,.T.);
#194=FACE_OUTER_BOUND('',#267,.T.);
#195=FACE_OUTER_BOUND('',#268,.T.);
#196=FACE_OUTER_BOUND('',#269,.T.);
#197=FACE_OUTER_BOUND('',#270,.T.);
#198=FACE_OUTER_BOUND('',#271,.T.);
#199=FACE_OUTER_BOUND('',#272,.T.);
#200=FACE_OUTER_BOUND('',#273,.T.);
#201=FACE_OUTER_BOUND('',#274,.T.);
#202=FACE_OUTER_BOUND('',#275,.T.);
#203=FACE_OUTER_BOUND('',#276,.T.);
#204=FACE_OUTER_BOUND('',#277,.T.);
#205=FACE_OUTER_BOUND('',#278,.T.);
#206=FACE_OUTER_BOUND('',#279,.T.);
#207=FACE_OUTER_BOUND('',#280,.T.);
#208=FACE_OUTER_BOUND('',#281,.T.);
#209=FACE_OUTER_BOUND('',#282,.T.);
#210=FACE_OUTER_BOUND('',#283,.T.);
#211=FACE_OUTER_BOUND('',#284,.T.);
#212=FACE_OUTER_BOUND('',#285,.T.);
#213=FACE_OUTER_BOUND('',#286,.T.);
#214=FACE_OUTER_BOUND('',#287,.T.);
#215=FACE_OUTER_BOUND('',#288,.T.);
#216=FACE_OUTER_BOUND('',#289,.T.);
#217=FACE_OUTER_BOUND('',#290,.T.);
#218=FACE_OUTER_BOUND('',#291,.T.);
#219=FACE_OUTER_BOUND('',#292,.T.);
#220=FACE_OUTER_BOUND('',#293,.T.);
#221=FACE_OUTER_BOUND('',#294,.T.);
#222=FACE_OUTER_BOUND('',#295,.T.);
#223=FACE_OUTER_BOUND('',#296,.T.);
#224=FACE_OUTER_BOUND('',#297,.T.);
#225=FACE_OUTER_BOUND('',#298,.T.);
#226=FACE_OUTER_BOUND('',#302,.T.);
#227=FACE_OUTER_BOUND('',#303,.T.);
#228=FACE_OUTER_BOUND('',#304,.T.);
#229=FACE_OUTER_BOUND('',#305,.T.);
#230=FACE_OUTER_BOUND('',#306,.T.);
#231=FACE_OUTER_BOUND('',#307,.T.);
#232=FACE_OUTER_BOUND('',#308,.T.);
#233=FACE_OUTER_BOUND('',#309,.T.);
#234=FACE_OUTER_BOUND('',#310,.T.);
#235=FACE_OUTER_BOUND('',#311,.T.);
#236=FACE_OUTER_BOUND('',#312,.T.);
#237=FACE_OUTER_BOUND('',#313,.T.);
#238=FACE_OUTER_BOUND('',#314,.T.);
#239=FACE_OUTER_BOUND('',#315,.T.);
#240=FACE_OUTER_BOUND('',#316,.T.);
#241=FACE_OUTER_BOUND('',#320,.T.);
#242=FACE_OUTER_BOUND('',#321,.T.);
#243=FACE_OUTER_BOUND('',#322,.T.);
#244=FACE_OUTER_BOUND('',#323,.T.);
#245=FACE_OUTER_BOUND('',#324,.T.);
#246=FACE_OUTER_BOUND('',#325,.T.);
#247=EDGE_LOOP('',(#747,#748,#749,#750));
#248=EDGE_LOOP('',(#751,#752,#753,#754));
#249=EDGE_LOOP('',(#755,#756,#757,#758));
#250=EDGE_LOOP('',(#759,#760,#761,#762));
#251=EDGE_LOOP('',(#763,#764,#765,#766));
#252=EDGE_LOOP('',(#767,#768,#769,#770));
#253=EDGE_LOOP('',(#771,#772,#773,#774));
#254=EDGE_LOOP('',(#775,#776,#777,#778));
#255=EDGE_LOOP('',(#779,#780,#781,#782));
#256=EDGE_LOOP('',(#783,#784,#785,#786));
#257=EDGE_LOOP('',(#787,#788,#789,#790));
#258=EDGE_LOOP('',(#791,#792,#793,#794));
#259=EDGE_LOOP('',(#795,#796,#797,#798));
#260=EDGE_LOOP('',(#799,#800,#801,#802,#803));
#261=EDGE_LOOP('',(#804,#805,#806,#807));
#262=EDGE_LOOP('',(#808,#809,#810,#811));
#263=EDGE_LOOP('',(#812,#813,#814,#815,#816,#817));
#264=EDGE_LOOP('',(#818,#819,#820,#821,#822,#823,#824,#825));
#265=EDGE_LOOP('',(#826,#827,#828,#829,#830,#831,#832,#833,#834));
#266=EDGE_LOOP('',(#835,#836,#837,#838,#839));
#267=EDGE_LOOP('',(#840));
#268=EDGE_LOOP('',(#841,#842,#843,#844));
#269=EDGE_LOOP('',(#845,#846,#847,#848,#849));
#270=EDGE_LOOP('',(#850,#851,#852,#853));
#271=EDGE_LOOP('',(#854,#855,#856,#857));
#272=EDGE_LOOP('',(#858,#859,#860,#861));
#273=EDGE_LOOP('',(#862,#863,#864,#865,#866,#867,#868,#869,#870));
#274=EDGE_LOOP('',(#871,#872,#873,#874,#875));
#275=EDGE_LOOP('',(#876));
#276=EDGE_LOOP('',(#877,#878,#879,#880,#881));
#277=EDGE_LOOP('',(#882,#883,#884,#885));
#278=EDGE_LOOP('',(#886,#887,#888,#889));
#279=EDGE_LOOP('',(#890,#891,#892,#893));
#280=EDGE_LOOP('',(#894,#895,#896,#897,#898,#899));
#281=EDGE_LOOP('',(#900,#901,#902,#903,#904,#905,#906,#907,#908));
#282=EDGE_LOOP('',(#909,#910,#911,#912,#913));
#283=EDGE_LOOP('',(#914));
#284=EDGE_LOOP('',(#915,#916,#917,#918));
#285=EDGE_LOOP('',(#919,#920,#921,#922,#923));
#286=EDGE_LOOP('',(#924,#925,#926,#927));
#287=EDGE_LOOP('',(#928,#929,#930,#931));
#288=EDGE_LOOP('',(#932,#933,#934,#935,#936,#937));
#289=EDGE_LOOP('',(#938,#939,#940,#941,#942,#943,#944,#945,#946));
#290=EDGE_LOOP('',(#947,#948,#949,#950,#951));
#291=EDGE_LOOP('',(#952));
#292=EDGE_LOOP('',(#953,#954,#955,#956));
#293=EDGE_LOOP('',(#957,#958,#959,#960));
#294=EDGE_LOOP('',(#961,#962,#963,#964,#965,#966));
#295=EDGE_LOOP('',(#967,#968,#969,#970));
#296=EDGE_LOOP('',(#971,#972,#973,#974));
#297=EDGE_LOOP('',(#975,#976,#977,#978,#979,#980));
#298=EDGE_LOOP('',(#981,#982,#983,#984));
#299=EDGE_LOOP('',(#985,#986,#987,#988));
#300=EDGE_LOOP('',(#989,#990,#991,#992));
#301=EDGE_LOOP('',(#993,#994,#995,#996));
#302=EDGE_LOOP('',(#997,#998,#999,#1000,#1001,#1002));
#303=EDGE_LOOP('',(#1003,#1004,#1005,#1006));
#304=EDGE_LOOP('',(#1007,#1008,#1009,#1010));
#305=EDGE_LOOP('',(#1011,#1012,#1013,#1014));
#306=EDGE_LOOP('',(#1015,#1016,#1017,#1018));
#307=EDGE_LOOP('',(#1019,#1020,#1021,#1022));
#308=EDGE_LOOP('',(#1023,#1024,#1025,#1026));
#309=EDGE_LOOP('',(#1027,#1028,#1029,#1030));
#310=EDGE_LOOP('',(#1031,#1032,#1033,#1034));
#311=EDGE_LOOP('',(#1035,#1036,#1037,#1038));
#312=EDGE_LOOP('',(#1039,#1040,#1041,#1042));
#313=EDGE_LOOP('',(#1043,#1044,#1045,#1046));
#314=EDGE_LOOP('',(#1047,#1048,#1049,#1050));
#315=EDGE_LOOP('',(#1051,#1052,#1053,#1054,#1055,#1056));
#316=EDGE_LOOP('',(#1057,#1058,#1059,#1060));
#317=EDGE_LOOP('',(#1061,#1062,#1063,#1064));
#318=EDGE_LOOP('',(#1065,#1066,#1067,#1068));
#319=EDGE_LOOP('',(#1069,#1070,#1071,#1072));
#320=EDGE_LOOP('',(#1073,#1074,#1075,#1076));
#321=EDGE_LOOP('',(#1077,#1078,#1079,#1080));
#322=EDGE_LOOP('',(#1081,#1082,#1083,#1084));
#323=EDGE_LOOP('',(#1085,#1086,#1087,#1088));
#324=EDGE_LOOP('',(#1089,#1090,#1091,#1092));
#325=EDGE_LOOP('',(#1093,#1094,#1095,#1096));
#326=LINE('',#1672,#397);
#327=LINE('',#1674,#398);
#328=LINE('',#1676,#399);
#329=LINE('',#1677,#400);
#330=LINE('',#1680,#401);
#331=LINE('',#1682,#402);
#332=LINE('',#1683,#403);
#333=LINE('',#1686,#404);
#334=LINE('',#1688,#405);
#335=LINE('',#1689,#406);
#336=LINE('',#1691,#407);
#337=LINE('',#1692,#408);
#338=LINE('',#1696,#409);
#339=LINE('',#1698,#410);
#340=LINE('',#1700,#411);
#341=LINE('',#1701,#412);
#342=LINE('',#1704,#413);
#343=LINE('',#1706,#414);
#344=LINE('',#1707,#415);
#345=LINE('',#1710,#416);
#346=LINE('',#1712,#417);
#347=LINE('',#1713,#418);
#348=LINE('',#1715,#419);
#349=LINE('',#1716,#420);
#350=LINE('',#1720,#421);
#351=LINE('',#1722,#422);
#352=LINE('',#1724,#423);
#353=LINE('',#1725,#424);
#354=LINE('',#1728,#425);
#355=LINE('',#1730,#426);
#356=LINE('',#1731,#427);
#357=LINE('',#1734,#428);
#358=LINE('',#1736,#429);
#359=LINE('',#1737,#430);
#360=LINE('',#1739,#431);
#361=LINE('',#1740,#432);
#362=LINE('',#1886,#433);
#363=LINE('',#1896,#434);
#364=LINE('',#1900,#435);
#365=LINE('',#1904,#436);
#366=LINE('',#1908,#437);
#367=LINE('',#1914,#438);
#368=LINE('',#2092,#439);
#369=LINE('',#2278,#440);
#370=LINE('',#2284,#441);
#371=LINE('',#2455,#442);
#372=LINE('',#2461,#443);
#373=LINE('',#2501,#444);
#374=LINE('',#2506,#445);
#375=LINE('',#2508,#446);
#376=LINE('',#2509,#447);
#377=LINE('',#2512,#448);
#378=LINE('',#2523,#449);
#379=LINE('',#2526,#450);
#380=LINE('',#2527,#451);
#381=LINE('',#2530,#452);
#382=LINE('',#2532,#453);
#383=LINE('',#2547,#454);
#384=LINE('',#2551,#455);
#385=LINE('',#2610,#456);
#386=LINE('',#2668,#457);
#387=LINE('',#2680,#458);
#388=LINE('',#2681,#459);
#389=LINE('',#2689,#460);
#390=LINE('',#2690,#461);
#391=LINE('',#2692,#462);
#392=LINE('',#2694,#463);
#393=LINE('',#2696,#464);
#394=LINE('',#2698,#465);
#395=LINE('',#2701,#466);
#396=LINE('',#2703,#467);
#397=VECTOR('',#1341,10.);
#398=VECTOR('',#1342,10.);
#399=VECTOR('',#1343,10.);
#400=VECTOR('',#1344,10.);
#401=VECTOR('',#1347,10.);
#402=VECTOR('',#1348,10.);
#403=VECTOR('',#1349,10.);
#404=VECTOR('',#1352,10.);
#405=VECTOR('',#1353,10.);
#406=VECTOR('',#1354,10.);
#407=VECTOR('',#1357,10.);
#408=VECTOR('',#1358,10.);
#409=VECTOR('',#1361,10.);
#410=VECTOR('',#1362,10.);
#411=VECTOR('',#1363,10.);
#412=VECTOR('',#1364,10.);
#413=VECTOR('',#1367,10.);
#414=VECTOR('',#1368,10.);
#415=VECTOR('',#1369,10.);
#416=VECTOR('',#1372,10.);
#417=VECTOR('',#1373,10.);
#418=VECTOR('',#1374,10.);
#419=VECTOR('',#1377,10.);
#420=VECTOR('',#1378,10.);
#421=VECTOR('',#1381,10.);
#422=VECTOR('',#1382,10.);
#423=VECTOR('',#1383,10.);
#424=VECTOR('',#1384,10.);
#425=VECTOR('',#1387,10.);
#426=VECTOR('',#1388,10.);
#427=VECTOR('',#1389,10.);
#428=VECTOR('',#1392,10.);
#429=VECTOR('',#1393,10.);
#430=VECTOR('',#1394,10.);
#431=VECTOR('',#1397,10.);
#432=VECTOR('',#1398,10.);
#433=VECTOR('',#1417,10.);
#434=VECTOR('',#1420,10.);
#435=VECTOR('',#1425,10.);
#436=VECTOR('',#1428,10.);
#437=VECTOR('',#1431,10.);
#438=VECTOR('',#1438,1.25);
#439=VECTOR('',#1469,1.25);
#440=VECTOR('',#1494,10.);
#441=VECTOR('',#1501,1.25);
#442=VECTOR('',#1528,10.);
#443=VECTOR('',#1535,1.25);
#444=VECTOR('',#1556,10.);
#445=VECTOR('',#1563,10.);
#446=VECTOR('',#1564,10.);
#447=VECTOR('',#1565,10.);
#448=VECTOR('',#1568,10.);
#449=VECTOR('',#1571,10.);
#450=VECTOR('',#1574,10.);
#451=VECTOR('',#1575,10.);
#452=VECTOR('',#1578,10.);
#453=VECTOR('',#1579,10.);
#454=VECTOR('',#1588,10.);
#455=VECTOR('',#1593,10.);
#456=VECTOR('',#1606,10.);
#457=VECTOR('',#1617,10.);
#458=VECTOR('',#1632,10.);
#459=VECTOR('',#1633,10.);
#460=VECTOR('',#1644,10.);
#461=VECTOR('',#1645,10.);
#462=VECTOR('',#1648,10.);
#463=VECTOR('',#1651,10.);
#464=VECTOR('',#1654,10.);
#465=VECTOR('',#1657,10.);
#466=VECTOR('',#1662,10.);
#467=VECTOR('',#1665,10.);
#468=VERTEX_POINT('',#1670);
#469=VERTEX_POINT('',#1671);
#470=VERTEX_POINT('',#1673);
#471=VERTEX_POINT('',#1675);
#472=VERTEX_POINT('',#1679);
#473=VERTEX_POINT('',#1681);
#474=VERTEX_POINT('',#1685);
#475=VERTEX_POINT('',#1687);
#476=VERTEX_POINT('',#1694);
#477=VERTEX_POINT('',#1695);
#478=VERTEX_POINT('',#1697);
#479=VERTEX_POINT('',#1699);
#480=VERTEX_POINT('',#1703);
#481=VERTEX_POINT('',#1705);
#482=VERTEX_POINT('',#1709);
#483=VERTEX_POINT('',#1711);
#484=VERTEX_POINT('',#1718);
#485=VERTEX_POINT('',#1719);
#486=VERTEX_POINT('',#1721);
#487=VERTEX_POINT('',#1723);
#488=VERTEX_POINT('',#1727);
#489=VERTEX_POINT('',#1729);
#490=VERTEX_POINT('',#1733);
#491=VERTEX_POINT('',#1735);
#492=VERTEX_POINT('',#1781);
#493=VERTEX_POINT('',#1782);
#494=VERTEX_POINT('',#1784);
#495=VERTEX_POINT('',#1793);
#496=VERTEX_POINT('',#1804);
#497=VERTEX_POINT('',#1805);
#498=VERTEX_POINT('',#1807);
#499=VERTEX_POINT('',#1809);
#500=VERTEX_POINT('',#1811);
#501=VERTEX_POINT('',#1885);
#502=VERTEX_POINT('',#1887);
#503=VERTEX_POINT('',#1893);
#504=VERTEX_POINT('',#1895);
#505=VERTEX_POINT('',#1899);
#506=VERTEX_POINT('',#1901);
#507=VERTEX_POINT('',#1903);
#508=VERTEX_POINT('',#1905);
#509=VERTEX_POINT('',#1907);
#510=VERTEX_POINT('',#1911);
#511=VERTEX_POINT('',#1912);
#512=VERTEX_POINT('',#1943);
#513=VERTEX_POINT('',#1948);
#514=VERTEX_POINT('',#1950);
#515=VERTEX_POINT('',#1993);
#516=VERTEX_POINT('',#1995);
#517=VERTEX_POINT('',#2004);
#518=VERTEX_POINT('',#2009);
#519=VERTEX_POINT('',#2085);
#520=VERTEX_POINT('',#2089);
#521=VERTEX_POINT('',#2090);
#522=VERTEX_POINT('',#2121);
#523=VERTEX_POINT('',#2165);
#524=VERTEX_POINT('',#2166);
#525=VERTEX_POINT('',#2168);
#526=VERTEX_POINT('',#2174);
#527=VERTEX_POINT('',#2182);
#528=VERTEX_POINT('',#2193);
#529=VERTEX_POINT('',#2195);
#530=VERTEX_POINT('',#2269);
#531=VERTEX_POINT('',#2275);
#532=VERTEX_POINT('',#2277);
#533=VERTEX_POINT('',#2281);
#534=VERTEX_POINT('',#2282);
#535=VERTEX_POINT('',#2313);
#536=VERTEX_POINT('',#2357);
#537=VERTEX_POINT('',#2359);
#538=VERTEX_POINT('',#2368);
#539=VERTEX_POINT('',#2379);
#540=VERTEX_POINT('',#2381);
#541=VERTEX_POINT('',#2383);
#542=VERTEX_POINT('',#2452);
#543=VERTEX_POINT('',#2454);
#544=VERTEX_POINT('',#2458);
#545=VERTEX_POINT('',#2459);
#546=VERTEX_POINT('',#2490);
#547=VERTEX_POINT('',#2497);
#548=VERTEX_POINT('',#2505);
#549=VERTEX_POINT('',#2507);
#550=VERTEX_POINT('',#2511);
#551=VERTEX_POINT('',#2513);
#552=VERTEX_POINT('',#2515);
#553=VERTEX_POINT('',#2525);
#554=VERTEX_POINT('',#2529);
#555=VERTEX_POINT('',#2531);
#556=VERTEX_POINT('',#2533);
#557=VERTEX_POINT('',#2543);
#558=VERTEX_POINT('',#2545);
#559=VERTEX_POINT('',#2549);
#560=VERTEX_POINT('',#2594);
#561=VERTEX_POINT('',#2604);
#562=VERTEX_POINT('',#2608);
#563=VERTEX_POINT('',#2612);
#564=VERTEX_POINT('',#2657);
#565=VERTEX_POINT('',#2667);
#566=VERTEX_POINT('',#2671);
#567=VERTEX_POINT('',#2672);
#568=VERTEX_POINT('',#2677);
#569=VERTEX_POINT('',#2678);
#570=VERTEX_POINT('',#2683);
#571=VERTEX_POINT('',#2684);
#572=EDGE_CURVE('',#468,#469,#326,.T.);
#573=EDGE_CURVE('',#468,#470,#327,.T.);
#574=EDGE_CURVE('',#471,#470,#328,.T.);
#575=EDGE_CURVE('',#469,#471,#329,.T.);
#576=EDGE_CURVE('',#472,#468,#330,.T.);
#577=EDGE_CURVE('',#472,#473,#331,.T.);
#578=EDGE_CURVE('',#470,#473,#332,.T.);
#579=EDGE_CURVE('',#474,#472,#333,.T.);
#580=EDGE_CURVE('',#474,#475,#334,.T.);
#581=EDGE_CURVE('',#473,#475,#335,.T.);
#582=EDGE_CURVE('',#469,#474,#336,.T.);
#583=EDGE_CURVE('',#475,#471,#337,.T.);
#584=EDGE_CURVE('',#476,#477,#338,.T.);
#585=EDGE_CURVE('',#476,#478,#339,.T.);
#586=EDGE_CURVE('',#479,#478,#340,.T.);
#587=EDGE_CURVE('',#477,#479,#341,.T.);
#588=EDGE_CURVE('',#480,#476,#342,.T.);
#589=EDGE_CURVE('',#480,#481,#343,.T.);
#590=EDGE_CURVE('',#478,#481,#344,.T.);
#591=EDGE_CURVE('',#482,#480,#345,.T.);
#592=EDGE_CURVE('',#482,#483,#346,.T.);
#593=EDGE_CURVE('',#481,#483,#347,.T.);
#594=EDGE_CURVE('',#477,#482,#348,.T.);
#595=EDGE_CURVE('',#483,#479,#349,.T.);
#596=EDGE_CURVE('',#484,#485,#350,.T.);
#597=EDGE_CURVE('',#484,#486,#351,.T.);
#598=EDGE_CURVE('',#487,#486,#352,.T.);
#599=EDGE_CURVE('',#485,#487,#353,.T.);
#600=EDGE_CURVE('',#488,#484,#354,.T.);
#601=EDGE_CURVE('',#488,#489,#355,.T.);
#602=EDGE_CURVE('',#486,#489,#356,.T.);
#603=EDGE_CURVE('',#490,#488,#357,.T.);
#604=EDGE_CURVE('',#490,#491,#358,.T.);
#605=EDGE_CURVE('',#489,#491,#359,.T.);
#606=EDGE_CURVE('',#485,#490,#360,.T.);
#607=EDGE_CURVE('',#491,#487,#361,.T.);
#608=EDGE_CURVE('',#492,#493,#88,.T.);
#609=EDGE_CURVE('',#493,#494,#58,.T.);
#610=EDGE_CURVE('',#494,#495,#89,.T.);
#611=EDGE_CURVE('',#495,#492,#59,.T.);
#612=EDGE_CURVE('',#496,#497,#90,.T.);
#613=EDGE_CURVE('',#497,#498,#91,.T.);
#614=EDGE_CURVE('',#498,#499,#92,.T.);
#615=EDGE_CURVE('',#499,#500,#93,.T.);
#616=EDGE_CURVE('',#500,#496,#94,.T.);
#617=EDGE_CURVE('',#496,#495,#60,.T.);
#618=EDGE_CURVE('',#494,#497,#61,.T.);
#619=EDGE_CURVE('',#492,#500,#62,.T.);
#620=EDGE_CURVE('',#499,#493,#63,.T.);
#621=EDGE_CURVE('',#496,#501,#362,.T.);
#622=EDGE_CURVE('',#502,#501,#64,.T.);
#623=EDGE_CURVE('',#503,#502,#95,.T.);
#624=EDGE_CURVE('',#503,#504,#363,.T.);
#625=EDGE_CURVE('',#504,#495,#96,.T.);
#626=EDGE_CURVE('',#505,#500,#364,.T.);
#627=EDGE_CURVE('',#506,#505,#97,.T.);
#628=EDGE_CURVE('',#507,#506,#365,.T.);
#629=EDGE_CURVE('',#508,#507,#98,.T.);
#630=EDGE_CURVE('',#509,#508,#366,.T.);
#631=EDGE_CURVE('',#501,#509,#99,.T.);
#632=EDGE_CURVE('',#510,#511,#100,.T.);
#633=EDGE_CURVE('',#510,#498,#367,.T.);
#634=EDGE_CURVE('',#511,#510,#101,.T.);
#635=EDGE_CURVE('',#512,#512,#102,.T.);
#636=EDGE_CURVE('',#512,#511,#103,.T.);
#637=EDGE_CURVE('',#509,#513,#104,.T.);
#638=EDGE_CURVE('',#513,#514,#105,.T.);
#639=EDGE_CURVE('',#514,#501,#106,.T.);
#640=EDGE_CURVE('',#502,#515,#107,.T.);
#641=EDGE_CURVE('',#515,#516,#65,.T.);
#642=EDGE_CURVE('',#516,#517,#66,.T.);
#643=EDGE_CURVE('',#517,#518,#108,.T.);
#644=EDGE_CURVE('',#518,#502,#67,.T.);
#645=EDGE_CURVE('',#517,#513,#68,.T.);
#646=EDGE_CURVE('',#509,#518,#69,.T.);
#647=EDGE_CURVE('',#514,#515,#70,.T.);
#648=EDGE_CURVE('',#519,#518,#109,.T.);
#649=EDGE_CURVE('',#519,#503,#110,.T.);
#650=EDGE_CURVE('',#520,#521,#111,.T.);
#651=EDGE_CURVE('',#520,#516,#368,.T.);
#652=EDGE_CURVE('',#521,#520,#112,.T.);
#653=EDGE_CURVE('',#522,#522,#113,.T.);
#654=EDGE_CURVE('',#522,#521,#114,.T.);
#655=EDGE_CURVE('',#523,#524,#115,.T.);
#656=EDGE_CURVE('',#524,#525,#71,.T.);
#657=EDGE_CURVE('',#525,#526,#72,.T.);
#658=EDGE_CURVE('',#526,#527,#116,.T.);
#659=EDGE_CURVE('',#527,#523,#73,.T.);
#660=EDGE_CURVE('',#507,#528,#117,.T.);
#661=EDGE_CURVE('',#528,#529,#118,.T.);
#662=EDGE_CURVE('',#529,#508,#119,.T.);
#663=EDGE_CURVE('',#507,#527,#74,.T.);
#664=EDGE_CURVE('',#526,#528,#75,.T.);
#665=EDGE_CURVE('',#523,#508,#76,.T.);
#666=EDGE_CURVE('',#529,#524,#77,.T.);
#667=EDGE_CURVE('',#530,#506,#78,.T.);
#668=EDGE_CURVE('',#531,#530,#120,.T.);
#669=EDGE_CURVE('',#531,#532,#369,.T.);
#670=EDGE_CURVE('',#532,#527,#121,.T.);
#671=EDGE_CURVE('',#533,#534,#122,.T.);
#672=EDGE_CURVE('',#533,#525,#370,.T.);
#673=EDGE_CURVE('',#534,#533,#123,.T.);
#674=EDGE_CURVE('',#535,#535,#124,.T.);
#675=EDGE_CURVE('',#535,#534,#125,.T.);
#676=EDGE_CURVE('',#530,#536,#126,.T.);
#677=EDGE_CURVE('',#536,#537,#79,.T.);
#678=EDGE_CURVE('',#537,#538,#127,.T.);
#679=EDGE_CURVE('',#538,#530,#80,.T.);
#680=EDGE_CURVE('',#505,#539,#128,.T.);
#681=EDGE_CURVE('',#539,#540,#129,.T.);
#682=EDGE_CURVE('',#540,#541,#130,.T.);
#683=EDGE_CURVE('',#541,#506,#131,.T.);
#684=EDGE_CURVE('',#505,#538,#81,.T.);
#685=EDGE_CURVE('',#537,#539,#82,.T.);
#686=EDGE_CURVE('',#541,#536,#83,.T.);
#687=EDGE_CURVE('',#542,#492,#132,.T.);
#688=EDGE_CURVE('',#542,#543,#371,.T.);
#689=EDGE_CURVE('',#538,#543,#133,.T.);
#690=EDGE_CURVE('',#544,#545,#134,.T.);
#691=EDGE_CURVE('',#544,#540,#372,.T.);
#692=EDGE_CURVE('',#545,#544,#135,.T.);
#693=EDGE_CURVE('',#546,#546,#136,.T.);
#694=EDGE_CURVE('',#546,#545,#137,.T.);
#695=EDGE_CURVE('',#543,#531,#138,.T.);
#696=EDGE_CURVE('',#532,#547,#139,.T.);
#697=EDGE_CURVE('',#547,#523,#140,.T.);
#698=EDGE_CURVE('',#547,#519,#373,.T.);
#699=EDGE_CURVE('',#504,#542,#141,.T.);
#700=EDGE_CURVE('',#548,#547,#374,.T.);
#701=EDGE_CURVE('',#549,#548,#375,.T.);
#702=EDGE_CURVE('',#549,#519,#376,.T.);
#703=EDGE_CURVE('',#532,#550,#377,.T.);
#704=EDGE_CURVE('',#551,#550,#142,.T.);
#705=EDGE_CURVE('',#552,#551,#84,.T.);
#706=EDGE_CURVE('',#552,#548,#378,.T.);
#707=EDGE_CURVE('',#553,#531,#379,.T.);
#708=EDGE_CURVE('',#550,#553,#380,.T.);
#709=EDGE_CURVE('',#554,#543,#381,.T.);
#710=EDGE_CURVE('',#555,#554,#382,.T.);
#711=EDGE_CURVE('',#556,#555,#85,.T.);
#712=EDGE_CURVE('',#553,#556,#143,.T.);
#713=EDGE_CURVE('',#557,#549,#144,.T.);
#714=EDGE_CURVE('',#548,#558,#15,.T.);
#715=EDGE_CURVE('',#558,#557,#383,.T.);
#716=EDGE_CURVE('',#552,#559,#145,.T.);
#717=EDGE_CURVE('',#559,#558,#384,.T.);
#718=EDGE_CURVE('',#551,#560,#146,.T.);
#719=EDGE_CURVE('',#560,#559,#86,.T.);
#720=EDGE_CURVE('',#550,#561,#147,.T.);
#721=EDGE_CURVE('',#561,#560,#148,.T.);
#722=EDGE_CURVE('',#553,#562,#149,.T.);
#723=EDGE_CURVE('',#562,#561,#385,.T.);
#724=EDGE_CURVE('',#556,#563,#150,.T.);
#725=EDGE_CURVE('',#563,#562,#151,.T.);
#726=EDGE_CURVE('',#555,#564,#152,.T.);
#727=EDGE_CURVE('',#564,#563,#87,.T.);
#728=EDGE_CURVE('',#565,#564,#386,.T.);
#729=EDGE_CURVE('',#554,#565,#16,.T.);
#730=EDGE_CURVE('',#566,#567,#153,.T.);
#731=EDGE_CURVE('',#567,#549,#154,.T.);
#732=EDGE_CURVE('',#557,#566,#155,.T.);
#733=EDGE_CURVE('',#568,#569,#156,.T.);
#734=EDGE_CURVE('',#569,#567,#387,.T.);
#735=EDGE_CURVE('',#566,#568,#388,.T.);
#736=EDGE_CURVE('',#570,#571,#157,.T.);
#737=EDGE_CURVE('',#571,#569,#158,.T.);
#738=EDGE_CURVE('',#568,#570,#159,.T.);
#739=EDGE_CURVE('',#554,#571,#389,.T.);
#740=EDGE_CURVE('',#570,#565,#390,.T.);
#741=EDGE_CURVE('',#558,#565,#391,.T.);
#742=EDGE_CURVE('',#564,#559,#392,.T.);
#743=EDGE_CURVE('',#560,#563,#393,.T.);
#744=EDGE_CURVE('',#571,#542,#394,.T.);
#745=EDGE_CURVE('',#569,#504,#395,.T.);
#746=EDGE_CURVE('',#567,#503,#396,.T.);
#747=ORIENTED_EDGE('',*,*,#572,.F.);
#748=ORIENTED_EDGE('',*,*,#573,.T.);
#749=ORIENTED_EDGE('',*,*,#574,.F.);
#750=ORIENTED_EDGE('',*,*,#575,.F.);
#751=ORIENTED_EDGE('',*,*,#576,.F.);
#752=ORIENTED_EDGE('',*,*,#577,.T.);
#753=ORIENTED_EDGE('',*,*,#578,.F.);
#754=ORIENTED_EDGE('',*,*,#573,.F.);
#755=ORIENTED_EDGE('',*,*,#579,.F.);
#756=ORIENTED_EDGE('',*,*,#580,.T.);
#757=ORIENTED_EDGE('',*,*,#581,.F.);
#758=ORIENTED_EDGE('',*,*,#577,.F.);
#759=ORIENTED_EDGE('',*,*,#582,.F.);
#760=ORIENTED_EDGE('',*,*,#575,.T.);
#761=ORIENTED_EDGE('',*,*,#583,.F.);
#762=ORIENTED_EDGE('',*,*,#580,.F.);
#763=ORIENTED_EDGE('',*,*,#584,.F.);
#764=ORIENTED_EDGE('',*,*,#585,.T.);
#765=ORIENTED_EDGE('',*,*,#586,.F.);
#766=ORIENTED_EDGE('',*,*,#587,.F.);
#767=ORIENTED_EDGE('',*,*,#588,.F.);
#768=ORIENTED_EDGE('',*,*,#589,.T.);
#769=ORIENTED_EDGE('',*,*,#590,.F.);
#770=ORIENTED_EDGE('',*,*,#585,.F.);
#771=ORIENTED_EDGE('',*,*,#591,.F.);
#772=ORIENTED_EDGE('',*,*,#592,.T.);
#773=ORIENTED_EDGE('',*,*,#593,.F.);
#774=ORIENTED_EDGE('',*,*,#589,.F.);
#775=ORIENTED_EDGE('',*,*,#594,.F.);
#776=ORIENTED_EDGE('',*,*,#587,.T.);
#777=ORIENTED_EDGE('',*,*,#595,.F.);
#778=ORIENTED_EDGE('',*,*,#592,.F.);
#779=ORIENTED_EDGE('',*,*,#596,.F.);
#780=ORIENTED_EDGE('',*,*,#597,.T.);
#781=ORIENTED_EDGE('',*,*,#598,.F.);
#782=ORIENTED_EDGE('',*,*,#599,.F.);
#783=ORIENTED_EDGE('',*,*,#600,.F.);
#784=ORIENTED_EDGE('',*,*,#601,.T.);
#785=ORIENTED_EDGE('',*,*,#602,.F.);
#786=ORIENTED_EDGE('',*,*,#597,.F.);
#787=ORIENTED_EDGE('',*,*,#603,.F.);
#788=ORIENTED_EDGE('',*,*,#604,.T.);
#789=ORIENTED_EDGE('',*,*,#605,.F.);
#790=ORIENTED_EDGE('',*,*,#601,.F.);
#791=ORIENTED_EDGE('',*,*,#606,.F.);
#792=ORIENTED_EDGE('',*,*,#599,.T.);
#793=ORIENTED_EDGE('',*,*,#607,.F.);
#794=ORIENTED_EDGE('',*,*,#604,.F.);
#795=ORIENTED_EDGE('',*,*,#608,.T.);
#796=ORIENTED_EDGE('',*,*,#609,.T.);
#797=ORIENTED_EDGE('',*,*,#610,.T.);
#798=ORIENTED_EDGE('',*,*,#611,.T.);
#799=ORIENTED_EDGE('',*,*,#612,.T.);
#800=ORIENTED_EDGE('',*,*,#613,.T.);
#801=ORIENTED_EDGE('',*,*,#614,.T.);
#802=ORIENTED_EDGE('',*,*,#615,.T.);
#803=ORIENTED_EDGE('',*,*,#616,.T.);
#804=ORIENTED_EDGE('',*,*,#612,.F.);
#805=ORIENTED_EDGE('',*,*,#617,.T.);
#806=ORIENTED_EDGE('',*,*,#610,.F.);
#807=ORIENTED_EDGE('',*,*,#618,.T.);
#808=ORIENTED_EDGE('',*,*,#608,.F.);
#809=ORIENTED_EDGE('',*,*,#619,.T.);
#810=ORIENTED_EDGE('',*,*,#615,.F.);
#811=ORIENTED_EDGE('',*,*,#620,.T.);
#812=ORIENTED_EDGE('',*,*,#617,.F.);
#813=ORIENTED_EDGE('',*,*,#621,.T.);
#814=ORIENTED_EDGE('',*,*,#622,.F.);
#815=ORIENTED_EDGE('',*,*,#623,.F.);
#816=ORIENTED_EDGE('',*,*,#624,.T.);
#817=ORIENTED_EDGE('',*,*,#625,.T.);
#818=ORIENTED_EDGE('',*,*,#616,.F.);
#819=ORIENTED_EDGE('',*,*,#626,.F.);
#820=ORIENTED_EDGE('',*,*,#627,.F.);
#821=ORIENTED_EDGE('',*,*,#628,.F.);
#822=ORIENTED_EDGE('',*,*,#629,.F.);
#823=ORIENTED_EDGE('',*,*,#630,.F.);
#824=ORIENTED_EDGE('',*,*,#631,.F.);
#825=ORIENTED_EDGE('',*,*,#621,.F.);
#826=ORIENTED_EDGE('',*,*,#632,.F.);
#827=ORIENTED_EDGE('',*,*,#633,.T.);
#828=ORIENTED_EDGE('',*,*,#613,.F.);
#829=ORIENTED_EDGE('',*,*,#618,.F.);
#830=ORIENTED_EDGE('',*,*,#609,.F.);
#831=ORIENTED_EDGE('',*,*,#620,.F.);
#832=ORIENTED_EDGE('',*,*,#614,.F.);
#833=ORIENTED_EDGE('',*,*,#633,.F.);
#834=ORIENTED_EDGE('',*,*,#634,.F.);
#835=ORIENTED_EDGE('',*,*,#635,.T.);
#836=ORIENTED_EDGE('',*,*,#636,.T.);
#837=ORIENTED_EDGE('',*,*,#634,.T.);
#838=ORIENTED_EDGE('',*,*,#632,.T.);
#839=ORIENTED_EDGE('',*,*,#636,.F.);
#840=ORIENTED_EDGE('',*,*,#635,.F.);
#841=ORIENTED_EDGE('',*,*,#637,.T.);
#842=ORIENTED_EDGE('',*,*,#638,.T.);
#843=ORIENTED_EDGE('',*,*,#639,.T.);
#844=ORIENTED_EDGE('',*,*,#631,.T.);
#845=ORIENTED_EDGE('',*,*,#640,.T.);
#846=ORIENTED_EDGE('',*,*,#641,.T.);
#847=ORIENTED_EDGE('',*,*,#642,.T.);
#848=ORIENTED_EDGE('',*,*,#643,.T.);
#849=ORIENTED_EDGE('',*,*,#644,.T.);
#850=ORIENTED_EDGE('',*,*,#643,.F.);
#851=ORIENTED_EDGE('',*,*,#645,.T.);
#852=ORIENTED_EDGE('',*,*,#637,.F.);
#853=ORIENTED_EDGE('',*,*,#646,.T.);
#854=ORIENTED_EDGE('',*,*,#639,.F.);
#855=ORIENTED_EDGE('',*,*,#647,.T.);
#856=ORIENTED_EDGE('',*,*,#640,.F.);
#857=ORIENTED_EDGE('',*,*,#622,.T.);
#858=ORIENTED_EDGE('',*,*,#644,.F.);
#859=ORIENTED_EDGE('',*,*,#648,.F.);
#860=ORIENTED_EDGE('',*,*,#649,.T.);
#861=ORIENTED_EDGE('',*,*,#623,.T.);
#862=ORIENTED_EDGE('',*,*,#650,.F.);
#863=ORIENTED_EDGE('',*,*,#651,.T.);
#864=ORIENTED_EDGE('',*,*,#641,.F.);
#865=ORIENTED_EDGE('',*,*,#647,.F.);
#866=ORIENTED_EDGE('',*,*,#638,.F.);
#867=ORIENTED_EDGE('',*,*,#645,.F.);
#868=ORIENTED_EDGE('',*,*,#642,.F.);
#869=ORIENTED_EDGE('',*,*,#651,.F.);
#870=ORIENTED_EDGE('',*,*,#652,.F.);
#871=ORIENTED_EDGE('',*,*,#653,.T.);
#872=ORIENTED_EDGE('',*,*,#654,.T.);
#873=ORIENTED_EDGE('',*,*,#652,.T.);
#874=ORIENTED_EDGE('',*,*,#650,.T.);
#875=ORIENTED_EDGE('',*,*,#654,.F.);
#876=ORIENTED_EDGE('',*,*,#653,.F.);
#877=ORIENTED_EDGE('',*,*,#655,.T.);
#878=ORIENTED_EDGE('',*,*,#656,.T.);
#879=ORIENTED_EDGE('',*,*,#657,.T.);
#880=ORIENTED_EDGE('',*,*,#658,.T.);
#881=ORIENTED_EDGE('',*,*,#659,.T.);
#882=ORIENTED_EDGE('',*,*,#660,.T.);
#883=ORIENTED_EDGE('',*,*,#661,.T.);
#884=ORIENTED_EDGE('',*,*,#662,.T.);
#885=ORIENTED_EDGE('',*,*,#629,.T.);
#886=ORIENTED_EDGE('',*,*,#660,.F.);
#887=ORIENTED_EDGE('',*,*,#663,.T.);
#888=ORIENTED_EDGE('',*,*,#658,.F.);
#889=ORIENTED_EDGE('',*,*,#664,.T.);
#890=ORIENTED_EDGE('',*,*,#655,.F.);
#891=ORIENTED_EDGE('',*,*,#665,.T.);
#892=ORIENTED_EDGE('',*,*,#662,.F.);
#893=ORIENTED_EDGE('',*,*,#666,.T.);
#894=ORIENTED_EDGE('',*,*,#663,.F.);
#895=ORIENTED_EDGE('',*,*,#628,.T.);
#896=ORIENTED_EDGE('',*,*,#667,.F.);
#897=ORIENTED_EDGE('',*,*,#668,.F.);
#898=ORIENTED_EDGE('',*,*,#669,.T.);
#899=ORIENTED_EDGE('',*,*,#670,.T.);
#900=ORIENTED_EDGE('',*,*,#671,.F.);
#901=ORIENTED_EDGE('',*,*,#672,.T.);
#902=ORIENTED_EDGE('',*,*,#656,.F.);
#903=ORIENTED_EDGE('',*,*,#666,.F.);
#904=ORIENTED_EDGE('',*,*,#661,.F.);
#905=ORIENTED_EDGE('',*,*,#664,.F.);
#906=ORIENTED_EDGE('',*,*,#657,.F.);
#907=ORIENTED_EDGE('',*,*,#672,.F.);
#908=ORIENTED_EDGE('',*,*,#673,.F.);
#909=ORIENTED_EDGE('',*,*,#674,.T.);
#910=ORIENTED_EDGE('',*,*,#675,.T.);
#911=ORIENTED_EDGE('',*,*,#673,.T.);
#912=ORIENTED_EDGE('',*,*,#671,.T.);
#913=ORIENTED_EDGE('',*,*,#675,.F.);
#914=ORIENTED_EDGE('',*,*,#674,.F.);
#915=ORIENTED_EDGE('',*,*,#676,.T.);
#916=ORIENTED_EDGE('',*,*,#677,.T.);
#917=ORIENTED_EDGE('',*,*,#678,.T.);
#918=ORIENTED_EDGE('',*,*,#679,.T.);
#919=ORIENTED_EDGE('',*,*,#680,.T.);
#920=ORIENTED_EDGE('',*,*,#681,.T.);
#921=ORIENTED_EDGE('',*,*,#682,.T.);
#922=ORIENTED_EDGE('',*,*,#683,.T.);
#923=ORIENTED_EDGE('',*,*,#627,.T.);
#924=ORIENTED_EDGE('',*,*,#680,.F.);
#925=ORIENTED_EDGE('',*,*,#684,.T.);
#926=ORIENTED_EDGE('',*,*,#678,.F.);
#927=ORIENTED_EDGE('',*,*,#685,.T.);
#928=ORIENTED_EDGE('',*,*,#676,.F.);
#929=ORIENTED_EDGE('',*,*,#667,.T.);
#930=ORIENTED_EDGE('',*,*,#683,.F.);
#931=ORIENTED_EDGE('',*,*,#686,.T.);
#932=ORIENTED_EDGE('',*,*,#619,.F.);
#933=ORIENTED_EDGE('',*,*,#687,.F.);
#934=ORIENTED_EDGE('',*,*,#688,.T.);
#935=ORIENTED_EDGE('',*,*,#689,.F.);
#936=ORIENTED_EDGE('',*,*,#684,.F.);
#937=ORIENTED_EDGE('',*,*,#626,.T.);
#938=ORIENTED_EDGE('',*,*,#690,.F.);
#939=ORIENTED_EDGE('',*,*,#691,.T.);
#940=ORIENTED_EDGE('',*,*,#681,.F.);
#941=ORIENTED_EDGE('',*,*,#685,.F.);
#942=ORIENTED_EDGE('',*,*,#677,.F.);
#943=ORIENTED_EDGE('',*,*,#686,.F.);
#944=ORIENTED_EDGE('',*,*,#682,.F.);
#945=ORIENTED_EDGE('',*,*,#691,.F.);
#946=ORIENTED_EDGE('',*,*,#692,.F.);
#947=ORIENTED_EDGE('',*,*,#693,.T.);
#948=ORIENTED_EDGE('',*,*,#694,.T.);
#949=ORIENTED_EDGE('',*,*,#692,.T.);
#950=ORIENTED_EDGE('',*,*,#690,.T.);
#951=ORIENTED_EDGE('',*,*,#694,.F.);
#952=ORIENTED_EDGE('',*,*,#693,.F.);
#953=ORIENTED_EDGE('',*,*,#679,.F.);
#954=ORIENTED_EDGE('',*,*,#689,.T.);
#955=ORIENTED_EDGE('',*,*,#695,.T.);
#956=ORIENTED_EDGE('',*,*,#668,.T.);
#957=ORIENTED_EDGE('',*,*,#659,.F.);
#958=ORIENTED_EDGE('',*,*,#670,.F.);
#959=ORIENTED_EDGE('',*,*,#696,.T.);
#960=ORIENTED_EDGE('',*,*,#697,.T.);
#961=ORIENTED_EDGE('',*,*,#646,.F.);
#962=ORIENTED_EDGE('',*,*,#630,.T.);
#963=ORIENTED_EDGE('',*,*,#665,.F.);
#964=ORIENTED_EDGE('',*,*,#697,.F.);
#965=ORIENTED_EDGE('',*,*,#698,.T.);
#966=ORIENTED_EDGE('',*,*,#648,.T.);
#967=ORIENTED_EDGE('',*,*,#611,.F.);
#968=ORIENTED_EDGE('',*,*,#625,.F.);
#969=ORIENTED_EDGE('',*,*,#699,.T.);
#970=ORIENTED_EDGE('',*,*,#687,.T.);
#971=ORIENTED_EDGE('',*,*,#698,.F.);
#972=ORIENTED_EDGE('',*,*,#700,.F.);
#973=ORIENTED_EDGE('',*,*,#701,.F.);
#974=ORIENTED_EDGE('',*,*,#702,.T.);
#975=ORIENTED_EDGE('',*,*,#696,.F.);
#976=ORIENTED_EDGE('',*,*,#703,.T.);
#977=ORIENTED_EDGE('',*,*,#704,.F.);
#978=ORIENTED_EDGE('',*,*,#705,.F.);
#979=ORIENTED_EDGE('',*,*,#706,.T.);
#980=ORIENTED_EDGE('',*,*,#700,.T.);
#981=ORIENTED_EDGE('',*,*,#669,.F.);
#982=ORIENTED_EDGE('',*,*,#707,.F.);
#983=ORIENTED_EDGE('',*,*,#708,.F.);
#984=ORIENTED_EDGE('',*,*,#703,.F.);
#985=ORIENTED_EDGE('',*,*,#574,.T.);
#986=ORIENTED_EDGE('',*,*,#578,.T.);
#987=ORIENTED_EDGE('',*,*,#581,.T.);
#988=ORIENTED_EDGE('',*,*,#583,.T.);
#989=ORIENTED_EDGE('',*,*,#586,.T.);
#990=ORIENTED_EDGE('',*,*,#590,.T.);
#991=ORIENTED_EDGE('',*,*,#593,.T.);
#992=ORIENTED_EDGE('',*,*,#595,.T.);
#993=ORIENTED_EDGE('',*,*,#598,.T.);
#994=ORIENTED_EDGE('',*,*,#602,.T.);
#995=ORIENTED_EDGE('',*,*,#605,.T.);
#996=ORIENTED_EDGE('',*,*,#607,.T.);
#997=ORIENTED_EDGE('',*,*,#695,.F.);
#998=ORIENTED_EDGE('',*,*,#709,.F.);
#999=ORIENTED_EDGE('',*,*,#710,.F.);
#1000=ORIENTED_EDGE('',*,*,#711,.F.);
#1001=ORIENTED_EDGE('',*,*,#712,.F.);
#1002=ORIENTED_EDGE('',*,*,#707,.T.);
#1003=ORIENTED_EDGE('',*,*,#713,.T.);
#1004=ORIENTED_EDGE('',*,*,#701,.T.);
#1005=ORIENTED_EDGE('',*,*,#714,.T.);
#1006=ORIENTED_EDGE('',*,*,#715,.T.);
#1007=ORIENTED_EDGE('',*,*,#706,.F.);
#1008=ORIENTED_EDGE('',*,*,#716,.T.);
#1009=ORIENTED_EDGE('',*,*,#717,.T.);
#1010=ORIENTED_EDGE('',*,*,#714,.F.);
#1011=ORIENTED_EDGE('',*,*,#716,.F.);
#1012=ORIENTED_EDGE('',*,*,#705,.T.);
#1013=ORIENTED_EDGE('',*,*,#718,.T.);
#1014=ORIENTED_EDGE('',*,*,#719,.T.);
#1015=ORIENTED_EDGE('',*,*,#720,.T.);
#1016=ORIENTED_EDGE('',*,*,#721,.T.);
#1017=ORIENTED_EDGE('',*,*,#718,.F.);
#1018=ORIENTED_EDGE('',*,*,#704,.T.);
#1019=ORIENTED_EDGE('',*,*,#722,.T.);
#1020=ORIENTED_EDGE('',*,*,#723,.T.);
#1021=ORIENTED_EDGE('',*,*,#720,.F.);
#1022=ORIENTED_EDGE('',*,*,#708,.T.);
#1023=ORIENTED_EDGE('',*,*,#724,.T.);
#1024=ORIENTED_EDGE('',*,*,#725,.T.);
#1025=ORIENTED_EDGE('',*,*,#722,.F.);
#1026=ORIENTED_EDGE('',*,*,#712,.T.);
#1027=ORIENTED_EDGE('',*,*,#726,.T.);
#1028=ORIENTED_EDGE('',*,*,#727,.T.);
#1029=ORIENTED_EDGE('',*,*,#724,.F.);
#1030=ORIENTED_EDGE('',*,*,#711,.T.);
#1031=ORIENTED_EDGE('',*,*,#728,.T.);
#1032=ORIENTED_EDGE('',*,*,#726,.F.);
#1033=ORIENTED_EDGE('',*,*,#710,.T.);
#1034=ORIENTED_EDGE('',*,*,#729,.T.);
#1035=ORIENTED_EDGE('',*,*,#730,.T.);
#1036=ORIENTED_EDGE('',*,*,#731,.T.);
#1037=ORIENTED_EDGE('',*,*,#713,.F.);
#1038=ORIENTED_EDGE('',*,*,#732,.T.);
#1039=ORIENTED_EDGE('',*,*,#733,.T.);
#1040=ORIENTED_EDGE('',*,*,#734,.T.);
#1041=ORIENTED_EDGE('',*,*,#730,.F.);
#1042=ORIENTED_EDGE('',*,*,#735,.T.);
#1043=ORIENTED_EDGE('',*,*,#736,.T.);
#1044=ORIENTED_EDGE('',*,*,#737,.T.);
#1045=ORIENTED_EDGE('',*,*,#733,.F.);
#1046=ORIENTED_EDGE('',*,*,#738,.T.);
#1047=ORIENTED_EDGE('',*,*,#739,.T.);
#1048=ORIENTED_EDGE('',*,*,#736,.F.);
#1049=ORIENTED_EDGE('',*,*,#740,.T.);
#1050=ORIENTED_EDGE('',*,*,#729,.F.);
#1051=ORIENTED_EDGE('',*,*,#740,.F.);
#1052=ORIENTED_EDGE('',*,*,#738,.F.);
#1053=ORIENTED_EDGE('',*,*,#735,.F.);
#1054=ORIENTED_EDGE('',*,*,#732,.F.);
#1055=ORIENTED_EDGE('',*,*,#715,.F.);
#1056=ORIENTED_EDGE('',*,*,#741,.T.);
#1057=ORIENTED_EDGE('',*,*,#728,.F.);
#1058=ORIENTED_EDGE('',*,*,#741,.F.);
#1059=ORIENTED_EDGE('',*,*,#717,.F.);
#1060=ORIENTED_EDGE('',*,*,#742,.F.);
#1061=ORIENTED_EDGE('',*,*,#572,.T.);
#1062=ORIENTED_EDGE('',*,*,#582,.T.);
#1063=ORIENTED_EDGE('',*,*,#579,.T.);
#1064=ORIENTED_EDGE('',*,*,#576,.T.);
#1065=ORIENTED_EDGE('',*,*,#584,.T.);
#1066=ORIENTED_EDGE('',*,*,#594,.T.);
#1067=ORIENTED_EDGE('',*,*,#591,.T.);
#1068=ORIENTED_EDGE('',*,*,#588,.T.);
#1069=ORIENTED_EDGE('',*,*,#596,.T.);
#1070=ORIENTED_EDGE('',*,*,#606,.T.);
#1071=ORIENTED_EDGE('',*,*,#603,.T.);
#1072=ORIENTED_EDGE('',*,*,#600,.T.);
#1073=ORIENTED_EDGE('',*,*,#727,.F.);
#1074=ORIENTED_EDGE('',*,*,#742,.T.);
#1075=ORIENTED_EDGE('',*,*,#719,.F.);
#1076=ORIENTED_EDGE('',*,*,#743,.T.);
#1077=ORIENTED_EDGE('',*,*,#688,.F.);
#1078=ORIENTED_EDGE('',*,*,#744,.F.);
#1079=ORIENTED_EDGE('',*,*,#739,.F.);
#1080=ORIENTED_EDGE('',*,*,#709,.T.);
#1081=ORIENTED_EDGE('',*,*,#725,.F.);
#1082=ORIENTED_EDGE('',*,*,#743,.F.);
#1083=ORIENTED_EDGE('',*,*,#721,.F.);
#1084=ORIENTED_EDGE('',*,*,#723,.F.);
#1085=ORIENTED_EDGE('',*,*,#699,.F.);
#1086=ORIENTED_EDGE('',*,*,#745,.F.);
#1087=ORIENTED_EDGE('',*,*,#737,.F.);
#1088=ORIENTED_EDGE('',*,*,#744,.T.);
#1089=ORIENTED_EDGE('',*,*,#624,.F.);
#1090=ORIENTED_EDGE('',*,*,#746,.F.);
#1091=ORIENTED_EDGE('',*,*,#734,.F.);
#1092=ORIENTED_EDGE('',*,*,#745,.T.);
#1093=ORIENTED_EDGE('',*,*,#649,.F.);
#1094=ORIENTED_EDGE('',*,*,#702,.F.);
#1095=ORIENTED_EDGE('',*,*,#731,.F.);
#1096=ORIENTED_EDGE('',*,*,#746,.T.);
#1097=PLANE('',#1208);
#1098=PLANE('',#1209);
#1099=PLANE('',#1210);
#1100=PLANE('',#1211);
#1101=PLANE('',#1212);
#1102=PLANE('',#1213);
#1103=PLANE('',#1214);
#1104=PLANE('',#1215);
#1105=PLANE('',#1216);
#1106=PLANE('',#1217);
#1107=PLANE('',#1218);
#1108=PLANE('',#1219);
#1109=PLANE('',#1231);
#1110=PLANE('',#1240);
#1111=PLANE('',#1255);
#1112=PLANE('',#1270);
#1113=PLANE('',#1286);
#1114=PLANE('',#1295);
#1115=PLANE('',#1298);
#1116=PLANE('',#1329);
#1117=PLANE('',#1330);
#1118=PLANE('',#1332);
#1119=PLANE('',#1333);
#1120=PLANE('',#1335);
#1121=ADVANCED_FACE('',(#174),#1097,.F.);
#1122=ADVANCED_FACE('',(#175),#1098,.F.);
#1123=ADVANCED_FACE('',(#176),#1099,.F.);
#1124=ADVANCED_FACE('',(#177),#1100,.F.);
#1125=ADVANCED_FACE('',(#178),#1101,.F.);
#1126=ADVANCED_FACE('',(#179),#1102,.F.);
#1127=ADVANCED_FACE('',(#180),#1103,.F.);
#1128=ADVANCED_FACE('',(#181),#1104,.F.);
#1129=ADVANCED_FACE('',(#182),#1105,.F.);
#1130=ADVANCED_FACE('',(#183),#1106,.F.);
#1131=ADVANCED_FACE('',(#184),#1107,.F.);
#1132=ADVANCED_FACE('',(#185),#1108,.F.);
#1133=ADVANCED_FACE('',(#186),#160,.T.);
#1134=ADVANCED_FACE('',(#187),#46,.F.);
#1135=ADVANCED_FACE('',(#188),#161,.T.);
#1136=ADVANCED_FACE('',(#189),#162,.T.);
#1137=ADVANCED_FACE('',(#190),#27,.T.);
#1138=ADVANCED_FACE('',(#191),#1109,.T.);
#1139=ADVANCED_FACE('',(#192),#28,.T.);
#1140=ADVANCED_FACE('',(#193),#23,.F.);
#1141=ADVANCED_FACE('',(#194),#1110,.T.);
#1142=ADVANCED_FACE('',(#195),#47,.F.);
#1143=ADVANCED_FACE('',(#196),#163,.T.);
#1144=ADVANCED_FACE('',(#197),#164,.T.);
#1145=ADVANCED_FACE('',(#198),#165,.T.);
#1146=ADVANCED_FACE('',(#199),#48,.T.);
#1147=ADVANCED_FACE('',(#200),#29,.T.);
#1148=ADVANCED_FACE('',(#201),#24,.F.);
#1149=ADVANCED_FACE('',(#202),#1111,.T.);
#1150=ADVANCED_FACE('',(#203),#166,.T.);
#1151=ADVANCED_FACE('',(#204),#49,.F.);
#1152=ADVANCED_FACE('',(#205),#167,.T.);
#1153=ADVANCED_FACE('',(#206),#168,.T.);
#1154=ADVANCED_FACE('',(#207),#30,.T.);
#1155=ADVANCED_FACE('',(#208),#31,.T.);
#1156=ADVANCED_FACE('',(#209),#25,.F.);
#1157=ADVANCED_FACE('',(#210),#1112,.T.);
#1158=ADVANCED_FACE('',(#211),#169,.T.);
#1159=ADVANCED_FACE('',(#212),#50,.F.);
#1160=ADVANCED_FACE('',(#213),#170,.T.);
#1161=ADVANCED_FACE('',(#214),#171,.T.);
#1162=ADVANCED_FACE('',(#215),#32,.T.);
#1163=ADVANCED_FACE('',(#216),#33,.T.);
#1164=ADVANCED_FACE('',(#217),#26,.F.);
#1165=ADVANCED_FACE('',(#218),#1113,.T.);
#1166=ADVANCED_FACE('',(#219),#51,.T.);
#1167=ADVANCED_FACE('',(#220),#52,.T.);
#1168=ADVANCED_FACE('',(#221),#34,.T.);
#1169=ADVANCED_FACE('',(#222),#53,.T.);
#1170=ADVANCED_FACE('',(#223),#1114,.T.);
#1171=ADVANCED_FACE('',(#224),#35,.T.);
#1172=ADVANCED_FACE('',(#225,#17,#18,#19),#1115,.T.);
#1173=ADVANCED_FACE('',(#226),#36,.T.);
#1174=ADVANCED_FACE('',(#227),#37,.T.);
#1175=ADVANCED_FACE('',(#228),#38,.T.);
#1176=ADVANCED_FACE('',(#229),#172,.F.);
#1177=ADVANCED_FACE('',(#230),#54,.T.);
#1178=ADVANCED_FACE('',(#231),#39,.T.);
#1179=ADVANCED_FACE('',(#232),#55,.T.);
#1180=ADVANCED_FACE('',(#233),#173,.F.);
#1181=ADVANCED_FACE('',(#234),#40,.T.);
#1182=ADVANCED_FACE('',(#235),#56,.T.);
#1183=ADVANCED_FACE('',(#236),#41,.T.);
#1184=ADVANCED_FACE('',(#237),#57,.T.);
#1185=ADVANCED_FACE('',(#238),#42,.T.);
#1186=ADVANCED_FACE('',(#239),#1116,.F.);
#1187=ADVANCED_FACE('',(#240,#20,#21,#22),#1117,.T.);
#1188=ADVANCED_FACE('',(#241),#43,.T.);
#1189=ADVANCED_FACE('',(#242),#1118,.T.);
#1190=ADVANCED_FACE('',(#243),#1119,.T.);
#1191=ADVANCED_FACE('',(#244),#44,.T.);
#1192=ADVANCED_FACE('',(#245),#1120,.T.);
#1193=ADVANCED_FACE('',(#246),#45,.T.);
#1194=CLOSED_SHELL('',(#1121,#1122,#1123,#1124,#1125,#1126,#1127,#1128,
#1129,#1130,#1131,#1132,#1133,#1134,#1135,#1136,#1137,#1138,#1139,#1140,
#1141,#1142,#1143,#1144,#1145,#1146,#1147,#1148,#1149,#1150,#1151,#1152,
#1153,#1154,#1155,#1156,#1157,#1158,#1159,#1160,#1161,#1162,#1163,#1164,
#1165,#1166,#1167,#1168,#1169,#1170,#1171,#1172,#1173,#1174,#1175,#1176,
#1177,#1178,#1179,#1180,#1181,#1182,#1183,#1184,#1185,#1186,#1187,#1188,
#1189,#1190,#1191,#1192,#1193));
#1195=DERIVED_UNIT_ELEMENT(#1197,1.);
#1196=DERIVED_UNIT_ELEMENT(#2710,-3.);
#1197=(
MASS_UNIT()
NAMED_UNIT(*)
SI_UNIT(.KILO.,.GRAM.)
);
#1198=DERIVED_UNIT((#1195,#1196));
#1199=MEASURE_REPRESENTATION_ITEM('density measure',
POSITIVE_RATIO_MEASURE(7850.),#1198);
#1200=PROPERTY_DEFINITION_REPRESENTATION(#1205,#1202);
#1201=PROPERTY_DEFINITION_REPRESENTATION(#1206,#1203);
#1202=REPRESENTATION('material name',(#1204),#2707);
#1203=REPRESENTATION('density',(#1199),#2707);
#1204=DESCRIPTIVE_REPRESENTATION_ITEM('Steel','Steel');
#1205=PROPERTY_DEFINITION('material property','material name',#2717);
#1206=PROPERTY_DEFINITION('material property','density of part',#2717);
#1207=AXIS2_PLACEMENT_3D('',#1668,#1337,#1338);
#1208=AXIS2_PLACEMENT_3D('',#1669,#1339,#1340);
#1209=AXIS2_PLACEMENT_3D('',#1678,#1345,#1346);
#1210=AXIS2_PLACEMENT_3D('',#1684,#1350,#1351);
#1211=AXIS2_PLACEMENT_3D('',#1690,#1355,#1356);
#1212=AXIS2_PLACEMENT_3D('',#1693,#1359,#1360);
#1213=AXIS2_PLACEMENT_3D('',#1702,#1365,#1366);
#1214=AXIS2_PLACEMENT_3D('',#1708,#1370,#1371);
#1215=AXIS2_PLACEMENT_3D('',#1714,#1375,#1376);
#1216=AXIS2_PLACEMENT_3D('',#1717,#1379,#1380);
#1217=AXIS2_PLACEMENT_3D('',#1726,#1385,#1386);
#1218=AXIS2_PLACEMENT_3D('',#1732,#1390,#1391);
#1219=AXIS2_PLACEMENT_3D('',#1738,#1395,#1396);
#1220=AXIS2_PLACEMENT_3D('',#1783,#1399,#1400);
#1221=AXIS2_PLACEMENT_3D('',#1794,#1401,#1402);
#1222=AXIS2_PLACEMENT_3D('',#1803,#1403,#1404);
#1223=AXIS2_PLACEMENT_3D('',#1806,#1405,#1406);
#1224=AXIS2_PLACEMENT_3D('',#1808,#1407,#1408);
#1225=AXIS2_PLACEMENT_3D('',#1810,#1409,#1410);
#1226=AXIS2_PLACEMENT_3D('',#1812,#1411,#1412);
#1227=AXIS2_PLACEMENT_3D('',#1813,#1413,#1414);
#1228=AXIS2_PLACEMENT_3D('',#1884,#1415,#1416);
#1229=AXIS2_PLACEMENT_3D('',#1894,#1418,#1419);
#1230=AXIS2_PLACEMENT_3D('',#1897,#1421,#1422);
#1231=AXIS2_PLACEMENT_3D('',#1898,#1423,#1424);
#1232=AXIS2_PLACEMENT_3D('',#1902,#1426,#1427);
#1233=AXIS2_PLACEMENT_3D('',#1906,#1429,#1430);
#1234=AXIS2_PLACEMENT_3D('',#1909,#1432,#1433);
#1235=AXIS2_PLACEMENT_3D('',#1910,#1434,#1435);
#1236=AXIS2_PLACEMENT_3D('',#1913,#1436,#1437);
#1237=AXIS2_PLACEMENT_3D('',#1915,#1439,#1440);
#1238=AXIS2_PLACEMENT_3D('',#1944,#1441,#1442);
#1239=AXIS2_PLACEMENT_3D('',#1945,#1443,#1444);
#1240=AXIS2_PLACEMENT_3D('',#1946,#1445,#1446);
#1241=AXIS2_PLACEMENT_3D('',#1947,#1447,#1448);
#1242=AXIS2_PLACEMENT_3D('',#1949,#1449,#1450);
#1243=AXIS2_PLACEMENT_3D('',#1951,#1451,#1452);
#1244=AXIS2_PLACEMENT_3D('',#1952,#1453,#1454);
#1245=AXIS2_PLACEMENT_3D('',#1994,#1455,#1456);
#1246=AXIS2_PLACEMENT_3D('',#2010,#1457,#1458);
#1247=AXIS2_PLACEMENT_3D('',#2084,#1459,#1460);
#1248=AXIS2_PLACEMENT_3D('',#2086,#1461,#1462);
#1249=AXIS2_PLACEMENT_3D('',#2087,#1463,#1464);
#1250=AXIS2_PLACEMENT_3D('',#2088,#1465,#1466);
#1251=AXIS2_PLACEMENT_3D('',#2091,#1467,#1468);
#1252=AXIS2_PLACEMENT_3D('',#2093,#1470,#1471);
#1253=AXIS2_PLACEMENT_3D('',#2122,#1472,#1473);
#1254=AXIS2_PLACEMENT_3D('',#2123,#1474,#1475);
#1255=AXIS2_PLACEMENT_3D('',#2124,#1476,#1477);
#1256=AXIS2_PLACEMENT_3D('',#2167,#1478,#1479);
#1257=AXIS2_PLACEMENT_3D('',#2183,#1480,#1481);
#1258=AXIS2_PLACEMENT_3D('',#2192,#1482,#1483);
#1259=AXIS2_PLACEMENT_3D('',#2194,#1484,#1485);
#1260=AXIS2_PLACEMENT_3D('',#2196,#1486,#1487);
#1261=AXIS2_PLACEMENT_3D('',#2197,#1488,#1489);
#1262=AXIS2_PLACEMENT_3D('',#2268,#1490,#1491);
#1263=AXIS2_PLACEMENT_3D('',#2276,#1492,#1493);
#1264=AXIS2_PLACEMENT_3D('',#2279,#1495,#1496);
#1265=AXIS2_PLACEMENT_3D('',#2280,#1497,#1498);
#1266=AXIS2_PLACEMENT_3D('',#2283,#1499,#1500);
#1267=AXIS2_PLACEMENT_3D('',#2285,#1502,#1503);
#1268=AXIS2_PLACEMENT_3D('',#2314,#1504,#1505);
#1269=AXIS2_PLACEMENT_3D('',#2315,#1506,#1507);
#1270=AXIS2_PLACEMENT_3D('',#2316,#1508,#1509);
#1271=AXIS2_PLACEMENT_3D('',#2358,#1510,#1511);
#1272=AXIS2_PLACEMENT_3D('',#2369,#1512,#1513);
#1273=AXIS2_PLACEMENT_3D('',#2378,#1514,#1515);
#1274=AXIS2_PLACEMENT_3D('',#2380,#1516,#1517);
#1275=AXIS2_PLACEMENT_3D('',#2382,#1518,#1519);
#1276=AXIS2_PLACEMENT_3D('',#2384,#1520,#1521);
#1277=AXIS2_PLACEMENT_3D('',#2385,#1522,#1523);
#1278=AXIS2_PLACEMENT_3D('',#2451,#1524,#1525);
#1279=AXIS2_PLACEMENT_3D('',#2453,#1526,#1527);
#1280=AXIS2_PLACEMENT_3D('',#2456,#1529,#1530);
#1281=AXIS2_PLACEMENT_3D('',#2457,#1531,#1532);
#1282=AXIS2_PLACEMENT_3D('',#2460,#1533,#1534);
#1283=AXIS2_PLACEMENT_3D('',#2462,#1536,#1537);
#1284=AXIS2_PLACEMENT_3D('',#2491,#1538,#1539);
#1285=AXIS2_PLACEMENT_3D('',#2492,#1540,#1541);
#1286=AXIS2_PLACEMENT_3D('',#2493,#1542,#1543);
#1287=AXIS2_PLACEMENT_3D('',#2494,#1544,#1545);
#1288=AXIS2_PLACEMENT_3D('',#2495,#1546,#1547);
#1289=AXIS2_PLACEMENT_3D('',#2496,#1548,#1549);
#1290=AXIS2_PLACEMENT_3D('',#2498,#1550,#1551);
#1291=AXIS2_PLACEMENT_3D('',#2499,#1552,#1553);
#1292=AXIS2_PLACEMENT_3D('',#2500,#1554,#1555);
#1293=AXIS2_PLACEMENT_3D('',#2502,#1557,#1558);
#1294=AXIS2_PLACEMENT_3D('',#2503,#1559,#1560);
#1295=AXIS2_PLACEMENT_3D('',#2504,#1561,#1562);
#1296=AXIS2_PLACEMENT_3D('',#2510,#1566,#1567);
#1297=AXIS2_PLACEMENT_3D('',#2514,#1569,#1570);
#1298=AXIS2_PLACEMENT_3D('',#2524,#1572,#1573);
#1299=AXIS2_PLACEMENT_3D('',#2528,#1576,#1577);
#1300=AXIS2_PLACEMENT_3D('',#2541,#1580,#1581);
#1301=AXIS2_PLACEMENT_3D('',#2542,#1582,#1583);
#1302=AXIS2_PLACEMENT_3D('',#2544,#1584,#1585);
#1303=AXIS2_PLACEMENT_3D('',#2546,#1586,#1587);
#1304=AXIS2_PLACEMENT_3D('',#2548,#1589,#1590);
#1305=AXIS2_PLACEMENT_3D('',#2550,#1591,#1592);
#1306=AXIS2_PLACEMENT_3D('',#2595,#1594,#1595);
#1307=AXIS2_PLACEMENT_3D('',#2603,#1596,#1597);
#1308=AXIS2_PLACEMENT_3D('',#2605,#1598,#1599);
#1309=AXIS2_PLACEMENT_3D('',#2606,#1600,#1601);
#1310=AXIS2_PLACEMENT_3D('',#2607,#1602,#1603);
#1311=AXIS2_PLACEMENT_3D('',#2609,#1604,#1605);
#1312=AXIS2_PLACEMENT_3D('',#2611,#1607,#1608);
#1313=AXIS2_PLACEMENT_3D('',#2613,#1609,#1610);
#1314=AXIS2_PLACEMENT_3D('',#2614,#1611,#1612);
#1315=AXIS2_PLACEMENT_3D('',#2658,#1613,#1614);
#1316=AXIS2_PLACEMENT_3D('',#2666,#1615,#1616);
#1317=AXIS2_PLACEMENT_3D('',#2669,#1618,#1619);
#1318=AXIS2_PLACEMENT_3D('',#2670,#1620,#1621);
#1319=AXIS2_PLACEMENT_3D('',#2673,#1622,#1623);
#1320=AXIS2_PLACEMENT_3D('',#2674,#1624,#1625);
#1321=AXIS2_PLACEMENT_3D('',#2675,#1626,#1627);
#1322=AXIS2_PLACEMENT_3D('',#2676,#1628,#1629);
#1323=AXIS2_PLACEMENT_3D('',#2679,#1630,#1631);
#1324=AXIS2_PLACEMENT_3D('',#2682,#1634,#1635);
#1325=AXIS2_PLACEMENT_3D('',#2685,#1636,#1637);
#1326=AXIS2_PLACEMENT_3D('',#2686,#1638,#1639);
#1327=AXIS2_PLACEMENT_3D('',#2687,#1640,#1641);
#1328=AXIS2_PLACEMENT_3D('',#2688,#1642,#1643);
#1329=AXIS2_PLACEMENT_3D('',#2691,#1646,#1647);
#1330=AXIS2_PLACEMENT_3D('',#2693,#1649,#1650);
#1331=AXIS2_PLACEMENT_3D('',#2695,#1652,#1653);
#1332=AXIS2_PLACEMENT_3D('',#2697,#1655,#1656);
#1333=AXIS2_PLACEMENT_3D('',#2699,#1658,#1659);
#1334=AXIS2_PLACEMENT_3D('',#2700,#1660,#1661);
#1335=AXIS2_PLACEMENT_3D('',#2702,#1663,#1664);
#1336=AXIS2_PLACEMENT_3D('',#2704,#1666,#1667);
#1337=DIRECTION('axis',(0.,0.,1.));
#1338=DIRECTION('refdir',(1.,0.,0.));
#1339=DIRECTION('center_axis',(1.,0.,0.));
#1340=DIRECTION('ref_axis',(0.,0.,1.));
#1341=DIRECTION('',(0.,0.,1.));
#1342=DIRECTION('',(0.,-1.,0.));
#1343=DIRECTION('',(0.,0.,-1.));
#1344=DIRECTION('',(0.,-1.,0.));
#1345=DIRECTION('center_axis',(0.,0.,-1.));
#1346=DIRECTION('ref_axis',(1.,0.,0.));
#1347=DIRECTION('',(1.,0.,0.));
#1348=DIRECTION('',(0.,-1.,0.));
#1349=DIRECTION('',(-1.,3.26536183713281E-17,0.));
#1350=DIRECTION('center_axis',(-1.,0.,0.));
#1351=DIRECTION('ref_axis',(0.,0.,-1.));
#1352=DIRECTION('',(0.,0.,-1.));
#1353=DIRECTION('',(0.,-1.,0.));
#1354=DIRECTION('',(0.,0.,1.));
#1355=DIRECTION('center_axis',(0.,0.,1.));
#1356=DIRECTION('ref_axis',(-1.,0.,0.));
#1357=DIRECTION('',(-1.,0.,0.));
#1358=DIRECTION('',(1.,-3.26536183713281E-17,0.));
#1359=DIRECTION('center_axis',(1.,0.,0.));
#1360=DIRECTION('ref_axis',(0.,0.,1.));
#1361=DIRECTION('',(0.,0.,1.));
#1362=DIRECTION('',(0.,-1.,0.));
#1363=DIRECTION('',(0.,0.,-1.));
#1364=DIRECTION('',(0.,-1.,0.));
#1365=DIRECTION('center_axis',(0.,0.,-1.));
#1366=DIRECTION('ref_axis',(1.,0.,0.));
#1367=DIRECTION('',(1.,0.,0.));
#1368=DIRECTION('',(0.,-1.,0.));
#1369=DIRECTION('',(-1.,3.26536183713281E-17,0.));
#1370=DIRECTION('center_axis',(-1.,0.,0.));
#1371=DIRECTION('ref_axis',(0.,0.,-1.));
#1372=DIRECTION('',(0.,0.,-1.));
#1373=DIRECTION('',(0.,-1.,0.));
#1374=DIRECTION('',(0.,0.,1.));
#1375=DIRECTION('center_axis',(0.,0.,1.));
#1376=DIRECTION('ref_axis',(-1.,0.,0.));
#1377=DIRECTION('',(-1.,0.,0.));
#1378=DIRECTION('',(1.,-3.26536183713281E-17,0.));
#1379=DIRECTION('center_axis',(1.,0.,0.));
#1380=DIRECTION('ref_axis',(0.,0.,1.));
#1381=DIRECTION('',(0.,0.,1.));
#1382=DIRECTION('',(0.,-1.,0.));
#1383=DIRECTION('',(0.,0.,-1.));
#1384=DIRECTION('',(0.,-1.,0.));
#1385=DIRECTION('center_axis',(0.,0.,-1.));
#1386=DIRECTION('ref_axis',(1.,0.,0.));
#1387=DIRECTION('',(1.,0.,0.));
#1388=DIRECTION('',(0.,-1.,0.));
#1389=DIRECTION('',(-1.,3.26536183713281E-17,0.));
#1390=DIRECTION('center_axis',(-1.,0.,0.));
#1391=DIRECTION('ref_axis',(0.,0.,-1.));
#1392=DIRECTION('',(0.,0.,-1.));
#1393=DIRECTION('',(0.,-1.,0.));
#1394=DIRECTION('',(0.,0.,1.));
#1395=DIRECTION('center_axis',(0.,0.,1.));
#1396=DIRECTION('ref_axis',(-1.,0.,0.));
#1397=DIRECTION('',(-1.,0.,0.));
#1398=DIRECTION('',(1.,-3.26536183713281E-17,0.));
#1399=DIRECTION('center_axis',(0.429936756955206,-0.866564899591419,0.253415981767043));
#1400=DIRECTION('ref_axis',(0.507782126009156,4.44089209850063E-15,-0.861485526579305));
#1401=DIRECTION('center_axis',(0.866564953910354,-0.429936600283214,0.25341606182572));
#1402=DIRECTION('ref_axis',(-0.444444431198966,-0.895806423049214,0.));
#1403=DIRECTION('center_axis',(0.,0.,-1.));
#1404=DIRECTION('ref_axis',(0.707106721068307,-0.707106841304783,0.));
#1405=DIRECTION('center_axis',(-0.444444305366942,0.895806485479368,0.));
#1406=DIRECTION('ref_axis',(0.,0.,-1.));
#1407=DIRECTION('center_axis',(0.,0.,-1.));
#1408=DIRECTION('ref_axis',(0.707106660014365,-0.707106902358709,0.));
#1409=DIRECTION('center_axis',(0.,0.,-1.));
#1410=DIRECTION('ref_axis',(0.707106660014365,-0.707106902358709,0.));
#1411=DIRECTION('center_axis',(-0.895806409906019,0.444444457689922,-7.3822871471767E-16));
#1412=DIRECTION('ref_axis',(0.444444457689922,0.895806409906019,0.));
#1413=DIRECTION('center_axis',(0.,0.,1.));
#1414=DIRECTION('ref_axis',(0.707106660014365,-0.707106902358709,0.));
#1415=DIRECTION('center_axis',(-1.,0.,0.));
#1416=DIRECTION('ref_axis',(0.,0.707106781186546,0.707106781186549));
#1417=DIRECTION('',(1.,0.,0.));
#1418=DIRECTION('center_axis',(1.,4.44089209850062E-15,0.));
#1419=DIRECTION('ref_axis',(-4.44089209850062E-15,1.,0.));
#1420=DIRECTION('',(-1.,0.,0.));
#1421=DIRECTION('center_axis',(1.,0.,0.));
#1422=DIRECTION('ref_axis',(0.,1.,0.));
#1423=DIRECTION('center_axis',(0.,0.,1.));
#1424=DIRECTION('ref_axis',(1.,0.,0.));
#1425=DIRECTION('',(0.,1.,0.));
#1426=DIRECTION('center_axis',(0.,0.,1.));
#1427=DIRECTION('ref_axis',(0.707106781186547,0.707106781186547,0.));
#1428=DIRECTION('',(-1.,3.26536183713281E-17,0.));
#1429=DIRECTION('center_axis',(0.,0.,1.));
#1430=DIRECTION('ref_axis',(-0.707106902358709,0.707106660014365,0.));
#1431=DIRECTION('',(0.,-1.,0.));
#1432=DIRECTION('center_axis',(0.,0.,1.));
#1433=DIRECTION('ref_axis',(-0.707106781186548,-0.707106781186548,0.));
#1434=DIRECTION('center_axis',(0.,0.,1.));
#1435=DIRECTION('ref_axis',(-1.,0.,0.));
#1436=DIRECTION('center_axis',(0.,0.,1.));
#1437=DIRECTION('ref_axis',(-1.,0.,0.));
#1438=DIRECTION('',(0.,0.,-1.));
#1439=DIRECTION('center_axis',(0.,0.,1.));
#1440=DIRECTION('ref_axis',(-1.,0.,0.));
#1441=DIRECTION('center_axis',(0.,0.,-1.));
#1442=DIRECTION('ref_axis',(-1.,0.,0.));
#1443=DIRECTION('center_axis',(0.,-1.,0.));
#1444=DIRECTION('ref_axis',(-1.,0.,0.));
#1445=DIRECTION('center_axis',(0.,0.,1.));
#1446=DIRECTION('ref_axis',(-1.,0.,0.));
#1447=DIRECTION('center_axis',(0.,0.,-1.));
#1448=DIRECTION('ref_axis',(-1.,0.,0.));
#1449=DIRECTION('center_axis',(0.89580648547937,0.444444305366937,9.86864601963816E-16));
#1450=DIRECTION('ref_axis',(0.,2.22044604925031E-15,-1.));
#1451=DIRECTION('center_axis',(0.,0.,-1.));
#1452=DIRECTION('ref_axis',(-0.707106781186547,-0.707106781186547,0.));
#1453=DIRECTION('center_axis',(0.444444305366937,0.89580648547937,9.86864601963816E-16));
#1454=DIRECTION('ref_axis',(0.89580648547937,-0.444444305366937,0.));
#1455=DIRECTION('center_axis',(-0.866564874285986,-0.429936744400184,0.253416089600254));
#1456=DIRECTION('ref_axis',(4.44089209850062E-15,-0.507782297372512,-0.861485425573233));
#1457=DIRECTION('center_axis',(-0.429936744400187,-0.866564874285985,0.253416089600254));
#1458=DIRECTION('ref_axis',(-0.895806347475838,0.444444583521949,0.));
#1459=DIRECTION('center_axis',(0.,0.,1.));
#1460=DIRECTION('ref_axis',(1.,0.,0.));
#1461=DIRECTION('center_axis',(0.,-1.,0.));
#1462=DIRECTION('ref_axis',(1.,0.,0.));
#1463=DIRECTION('center_axis',(0.,0.,1.));
#1464=DIRECTION('ref_axis',(0.707106781186547,0.707106781186548,0.));
#1465=DIRECTION('center_axis',(0.,0.,1.));
#1466=DIRECTION('ref_axis',(-1.,0.,0.));
#1467=DIRECTION('center_axis',(0.,0.,1.));
#1468=DIRECTION('ref_axis',(-1.,0.,0.));
#1469=DIRECTION('',(0.,0.,-1.));
#1470=DIRECTION('center_axis',(0.,0.,1.));
#1471=DIRECTION('ref_axis',(-1.,0.,0.));
#1472=DIRECTION('center_axis',(0.,0.,-1.));
#1473=DIRECTION('ref_axis',(-1.,0.,0.));
#1474=DIRECTION('center_axis',(0.,-1.,0.));
#1475=DIRECTION('ref_axis',(-1.,0.,0.));
#1476=DIRECTION('center_axis',(0.,0.,1.));
#1477=DIRECTION('ref_axis',(-1.,0.,0.));
#1478=DIRECTION('center_axis',(-0.429936600283216,0.866564953910353,0.253416061825721));
#1479=DIRECTION('ref_axis',(-0.507782382392553,1.66533453693774E-15,-0.861485375460166));
#1480=DIRECTION('center_axis',(-0.86656489959142,0.429936756955202,0.253415981767046));
#1481=DIRECTION('ref_axis',(0.444444583521948,0.895806347475838,5.55111512312578E-16));
#1482=DIRECTION('center_axis',(0.,0.,-1.));
#1483=DIRECTION('ref_axis',(-1.,0.,0.));
#1484=DIRECTION('center_axis',(0.444444457689921,-0.89580640990602,2.48636225471116E-16));
#1485=DIRECTION('ref_axis',(0.,-2.77555756156289E-16,-1.));
#1486=DIRECTION('center_axis',(0.,0.,-1.));
#1487=DIRECTION('ref_axis',(-0.707106902358709,0.707106660014365,0.));
#1488=DIRECTION('center_axis',(0.895806485479368,-0.444444305366942,0.));
#1489=DIRECTION('ref_axis',(-0.444444305366942,-0.895806485479368,0.));
#1490=DIRECTION('center_axis',(1.,-3.26536183713281E-17,0.));
#1491=DIRECTION('ref_axis',(0.,-0.707106781186547,0.707106781186548));
#1492=DIRECTION('center_axis',(-1.,-1.11022302462516E-15,0.));
#1493=DIRECTION('ref_axis',(1.11022302462516E-15,-1.,0.));
#1494=DIRECTION('',(1.,-3.26536183713281E-17,0.));
#1495=DIRECTION('center_axis',(-1.,0.,0.));
#1496=DIRECTION('ref_axis',(0.,-1.,0.));
#1497=DIRECTION('center_axis',(0.,0.,1.));
#1498=DIRECTION('ref_axis',(-1.,0.,0.));
#1499=DIRECTION('center_axis',(0.,0.,1.));
#1500=DIRECTION('ref_axis',(-1.,0.,0.));
#1501=DIRECTION('',(0.,0.,-1.));
#1502=DIRECTION('center_axis',(0.,0.,1.));
#1503=DIRECTION('ref_axis',(-1.,0.,0.));
#1504=DIRECTION('center_axis',(0.,0.,-1.));
#1505=DIRECTION('ref_axis',(-1.,0.,0.));
#1506=DIRECTION('center_axis',(2.22044604925031E-16,-1.,0.));
#1507=DIRECTION('ref_axis',(-1.,-2.22044604925031E-16,0.));
#1508=DIRECTION('center_axis',(0.,0.,1.));
#1509=DIRECTION('ref_axis',(-1.,0.,0.));
#1510=DIRECTION('center_axis',(0.866564979215785,0.429936612838225,0.253415953992524));
#1511=DIRECTION('ref_axis',(-5.55111512312578E-16,0.507782211029203,-0.861485476466257));
#1512=DIRECTION('center_axis',(0.429936612838223,0.866564979215785,0.253415953992525));
#1513=DIRECTION('ref_axis',(0.895806423049214,-0.444444431198966,0.));
#1514=DIRECTION('center_axis',(0.,0.,-1.));
#1515=DIRECTION('ref_axis',(0.707106781186547,0.707106781186548,0.));
#1516=DIRECTION('center_axis',(-0.89580640990602,-0.444444457689922,-7.42068695565508E-16));
#1517=DIRECTION('ref_axis',(2.77555756156289E-16,1.11022302462516E-15,-1.));
#1518=DIRECTION('center_axis',(0.,0.,-1.));
#1519=DIRECTION('ref_axis',(0.707106781186547,0.707106781186547,0.));
#1520=DIRECTION('center_axis',(0.,0.,-1.));
#1521=DIRECTION('ref_axis',(0.707106781186547,0.707106781186547,0.));
#1522=DIRECTION('center_axis',(-0.444444457689921,-0.89580640990602,1.24318112735558E-16));
#1523=DIRECTION('ref_axis',(-0.89580640990602,0.444444457689921,0.));
#1524=DIRECTION('center_axis',(0.,-1.,0.));
#1525=DIRECTION('ref_axis',(-0.707106781186547,0.,0.707106781186548));
#1526=DIRECTION('center_axis',(-4.44089209850063E-15,1.,0.));
#1527=DIRECTION('ref_axis',(-1.,-4.44089209850063E-15,0.));
#1528=DIRECTION('',(0.,-1.,0.));
#1529=DIRECTION('center_axis',(0.,-1.,0.));
#1530=DIRECTION('ref_axis',(0.,0.,1.));
#1531=DIRECTION('center_axis',(0.,0.,1.));
#1532=DIRECTION('ref_axis',(-1.,0.,0.));
#1533=DIRECTION('center_axis',(0.,0.,1.));
#1534=DIRECTION('ref_axis',(-1.,0.,0.));
#1535=DIRECTION('',(0.,0.,-1.));
#1536=DIRECTION('center_axis',(0.,0.,1.));
#1537=DIRECTION('ref_axis',(-1.,0.,0.));
#1538=DIRECTION('center_axis',(0.,0.,-1.));
#1539=DIRECTION('ref_axis',(-1.,0.,0.));
#1540=DIRECTION('center_axis',(2.22044604925031E-16,-1.,0.));
#1541=DIRECTION('ref_axis',(-1.,-2.22044604925031E-16,0.));
#1542=DIRECTION('center_axis',(0.,0.,1.));
#1543=DIRECTION('ref_axis',(-1.,0.,0.));
#1544=DIRECTION('center_axis',(0.,0.,1.));
#1545=DIRECTION('ref_axis',(1.,0.,0.));
#1546=DIRECTION('center_axis',(0.,0.,1.));
#1547=DIRECTION('ref_axis',(-0.707106781186547,-0.707106781186548,0.));
#1548=DIRECTION('center_axis',(0.,0.,1.));
#1549=DIRECTION('ref_axis',(1.,0.,0.));
#1550=DIRECTION('center_axis',(0.,0.,1.));
#1551=DIRECTION('ref_axis',(0.707106781186547,-0.707106781186548,0.));
#1552=DIRECTION('center_axis',(-1.11022302462516E-15,-1.,0.));
#1553=DIRECTION('ref_axis',(1.,-1.11022302462516E-15,0.));
#1554=DIRECTION('center_axis',(0.,1.,0.));
#1555=DIRECTION('ref_axis',(0.707106781186546,0.,0.707106781186549));
#1556=DIRECTION('',(0.,1.,0.));
#1557=DIRECTION('center_axis',(0.,0.,1.));
#1558=DIRECTION('ref_axis',(1.,0.,0.));
#1559=DIRECTION('center_axis',(0.,0.,1.));
#1560=DIRECTION('ref_axis',(-0.707106781186547,0.707106781186548,0.));
#1561=DIRECTION('center_axis',(1.,0.,0.));
#1562=DIRECTION('ref_axis',(0.,1.,0.));
#1563=DIRECTION('',(0.,0.,1.));
#1564=DIRECTION('',(0.,-1.,0.));
#1565=DIRECTION('',(0.,0.,1.));
#1566=DIRECTION('center_axis',(0.,0.,1.));
#1567=DIRECTION('ref_axis',(7.40148683083437E-16,-1.,0.));
#1568=DIRECTION('',(0.,0.,-1.));
#1569=DIRECTION('center_axis',(0.,0.,-1.));
#1570=DIRECTION('ref_axis',(0.577350269189626,-0.816496580927726,0.));
#1571=DIRECTION('',(0.,0.,1.));
#1572=DIRECTION('center_axis',(-3.26536183713281E-17,-1.,0.));
#1573=DIRECTION('ref_axis',(1.,-3.26536183713281E-17,0.));
#1574=DIRECTION('',(0.,0.,1.));
#1575=DIRECTION('',(-1.,3.26536183713281E-17,0.));
#1576=DIRECTION('center_axis',(0.,0.,1.));
#1577=DIRECTION('ref_axis',(-1.,1.8503717077086E-16,0.));
#1578=DIRECTION('',(0.,0.,1.));
#1579=DIRECTION('',(0.,0.,1.));
#1580=DIRECTION('center_axis',(0.,0.,-1.));
#1581=DIRECTION('ref_axis',(-0.577350269189626,-0.816496580927726,0.));
#1582=DIRECTION('center_axis',(0.,1.,0.));
#1583=DIRECTION('ref_axis',(0.707106781186546,0.,-0.707106781186549));
#1584=DIRECTION('center_axis',(0.,-1.,0.));
#1585=DIRECTION('ref_axis',(0.,0.,-1.));
#1586=DIRECTION('center_axis',(0.,0.707106781186547,0.707106781186548));
#1587=DIRECTION('ref_axis',(0.,-0.707106781186548,0.707106781186547));
#1588=DIRECTION('',(0.,1.,0.));
#1589=DIRECTION('center_axis',(0.,0.,-1.));
#1590=DIRECTION('ref_axis',(0.707106781186546,0.707106781186549,0.));
#1591=DIRECTION('center_axis',(0.,0.,1.));
#1592=DIRECTION('ref_axis',(1.,0.,0.));
#1593=DIRECTION('',(0.,0.,1.));
#1594=DIRECTION('center_axis',(0.500000000000006,0.866025403784435,0.));
#1595=DIRECTION('ref_axis',(0.866025403784435,-0.500000000000006,0.));
#1596=DIRECTION('center_axis',(0.,0.,-1.));
#1597=DIRECTION('ref_axis',(-1.,0.,0.));
#1598=DIRECTION('center_axis',(1.,4.44089209850062E-15,0.));
#1599=DIRECTION('ref_axis',(4.44089209850062E-15,-1.,0.));
#1600=DIRECTION('center_axis',(0.,0.,1.));
#1601=DIRECTION('ref_axis',(0.577350269189626,-0.816496580927726,0.));
#1602=DIRECTION('center_axis',(-1.,3.26536183713281E-17,0.));
#1603=DIRECTION('ref_axis',(0.,-0.707106781186549,-0.707106781186546));
#1604=DIRECTION('center_axis',(1.,0.,0.));
#1605=DIRECTION('ref_axis',(0.,-1.,0.));
#1606=DIRECTION('',(1.,-3.26536183713281E-17,0.));
#1607=DIRECTION('center_axis',(0.,0.,-1.));
#1608=DIRECTION('ref_axis',(-1.,0.,0.));
#1609=DIRECTION('center_axis',(0.499999999999999,-0.866025403784439,0.));
#1610=DIRECTION('ref_axis',(-0.866025403784439,-0.499999999999999,0.));
#1611=DIRECTION('center_axis',(0.,0.,1.));
#1612=DIRECTION('ref_axis',(-0.577350269189626,-0.816496580927726,0.));
#1613=DIRECTION('center_axis',(0.,-2.2035475666371E-8,-1.));
#1614=DIRECTION('ref_axis',(-1.,0.,0.));
#1615=DIRECTION('center_axis',(0.,0.,-1.));
#1616=DIRECTION('ref_axis',(-0.707106781186548,0.707106781186547,0.));
#1617=DIRECTION('',(0.,0.,-1.));
#1618=DIRECTION('center_axis',(0.,-0.707106781186547,-0.707106781186548));
#1619=DIRECTION('ref_axis',(0.,-0.707106781186548,0.707106781186547));
#1620=DIRECTION('center_axis',(0.,0.,1.));
#1621=DIRECTION('ref_axis',(1.,0.,0.));
#1622=DIRECTION('center_axis',(1.,4.44089209850062E-15,0.));
#1623=DIRECTION('ref_axis',(0.,0.,-1.));
#1624=DIRECTION('center_axis',(0.,0.,-1.));
#1625=DIRECTION('ref_axis',(0.707106781186547,0.707106781186548,0.));
#1626=DIRECTION('center_axis',(0.,0.,1.));
#1627=DIRECTION('ref_axis',(0.707106781186547,0.707106781186548,0.));
#1628=DIRECTION('center_axis',(-1.,0.,0.));
#1629=DIRECTION('ref_axis',(0.,0.707106781186546,-0.707106781186549));
#1630=DIRECTION('center_axis',(1.,0.,0.));
#1631=DIRECTION('ref_axis',(0.,0.,-1.));
#1632=DIRECTION('',(1.,0.,0.));
#1633=DIRECTION('',(-1.,0.,0.));
#1634=DIRECTION('center_axis',(0.,0.,1.));
#1635=DIRECTION('ref_axis',(1.,0.,0.));
#1636=DIRECTION('center_axis',(-4.44089209850063E-15,1.,0.));
#1637=DIRECTION('ref_axis',(0.,0.,-1.));
#1638=DIRECTION('center_axis',(0.,0.,-1.));
#1639=DIRECTION('ref_axis',(-0.707106781186547,0.707106781186548,0.));
#1640=DIRECTION('center_axis',(0.,0.,1.));
#1641=DIRECTION('ref_axis',(-0.707106781186547,0.707106781186548,0.));
#1642=DIRECTION('center_axis',(0.,-1.,0.));
#1643=DIRECTION('ref_axis',(-0.707106781186548,0.,-0.707106781186547));
#1644=DIRECTION('',(0.,1.,0.));
#1645=DIRECTION('',(0.,-1.,0.));
#1646=DIRECTION('center_axis',(0.,0.,1.));
#1647=DIRECTION('ref_axis',(1.,0.,0.));
#1648=DIRECTION('',(-1.,0.,0.));
#1649=DIRECTION('center_axis',(0.,1.,0.));
#1650=DIRECTION('ref_axis',(1.,0.,0.));
#1651=DIRECTION('',(1.,0.,0.));
#1652=DIRECTION('center_axis',(1.,0.,0.));
#1653=DIRECTION('ref_axis',(0.,0.707106781186548,-0.707106781186547));
#1654=DIRECTION('',(-1.,0.,0.));
#1655=DIRECTION('center_axis',(-1.,0.,0.));
#1656=DIRECTION('ref_axis',(0.,-1.,0.));
#1657=DIRECTION('',(0.,0.,1.));
#1658=DIRECTION('center_axis',(0.,0.,-1.));
#1659=DIRECTION('ref_axis',(1.,0.,0.));
#1660=DIRECTION('center_axis',(0.,0.,1.));
#1661=DIRECTION('ref_axis',(2.03540887847946E-15,1.,0.));
#1662=DIRECTION('',(0.,0.,1.));
#1663=DIRECTION('center_axis',(0.,1.,0.));
#1664=DIRECTION('ref_axis',(-1.,0.,0.));
#1665=DIRECTION('',(0.,0.,1.));
#1666=DIRECTION('center_axis',(0.,0.,1.));
#1667=DIRECTION('ref_axis',(1.,-2.96059473233376E-15,0.));
#1668=CARTESIAN_POINT('',(0.,0.,0.));
#1669=CARTESIAN_POINT('Origin',(7.00000005960464,4.,-18.0000002682209));
#1670=CARTESIAN_POINT('',(7.00000005960464,4.,-18.0000002682209));
#1671=CARTESIAN_POINT('',(7.00000005960464,4.,-3.0000002682209));
#1672=CARTESIAN_POINT('',(7.00000005960464,4.,-9.00000013411045));
#1673=CARTESIAN_POINT('',(7.00000005960464,0.,-18.0000002682209));
#1674=CARTESIAN_POINT('',(7.00000005960464,4.,-18.0000002682209));
#1675=CARTESIAN_POINT('',(7.00000005960464,0.,-3.0000002682209));
#1676=CARTESIAN_POINT('',(7.00000005960464,0.,-9.00000013411045));
#1677=CARTESIAN_POINT('',(7.00000005960464,4.,-3.0000002682209));
#1678=CARTESIAN_POINT('Origin',(4.00000005960464,4.,-18.0000002682209));
#1679=CARTESIAN_POINT('',(4.00000005960464,4.,-18.0000002682209));
#1680=CARTESIAN_POINT('',(2.00000002980232,4.,-18.0000002682209));
#1681=CARTESIAN_POINT('',(4.00000005960464,0.,-18.0000002682209));
#1682=CARTESIAN_POINT('',(4.00000005960464,4.,-18.0000002682209));
#1683=CARTESIAN_POINT('',(3.50000002980232,0.,-18.0000002682209));
#1684=CARTESIAN_POINT('Origin',(4.00000005960464,4.,-3.0000002682209));
#1685=CARTESIAN_POINT('',(4.00000005960464,4.,-3.0000002682209));
#1686=CARTESIAN_POINT('',(4.00000005960464,4.,-1.50000013411045));
#1687=CARTESIAN_POINT('',(4.00000005960464,0.,-3.0000002682209));
#1688=CARTESIAN_POINT('',(4.00000005960464,4.,-3.0000002682209));
#1689=CARTESIAN_POINT('',(4.00000005960464,0.,-1.50000013411045));
#1690=CARTESIAN_POINT('Origin',(7.00000005960464,4.,-3.0000002682209));
#1691=CARTESIAN_POINT('',(3.50000002980232,4.,-3.0000002682209));
#1692=CARTESIAN_POINT('',(5.00000002980232,0.,-3.0000002682209));
#1693=CARTESIAN_POINT('Origin',(13.0000001937151,4.,-18.0000002682209));
#1694=CARTESIAN_POINT('',(13.0000001937151,4.,-18.0000002682209));
#1695=CARTESIAN_POINT('',(13.0000001937151,4.,-3.00000004470348));
#1696=CARTESIAN_POINT('',(13.0000001937151,4.,-9.00000013411045));
#1697=CARTESIAN_POINT('',(13.0000001937151,0.,-18.0000002682209));
#1698=CARTESIAN_POINT('',(13.0000001937151,4.,-18.0000002682209));
#1699=CARTESIAN_POINT('',(13.0000001937151,0.,-3.00000004470348));
#1700=CARTESIAN_POINT('',(13.0000001937151,-2.77555756156289E-16,-9.00000013411045));
#1701=CARTESIAN_POINT('',(13.0000001937151,4.,-3.00000004470348));
#1702=CARTESIAN_POINT('Origin',(10.0000001490116,4.,-18.0000002682209));
#1703=CARTESIAN_POINT('',(10.0000001490116,4.,-18.0000002682209));
#1704=CARTESIAN_POINT('',(5.00000007450581,4.,-18.0000002682209));
#1705=CARTESIAN_POINT('',(10.0000001490116,0.,-18.0000002682209));
#1706=CARTESIAN_POINT('',(10.0000001490116,4.,-18.0000002682209));
#1707=CARTESIAN_POINT('',(6.50000007450581,0.,-18.0000002682209));
#1708=CARTESIAN_POINT('Origin',(10.0000001490116,4.,-3.00000004470348));
#1709=CARTESIAN_POINT('',(10.0000001490116,4.,-3.00000004470348));
#1710=CARTESIAN_POINT('',(10.0000001490116,4.,-1.50000002235174));
#1711=CARTESIAN_POINT('',(10.0000001490116,0.,-3.00000004470348));
#1712=CARTESIAN_POINT('',(10.0000001490116,4.,-3.00000004470348));
#1713=CARTESIAN_POINT('',(10.0000001490116,-2.77555756156289E-16,-1.50000002235174));
#1714=CARTESIAN_POINT('Origin',(13.0000001937151,4.,-3.00000004470348));
#1715=CARTESIAN_POINT('',(6.50000009685755,4.,-3.00000004470348));
#1716=CARTESIAN_POINT('',(8.00000009685755,-2.77555756156289E-16,-3.00000004470348));
#1717=CARTESIAN_POINT('Origin',(19.0000002831221,4.,-18.0000002682209));
#1718=CARTESIAN_POINT('',(19.0000002831221,4.,-18.0000002682209));
#1719=CARTESIAN_POINT('',(19.0000002831221,4.,-3.00000004470348));
#1720=CARTESIAN_POINT('',(19.0000002831221,4.,-9.00000013411045));
#1721=CARTESIAN_POINT('',(19.0000002831221,0.,-18.0000002682209));
#1722=CARTESIAN_POINT('',(19.0000002831221,4.,-18.0000002682209));
#1723=CARTESIAN_POINT('',(19.0000002831221,0.,-3.00000004470348));
#1724=CARTESIAN_POINT('',(19.0000002831221,-5.55111512312578E-16,-9.00000013411045));
#1725=CARTESIAN_POINT('',(19.0000002831221,4.,-3.00000004470348));
#1726=CARTESIAN_POINT('Origin',(16.0000002384186,4.,-18.0000002682209));
#1727=CARTESIAN_POINT('',(16.0000002384186,4.,-18.0000002682209));
#1728=CARTESIAN_POINT('',(8.00000011920929,4.,-18.0000002682209));
#1729=CARTESIAN_POINT('',(16.0000002384186,0.,-18.0000002682209));
#1730=CARTESIAN_POINT('',(16.0000002384186,4.,-18.0000002682209));
#1731=CARTESIAN_POINT('',(9.50000011920929,-2.77555756156289E-16,-18.0000002682209));
#1732=CARTESIAN_POINT('Origin',(16.0000002384186,4.,-3.00000004470348));
#1733=CARTESIAN_POINT('',(16.0000002384186,4.,-3.00000004470348));
#1734=CARTESIAN_POINT('',(16.0000002384186,4.,-1.50000002235174));
#1735=CARTESIAN_POINT('',(16.0000002384186,0.,-3.00000004470348));
#1736=CARTESIAN_POINT('',(16.0000002384186,4.,-3.00000004470348));
#1737=CARTESIAN_POINT('',(16.0000002384186,-5.55111512312578E-16,-1.50000002235174));
#1738=CARTESIAN_POINT('Origin',(19.0000002831221,4.,-3.00000004470348));
#1739=CARTESIAN_POINT('',(9.50000014156103,4.,-3.00000004470348));
#1740=CARTESIAN_POINT('',(11.000000141561,-2.77555756156289E-16,-3.00000004470348));
#1741=CARTESIAN_POINT('Ctrl Pts',(2.55555556880103,22.1197583417359,3.72297075092033));
#1742=CARTESIAN_POINT('Ctrl Pts',(2.29151798952515,22.2507576611391,3.58398468440347));
#1743=CARTESIAN_POINT('Ctrl Pts',(1.83539119007668,22.300862926957,3.32761645122011));
#1744=CARTESIAN_POINT('Ctrl Pts',(1.13470004587079,21.9921979794889,3.04044149215639));
#1745=CARTESIAN_POINT('Ctrl Pts',(0.790220990245106,21.487518765869,3.17486328916259));
#1746=CARTESIAN_POINT('Ctrl Pts',(0.729971366635651,20.8997923705974,3.48129877050759));
#1747=CARTESIAN_POINT('Ctrl Pts',(0.79836749099487,20.6094680602252,3.63610478902819));
#1748=CARTESIAN_POINT('Ctrl Pts',(0.880242095457525,20.444444583522,3.72297105315861));
#1749=CARTESIAN_POINT('Ctrl Pts',(2.59712008562623,22.0991365672508,3.54585329081339));
#1750=CARTESIAN_POINT('Ctrl Pts',(2.33895406344576,22.2397179934175,3.43098950548901));
#1751=CARTESIAN_POINT('Ctrl Pts',(1.87214992097253,22.3104785675384,3.20691025717799));
#1752=CARTESIAN_POINT('Ctrl Pts',(1.13405159882416,22.0003047619524,2.94947408096879));
#1753=CARTESIAN_POINT('Ctrl Pts',(0.776607833487464,21.4657000612204,3.07084976901826));
#1754=CARTESIAN_POINT('Ctrl Pts',(0.732205492047659,20.8562943838148,3.34147556020595));
#1755=CARTESIAN_POINT('Ctrl Pts',(0.813000459116702,20.5642338173128,3.4740637046417));
#1756=CARTESIAN_POINT('Ctrl Pts',(0.900863876145458,20.4028800719464,3.54585354068485));
#1757=CARTESIAN_POINT('Ctrl Pts',(2.72606139784465,22.1504461394344,3.19198401115132));
#1758=CARTESIAN_POINT('Ctrl Pts',(2.44528776679069,22.2964317891155,3.12492473052488));
#1759=CARTESIAN_POINT('Ctrl Pts',(1.93431396659599,22.3759932157491,2.96534129119061));
#1760=CARTESIAN_POINT('Ctrl Pts',(1.11533424091499,22.0339253292159,2.7673251046631));
#1761=CARTESIAN_POINT('Ctrl Pts',(0.720047582125056,21.4399012823361,2.86259655786752));
#1762=CARTESIAN_POINT('Ctrl Pts',(0.671694494989652,20.7679092207701,3.06175472835465));
#1763=CARTESIAN_POINT('Ctrl Pts',(0.758313221531369,20.4494222257977,3.15007214055419));
#1764=CARTESIAN_POINT('Ctrl Pts',(0.849554272075595,20.2739387287667,3.1919841568128));
#1765=CARTESIAN_POINT('Ctrl Pts',(2.90862425404425,22.3710965641055,2.94205163047293));
#1766=CARTESIAN_POINT('Ctrl Pts',(2.55445174721541,22.4989996946361,2.88367334823043));
#1767=CARTESIAN_POINT('Ctrl Pts',(1.96724678740519,22.5261710026987,2.75493319597304));
#1768=CARTESIAN_POINT('Ctrl Pts',(1.06263830224005,22.1013068791917,2.59870202005707));
#1769=CARTESIAN_POINT('Ctrl Pts',(0.607359114879301,21.4494919260806,2.67347038234692));
#1770=CARTESIAN_POINT('Ctrl Pts',(0.491864647256851,20.6911957161877,2.83258745585894));
#1771=CARTESIAN_POINT('Ctrl Pts',(0.548964266914631,20.3127335980107,2.90556535509601));
#1772=CARTESIAN_POINT('Ctrl Pts',(0.628903745136388,20.0913757882601,2.942051757937));
#1773=CARTESIAN_POINT('Ctrl Pts',(3.,22.5077823823926,2.86148537546016));
#1774=CARTESIAN_POINT('Ctrl Pts',(2.60476132524367,22.6256817698554,2.79199234220175));
#1775=CARTESIAN_POINT('Ctrl Pts',(1.97594546753209,22.6177248266918,2.66380822561005));
#1776=CARTESIAN_POINT('Ctrl Pts',(1.02924471240572,22.1422316602392,2.5202207460782));
#1777=CARTESIAN_POINT('Ctrl Pts',(0.53971047370847,21.4623738692404,2.58743164458129));
#1778=CARTESIAN_POINT('Ctrl Pts',(0.380308186367978,20.6589146545482,2.7406493852538));
#1779=CARTESIAN_POINT('Ctrl Pts',(0.418530729974448,20.247024172988,2.81805239451409));
#1780=CARTESIAN_POINT('Ctrl Pts',(0.492217873990844,20.,2.8614855265793));
#1781=CARTESIAN_POINT('',(0.492217873990842,20.,2.86148552657931));
#1782=CARTESIAN_POINT('',(0.880242095457525,20.444444583522,3.72297105315861));
#1783=CARTESIAN_POINT('Origin',(-0.0155642520183134,20.,3.72297105315861));
#1784=CARTESIAN_POINT('',(2.55555556880103,22.1197583417359,3.72297075092033));
#1785=CARTESIAN_POINT('Ctrl Pts',(0.880242095457525,20.444444583522,3.72297105315861));
#1786=CARTESIAN_POINT('Ctrl Pts',(0.79836749099487,20.6094680602252,3.63610478902819));
#1787=CARTESIAN_POINT('Ctrl Pts',(0.729971366635651,20.8997923705974,3.48129877050759));
#1788=CARTESIAN_POINT('Ctrl Pts',(0.790220990245106,21.487518765869,3.17486328916259));
#1789=CARTESIAN_POINT('Ctrl Pts',(1.13470004587079,21.9921979794889,3.04044149215639));
#1790=CARTESIAN_POINT('Ctrl Pts',(1.83539119007668,22.300862926957,3.32761645122011));
#1791=CARTESIAN_POINT('Ctrl Pts',(2.29151798952515,22.2507576611391,3.58398468440347));
#1792=CARTESIAN_POINT('Ctrl Pts',(2.55555556880103,22.1197583417359,3.72297075092033));
#1793=CARTESIAN_POINT('',(3.,22.5077823823926,2.86148537546016));
#1794=CARTESIAN_POINT('Origin',(3.,23.0155647647851,3.72297075092033));
#1795=CARTESIAN_POINT('Ctrl Pts',(3.,22.5077823823926,2.86148537546016));
#1796=CARTESIAN_POINT('Ctrl Pts',(2.60476132524367,22.6256817698554,2.79199234220175));
#1797=CARTESIAN_POINT('Ctrl Pts',(1.97594546753209,22.6177248266918,2.66380822561005));
#1798=CARTESIAN_POINT('Ctrl Pts',(1.02924471240572,22.1422316602392,2.5202207460782));
#1799=CARTESIAN_POINT('Ctrl Pts',(0.53971047370847,21.4623738692404,2.58743164458129));
#1800=CARTESIAN_POINT('Ctrl Pts',(0.380308186367978,20.6589146545482,2.7406493852538));
#1801=CARTESIAN_POINT('Ctrl Pts',(0.418530729974448,20.247024172988,2.81805239451409));
#1802=CARTESIAN_POINT('Ctrl Pts',(0.492217873990844,20.,2.8614855265793));
#1803=CARTESIAN_POINT('Origin',(2.00000002980232,21.0000003129244,4.));
#1804=CARTESIAN_POINT('',(4.0155646221309,22.,3.));
#1805=CARTESIAN_POINT('',(3.11975813665153,21.5555556946331,4.));
#1806=CARTESIAN_POINT('Origin',(4.0155646221309,22.,4.));
#1807=CARTESIAN_POINT('',(3.25000002980232,21.0000003129244,4.));
#1808=CARTESIAN_POINT('Origin',(2.00000002980232,21.0000003129244,4.));
#1809=CARTESIAN_POINT('',(1.44444445768992,19.8802423005419,4.));
#1810=CARTESIAN_POINT('Origin',(2.00000002980232,21.0000003129244,4.));
#1811=CARTESIAN_POINT('',(1.,18.9844358906358,3.));
#1812=CARTESIAN_POINT('Origin',(1.,18.9844358906358,4.));
#1813=CARTESIAN_POINT('Origin',(2.00000002980232,21.0000003129244,3.));
#1814=CARTESIAN_POINT('Ctrl Pts',(3.,22.5077823823926,2.86148537546016));
#1815=CARTESIAN_POINT('Ctrl Pts',(3.21555314404919,22.4543102303544,2.89300328339806));
#1816=CARTESIAN_POINT('Ctrl Pts',(3.61005439474414,22.3138597011232,2.96234175416477));
#1817=CARTESIAN_POINT('Ctrl Pts',(3.90501160825202,22.1114134050387,3.));
#1818=CARTESIAN_POINT('Ctrl Pts',(4.0155646221309,22.,3.));
#1819=CARTESIAN_POINT('Ctrl Pts',(2.89557057605058,22.3515700186359,2.95356109547476));
#1820=CARTESIAN_POINT('Ctrl Pts',(3.0851803027302,22.2897777733759,2.97663854233512));
#1821=CARTESIAN_POINT('Ctrl Pts',(3.42500587938729,22.1328982648774,3.0202176877514));
#1822=CARTESIAN_POINT('Ctrl Pts',(3.66038390139725,21.9526033650225,3.01526832312721));
#1823=CARTESIAN_POINT('Ctrl Pts',(3.74753994843375,21.8670225747933,3.));
#1824=CARTESIAN_POINT('Ctrl Pts',(2.71328294566956,22.139267819627,3.21671563218635));
#1825=CARTESIAN_POINT('Ctrl Pts',(2.85793254584488,22.0663856089677,3.24487937573058));
#1826=CARTESIAN_POINT('Ctrl Pts',(3.10189098004882,21.8838717454551,3.29394679464022));
#1827=CARTESIAN_POINT('Ctrl Pts',(3.23541839990164,21.7064995726766,3.27463554453242));
#1828=CARTESIAN_POINT('Ctrl Pts',(3.28347192617901,21.6367804486898,3.25109224515108));
#1829=CARTESIAN_POINT('Ctrl Pts',(2.59118229750835,22.1020825350344,3.57115578511438));
#1830=CARTESIAN_POINT('Ctrl Pts',(2.71407949098314,22.0363077849336,3.62376169241937));
#1831=CARTESIAN_POINT('Ctrl Pts',(2.9292726807389,21.8676749763267,3.73559056371486));
#1832=CARTESIAN_POINT('Ctrl Pts',(3.06842759133831,21.6593030428569,3.78261309877974));
#1833=CARTESIAN_POINT('Ctrl Pts',(3.11975813665153,21.5555556946331,3.77560052474359));
#1834=CARTESIAN_POINT('Ctrl Pts',(2.55555556880103,22.1197583417359,3.72297075092033));
#1835=CARTESIAN_POINT('Ctrl Pts',(2.67530731549508,22.0603448394713,3.78600656679613));
#1836=CARTESIAN_POINT('Ctrl Pts',(2.89447467699221,21.904288695881,3.92468350832953));
#1837=CARTESIAN_POINT('Ctrl Pts',(3.05833979560768,21.6793483668984,4.));
#1838=CARTESIAN_POINT('Ctrl Pts',(3.11975813665153,21.5555556946331,4.));
#1839=CARTESIAN_POINT('Ctrl Pts',(4.0155646221309,22.,3.));
#1840=CARTESIAN_POINT('Ctrl Pts',(3.90501160825202,22.1114134050387,3.));
#1841=CARTESIAN_POINT('Ctrl Pts',(3.61005439474414,22.3138597011232,2.96234175416477));
#1842=CARTESIAN_POINT('Ctrl Pts',(3.21555314404919,22.4543102303544,2.89300328339806));
#1843=CARTESIAN_POINT('Ctrl Pts',(3.,22.5077823823926,2.86148537546016));
#1844=CARTESIAN_POINT('Ctrl Pts',(2.55555556880103,22.1197583417359,3.72297075092033));
#1845=CARTESIAN_POINT('Ctrl Pts',(2.67530731549508,22.0603448394713,3.78600656679613));
#1846=CARTESIAN_POINT('Ctrl Pts',(2.89447467699221,21.904288695881,3.92468350832953));
#1847=CARTESIAN_POINT('Ctrl Pts',(3.05833979560768,21.6793483668984,4.));
#1848=CARTESIAN_POINT('Ctrl Pts',(3.11975813665153,21.5555556946331,4.));
#1849=CARTESIAN_POINT('Ctrl Pts',(1.,18.9844358906358,3.));
#1850=CARTESIAN_POINT('Ctrl Pts',(0.888584639608842,19.0949908919839,3.));
#1851=CARTESIAN_POINT('Ctrl Pts',(0.686135287860351,19.3899538661001,2.96234093854421));
#1852=CARTESIAN_POINT('Ctrl Pts',(0.545690988485074,19.7844430682285,2.89300398037159));
#1853=CARTESIAN_POINT('Ctrl Pts',(0.492217873990843,20.,2.8614855265793));
#1854=CARTESIAN_POINT('Ctrl Pts',(1.13297747078165,19.2524605417215,3.));
#1855=CARTESIAN_POINT('Ctrl Pts',(1.04739517563763,19.3396181570642,3.0152685963257));
#1856=CARTESIAN_POINT('Ctrl Pts',(0.867095830890159,19.57500132729,3.0202170572565));
#1857=CARTESIAN_POINT('Ctrl Pts',(0.710223648030601,19.9148164193839,2.97663905428402));
#1858=CARTESIAN_POINT('Ctrl Pts',(0.648430298157179,20.1044294722973,2.95356121955953));
#1859=CARTESIAN_POINT('Ctrl Pts',(1.3632338279142,19.7165570493325,3.25106570680995));
#1860=CARTESIAN_POINT('Ctrl Pts',(1.29351347271853,19.7646114432681,3.27460942745523));
#1861=CARTESIAN_POINT('Ctrl Pts',(1.11613736558095,19.8981270500046,3.2939333980045));
#1862=CARTESIAN_POINT('Ctrl Pts',(0.933624921650216,20.1420680475948,3.2448752646343));
#1863=CARTESIAN_POINT('Ctrl Pts',(0.860741411306978,20.2867201747273,3.21671105063813));
#1864=CARTESIAN_POINT('Ctrl Pts',(1.44444445768992,19.8802423005419,3.77560052474359));
#1865=CARTESIAN_POINT('Ctrl Pts',(1.34069528523909,19.9315737703464,3.78261322425683));
#1866=CARTESIAN_POINT('Ctrl Pts',(1.13232038102863,20.0707314235563,3.73559011112763));
#1867=CARTESIAN_POINT('Ctrl Pts',(0.963693836552756,20.2859185133962,3.62376285569182));
#1868=CARTESIAN_POINT('Ctrl Pts',(0.897917907475754,20.4088178593143,3.57115604246681));
#1869=CARTESIAN_POINT('Ctrl Pts',(1.44444445768992,19.8802423005419,4.));
#1870=CARTESIAN_POINT('Ctrl Pts',(1.32064961281086,19.9416617457352,4.));
#1871=CARTESIAN_POINT('Ctrl Pts',(1.09570588864587,20.1055300646887,3.92468187708842));
#1872=CARTESIAN_POINT('Ctrl Pts',(0.939656667117811,20.3246907325377,3.78600796074319));
#1873=CARTESIAN_POINT('Ctrl Pts',(0.880242095457526,20.444444583522,3.72297105315861));
#1874=CARTESIAN_POINT('Ctrl Pts',(0.492217873990843,20.,2.8614855265793));
#1875=CARTESIAN_POINT('Ctrl Pts',(0.545690988485074,19.7844430682285,2.89300398037159));
#1876=CARTESIAN_POINT('Ctrl Pts',(0.686135287860351,19.3899538661001,2.96234093854421));
#1877=CARTESIAN_POINT('Ctrl Pts',(0.888584639608842,19.0949908919839,3.));
#1878=CARTESIAN_POINT('Ctrl Pts',(1.,18.9844358906358,3.));
#1879=CARTESIAN_POINT('Ctrl Pts',(1.44444445768992,19.8802423005419,4.));
#1880=CARTESIAN_POINT('Ctrl Pts',(1.32064961281086,19.9416617457352,4.));
#1881=CARTESIAN_POINT('Ctrl Pts',(1.09570588864587,20.1055300646887,3.92468187708842));
#1882=CARTESIAN_POINT('Ctrl Pts',(0.939656667117811,20.3246907325377,3.78600796074319));
#1883=CARTESIAN_POINT('Ctrl Pts',(0.880242095457526,20.444444583522,3.72297105315861));
#1884=CARTESIAN_POINT('Origin',(15.75,22.,2.));
#1885=CARTESIAN_POINT('',(18.9844357205958,22.,3.));
#1886=CARTESIAN_POINT('',(15.75,22.,3.));
#1887=CARTESIAN_POINT('',(20.,22.5077822973725,2.86148542557323));
#1888=CARTESIAN_POINT('Ctrl Pts',(20.,22.5077822973725,2.86148542557323));
#1889=CARTESIAN_POINT('Ctrl Pts',(19.7844442027299,22.4543094643136,2.89300372781221));
#1890=CARTESIAN_POINT('Ctrl Pts',(19.3899497469846,22.3138616489666,2.962340914293));
#1891=CARTESIAN_POINT('Ctrl Pts',(19.0949901054184,22.1114147866519,3.));
#1892=CARTESIAN_POINT('Ctrl Pts',(18.9844357205958,22.,3.));
#1893=CARTESIAN_POINT('',(20.,23.,2.));
#1894=CARTESIAN_POINT('Origin',(20.,22.,2.));
#1895=CARTESIAN_POINT('',(3.,23.,2.));
#1896=CARTESIAN_POINT('',(15.75,23.,2.));
#1897=CARTESIAN_POINT('Origin',(3.,22.,2.));
#1898=CARTESIAN_POINT('Origin',(11.5,11.5,3.));
#1899=CARTESIAN_POINT('',(1.,4.01556445209087,3.));
#1900=CARTESIAN_POINT('',(1.,15.75,3.));
#1901=CARTESIAN_POINT('',(4.01556445209087,1.,3.));
#1902=CARTESIAN_POINT('Origin',(2.00000002980232,2.00000002980232,3.));
#1903=CARTESIAN_POINT('',(18.9844358906358,0.999999999999999,3.));
#1904=CARTESIAN_POINT('',(7.25,1.,3.));
#1905=CARTESIAN_POINT('',(22.,4.0155646221309,3.));
#1906=CARTESIAN_POINT('Origin',(21.0000003129244,2.00000002980232,3.));
#1907=CARTESIAN_POINT('',(22.,18.9844357205958,3.));
#1908=CARTESIAN_POINT('',(22.,7.25,3.));
#1909=CARTESIAN_POINT('Origin',(21.0000003129244,21.0000003129244,3.));
#1910=CARTESIAN_POINT('Origin',(2.00000002980232,21.0000003129244,3.));
#1911=CARTESIAN_POINT('',(3.25000002980232,21.0000003129244,22.));
#1912=CARTESIAN_POINT('',(0.750000029802323,21.0000003129244,22.));
#1913=CARTESIAN_POINT('Origin',(2.00000002980232,21.0000003129244,22.));
#1914=CARTESIAN_POINT('',(3.25000002980232,21.0000003129244,3.));
#1915=CARTESIAN_POINT('Origin',(2.00000002980232,21.0000003129244,22.));
#1916=CARTESIAN_POINT('Ctrl Pts',(0.750000029802323,21.0000003129244,22.));
#1917=CARTESIAN_POINT('Ctrl Pts',(0.750000029802323,19.7500003129244,22.));
#1918=CARTESIAN_POINT('Ctrl Pts',(2.00000002980232,19.7500003129244,22.));
#1919=CARTESIAN_POINT('Ctrl Pts',(3.25000002980232,19.7500003129244,22.));
#1920=CARTESIAN_POINT('Ctrl Pts',(3.25000002980232,21.0000003129244,22.));
#1921=CARTESIAN_POINT('Ctrl Pts',(3.25000002980232,22.2500003129244,22.));
#1922=CARTESIAN_POINT('Ctrl Pts',(2.00000002980232,22.2500003129244,22.));
#1923=CARTESIAN_POINT('Ctrl Pts',(0.750000029802323,22.2500003129244,22.));
#1924=CARTESIAN_POINT('Ctrl Pts',(0.750000029802323,21.0000003129244,22.));
#1925=CARTESIAN_POINT('Ctrl Pts',(0.750000029802323,21.0000003129244,23.));
#1926=CARTESIAN_POINT('Ctrl Pts',(0.750000029802323,19.7500003129244,23.));
#1927=CARTESIAN_POINT('Ctrl Pts',(2.00000002980232,19.7500003129244,23.));
#1928=CARTESIAN_POINT('Ctrl Pts',(3.25000002980232,19.7500003129244,23.));
#1929=CARTESIAN_POINT('Ctrl Pts',(3.25000002980232,21.0000003129244,23.));
#1930=CARTESIAN_POINT('Ctrl Pts',(3.25000002980232,22.2500003129244,23.));
#1931=CARTESIAN_POINT('Ctrl Pts',(2.00000002980232,22.2500003129244,23.));
#1932=CARTESIAN_POINT('Ctrl Pts',(0.750000029802323,22.2500003129244,23.));
#1933=CARTESIAN_POINT('Ctrl Pts',(0.750000029802323,21.0000003129244,23.));
#1934=CARTESIAN_POINT('Ctrl Pts',(1.75000002980232,21.0000003129244,23.));
#1935=CARTESIAN_POINT('Ctrl Pts',(1.75000002980232,20.7500003129244,23.));
#1936=CARTESIAN_POINT('Ctrl Pts',(2.00000002980232,20.7500003129244,23.));
#1937=CARTESIAN_POINT('Ctrl Pts',(2.25000002980232,20.7500003129244,23.));
#1938=CARTESIAN_POINT('Ctrl Pts',(2.25000002980232,21.0000003129244,23.));
#1939=CARTESIAN_POINT('Ctrl Pts',(2.25000002980232,21.2500003129244,23.));
#1940=CARTESIAN_POINT('Ctrl Pts',(2.00000002980232,21.2500003129244,23.));
#1941=CARTESIAN_POINT('Ctrl Pts',(1.75000002980232,21.2500003129244,23.));
#1942=CARTESIAN_POINT('Ctrl Pts',(1.75000002980232,21.0000003129244,23.));
#1943=CARTESIAN_POINT('',(1.75000002980232,21.0000003129244,23.));
#1944=CARTESIAN_POINT('Origin',(2.00000002980232,21.0000003129244,23.));
#1945=CARTESIAN_POINT('Origin',(1.75000002980232,21.0000003129244,22.));
#1946=CARTESIAN_POINT('Origin',(2.00000002980232,21.0000003129244,23.));
#1947=CARTESIAN_POINT('Origin',(21.0000003129244,21.0000003129244,4.));
#1948=CARTESIAN_POINT('',(21.5555556946331,19.8802422060752,4.));
#1949=CARTESIAN_POINT('Origin',(22.,18.9844357205958,4.));
#1950=CARTESIAN_POINT('',(19.8802422060752,21.5555556946331,4.));
#1951=CARTESIAN_POINT('Origin',(21.0000003129244,21.0000003129244,4.));
#1952=CARTESIAN_POINT('Origin',(18.9844357205958,22.,4.));
#1953=CARTESIAN_POINT('Ctrl Pts',(22.1197582472692,20.4444445835219,3.72297085114647));
#1954=CARTESIAN_POINT('Ctrl Pts',(22.2507576224101,20.708482162373,3.58398475684955));
#1955=CARTESIAN_POINT('Ctrl Pts',(22.3008213794125,21.1636405730349,3.32938177033192));
#1956=CARTESIAN_POINT('Ctrl Pts',(21.9920994786838,21.8650275419533,3.04121357114969));
#1957=CARTESIAN_POINT('Ctrl Pts',(21.4875765484063,22.2100863763987,3.17407984662222));
#1958=CARTESIAN_POINT('Ctrl Pts',(20.8997666652653,22.2699193650326,3.48153988185611));
#1959=CARTESIAN_POINT('Ctrl Pts',(20.6094680703039,22.2016328567323,3.63610454221089));
#1960=CARTESIAN_POINT('Ctrl Pts',(20.444444583522,22.1197582472692,3.72297085114647));
#1961=CARTESIAN_POINT('Ctrl Pts',(22.099136461042,20.4028800607817,3.54585337163606));
#1962=CARTESIAN_POINT('Ctrl Pts',(22.2397179417017,20.6610460724333,3.43098956724991));
#1963=CARTESIAN_POINT('Ctrl Pts',(22.3103343255883,21.1267784174517,3.20854545846576));
#1964=CARTESIAN_POINT('Ctrl Pts',(22.0001836604494,21.8655998963877,2.95019509234782));
#1965=CARTESIAN_POINT('Ctrl Pts',(21.465787249528,22.2237706604928,3.07012542932512));
#1966=CARTESIAN_POINT('Ctrl Pts',(20.8562577390237,22.2676677005614,3.3417021288458));
#1967=CARTESIAN_POINT('Ctrl Pts',(20.5642338180639,22.1869998864543,3.47406349389471));
#1968=CARTESIAN_POINT('Ctrl Pts',(20.4028800607817,22.099136461042,3.54585337163606));
#1969=CARTESIAN_POINT('Ctrl Pts',(22.1504966708344,20.2739226728371,3.1920151389332));
#1970=CARTESIAN_POINT('Ctrl Pts',(22.2964823718407,20.5546962876985,3.12495585634248));
#1971=CARTESIAN_POINT('Ctrl Pts',(22.3758719549535,21.0644141039158,2.96672268828788));
#1972=CARTESIAN_POINT('Ctrl Pts',(22.0337904921078,21.8842559931292,2.76795528018638));
#1973=CARTESIAN_POINT('Ctrl Pts',(21.4399963327126,22.2804315351323,2.86200409096574));
#1974=CARTESIAN_POINT('Ctrl Pts',(20.7678675451073,22.3281770836892,3.06196548878972));
#1975=CARTESIAN_POINT('Ctrl Pts',(20.4494061821255,22.2417377339633,3.150103087314));
#1976=CARTESIAN_POINT('Ctrl Pts',(20.2739226728371,22.1504966708344,3.1920151389332));
#1977=CARTESIAN_POINT('Ctrl Pts',(22.3710964676915,20.0913757819676,2.94205166912577));
#1978=CARTESIAN_POINT('Ctrl Pts',(22.4989996472022,20.4455482884342,2.88367338172383));
#1979=CARTESIAN_POINT('Ctrl Pts',(22.5261492416014,21.0315915734962,2.7560016284142));
#1980=CARTESIAN_POINT('Ctrl Pts',(22.1011953179398,21.9370082520783,2.59918738930509));
#1981=CARTESIAN_POINT('Ctrl Pts',(21.4495660229252,22.3930430366752,2.67301398148097));
#1982=CARTESIAN_POINT('Ctrl Pts',(20.6911717569053,22.508004766621,2.83274897090528));
#1983=CARTESIAN_POINT('Ctrl Pts',(20.3127335985092,22.4510359548857,2.90556523949955));
#1984=CARTESIAN_POINT('Ctrl Pts',(20.0913757819676,22.3710964676915,2.94205166912576));
#1985=CARTESIAN_POINT('Ctrl Pts',(22.5077822973725,20.,2.86148542557324));
#1986=CARTESIAN_POINT('Ctrl Pts',(22.6256817349994,20.3952386830075,2.79199237842475));
#1987=CARTESIAN_POINT('Ctrl Pts',(22.6178163819586,21.0229494927602,2.66469088516594));
#1988=CARTESIAN_POINT('Ctrl Pts',(22.1421416966949,21.9704640915596,2.52060678557483));
#1989=CARTESIAN_POINT('Ctrl Pts',(21.4624152052407,22.4606378406405,2.58703992331109));
#1990=CARTESIAN_POINT('Ctrl Pts',(20.6588991042944,22.6195755586219,2.74076994092805));
#1991=CARTESIAN_POINT('Ctrl Pts',(20.2470241768797,22.5814694458893,2.81805227110542));
#1992=CARTESIAN_POINT('Ctrl Pts',(20.,22.5077822973725,2.86148542557323));
#1993=CARTESIAN_POINT('',(20.444444583522,22.1197582472692,3.72297085114647));
#1994=CARTESIAN_POINT('Origin',(20.,23.015564594745,3.72297085114647));
#1995=CARTESIAN_POINT('',(22.249551216851,21.0001263278506,3.42838272423399));
#1996=CARTESIAN_POINT('Ctrl Pts',(20.444444583522,22.1197582472692,3.72297085114647));
#1997=CARTESIAN_POINT('Ctrl Pts',(20.6094680703039,22.2016328567323,3.63610454221089));
#1998=CARTESIAN_POINT('Ctrl Pts',(20.8997666652653,22.2699193650326,3.48153988185611));
#1999=CARTESIAN_POINT('Ctrl Pts',(21.4875765484063,22.2100863763987,3.17407984662222));
#2000=CARTESIAN_POINT('Ctrl Pts',(21.9920994786838,21.8650275419533,3.04121357114969));
#2001=CARTESIAN_POINT('Ctrl Pts',(22.2197257303778,21.3478822200793,3.25368520624399));
#2002=CARTESIAN_POINT('Ctrl Pts',(22.2494940329766,21.1004423551768,3.37671275148684));
#2003=CARTESIAN_POINT('Ctrl Pts',(22.2495691440421,21.0001259540256,3.42836204871238));
#2004=CARTESIAN_POINT('',(22.1197582472692,20.4444445835219,3.72297085114647));
#2005=CARTESIAN_POINT('Ctrl Pts',(22.2495693007019,20.9984888403232,3.42920509721246));
#2006=CARTESIAN_POINT('Ctrl Pts',(22.2494626528364,20.8071436003862,3.52775869444251));
#2007=CARTESIAN_POINT('Ctrl Pts',(22.2055415094925,20.6173462087323,3.63195758822328));
#2008=CARTESIAN_POINT('Ctrl Pts',(22.1197582472692,20.4444445835219,3.72297085114647));
#2009=CARTESIAN_POINT('',(22.5077822973725,20.,2.86148542557324));
#2010=CARTESIAN_POINT('Origin',(23.015564594745,20.,3.72297085114647));
#2011=CARTESIAN_POINT('Ctrl Pts',(22.5077822973725,20.,2.86148542557324));
#2012=CARTESIAN_POINT('Ctrl Pts',(22.6256817349994,20.3952386830075,2.79199237842475));
#2013=CARTESIAN_POINT('Ctrl Pts',(22.6178163819586,21.0229494927602,2.66469088516594));
#2014=CARTESIAN_POINT('Ctrl Pts',(22.1421416966949,21.9704640915596,2.52060678557483));
#2015=CARTESIAN_POINT('Ctrl Pts',(21.4624152052407,22.4606378406405,2.58703992331109));
#2016=CARTESIAN_POINT('Ctrl Pts',(20.6588991042944,22.6195755586219,2.74076994092805));
#2017=CARTESIAN_POINT('Ctrl Pts',(20.2470241768797,22.5814694458893,2.81805227110542));
#2018=CARTESIAN_POINT('Ctrl Pts',(20.,22.5077822973725,2.86148542557323));
#2019=CARTESIAN_POINT('Ctrl Pts',(21.5555556946331,19.8802422060752,4.));
#2020=CARTESIAN_POINT('Ctrl Pts',(21.6793508856444,19.9416617967665,4.));
#2021=CARTESIAN_POINT('Ctrl Pts',(21.9042934350211,20.1055299251092,3.92468076085383));
#2022=CARTESIAN_POINT('Ctrl Pts',(22.0603435162324,20.3246904113042,3.78600795648859));
#2023=CARTESIAN_POINT('Ctrl Pts',(22.1197582472692,20.4444445835219,3.72297085114647));
#2024=CARTESIAN_POINT('Ctrl Pts',(21.5555556946331,19.8802422060752,3.70080069965812));
#2025=CARTESIAN_POINT('Ctrl Pts',(21.6523405124552,19.9278270257062,3.71043714054056));
#2026=CARTESIAN_POINT('Ctrl Pts',(21.8550988201354,20.058727834963,3.67284614744456));
#2027=CARTESIAN_POINT('Ctrl Pts',(22.0281517559796,20.273095283586,3.56956458119265));
#2028=CARTESIAN_POINT('Ctrl Pts',(22.096190491581,20.3969422718188,3.52055087456314));
#2029=CARTESIAN_POINT('Ctrl Pts',(21.6671872419131,19.6552415415826,3.18285032049312));
#2030=CARTESIAN_POINT('Ctrl Pts',(21.7354205573121,19.707955480444,3.20782634172485));
#2031=CARTESIAN_POINT('Ctrl Pts',(21.9095409714696,19.8537083417177,3.23380409628953));
#2032=CARTESIAN_POINT('Ctrl Pts',(22.0896343607141,20.1103330873493,3.19227733530216));
#2033=CARTESIAN_POINT('Ctrl Pts',(22.1615881822688,20.2611722902875,3.16723224000789));
#2034=CARTESIAN_POINT('Ctrl Pts',(21.900266931095,19.1854542258687,3.));
#2035=CARTESIAN_POINT('Ctrl Pts',(21.992530611852,19.278723987345,3.0112167821907));
#2036=CARTESIAN_POINT('Ctrl Pts',(22.1784323246103,19.5290161906168,3.0055136200388));
#2037=CARTESIAN_POINT('Ctrl Pts',(22.3310118928768,19.8821546937299,2.95582788202108));
#2038=CARTESIAN_POINT('Ctrl Pts',(22.3906230147888,20.0783220988294,2.93054220576112));
#2039=CARTESIAN_POINT('Ctrl Pts',(22.,18.9844357205958,3.));
#2040=CARTESIAN_POINT('Ctrl Pts',(22.1114156719102,19.0949909838402,3.));
#2041=CARTESIAN_POINT('Ctrl Pts',(22.3138639663493,19.389953614857,2.96234038042691));
#2042=CARTESIAN_POINT('Ctrl Pts',(22.4543090394394,19.7844424900079,2.89300397824431));
#2043=CARTESIAN_POINT('Ctrl Pts',(22.5077822973725,20.,2.86148542557324));
#2044=CARTESIAN_POINT('Ctrl Pts',(22.1197582472692,20.4444445835219,3.72297085114647));
#2045=CARTESIAN_POINT('Ctrl Pts',(22.0603435162324,20.3246904113042,3.78600795648859));
#2046=CARTESIAN_POINT('Ctrl Pts',(21.9042934350211,20.1055299251092,3.92468076085383));
#2047=CARTESIAN_POINT('Ctrl Pts',(21.6793508856444,19.9416617967665,4.));
#2048=CARTESIAN_POINT('Ctrl Pts',(21.5555556946331,19.8802422060752,4.));
#2049=CARTESIAN_POINT('Ctrl Pts',(22.,18.9844357205958,3.));
#2050=CARTESIAN_POINT('Ctrl Pts',(22.1114156719102,19.0949909838402,3.));
#2051=CARTESIAN_POINT('Ctrl Pts',(22.3138639663493,19.389953614857,2.96234038042691));
#2052=CARTESIAN_POINT('Ctrl Pts',(22.4543090394394,19.7844424900079,2.89300397824431));
#2053=CARTESIAN_POINT('Ctrl Pts',(22.5077822973725,20.,2.86148542557324));
#2054=CARTESIAN_POINT('Ctrl Pts',(20.444444583522,22.1197582472692,3.72297085114647));
#2055=CARTESIAN_POINT('Ctrl Pts',(20.3246913628163,22.0603439883148,3.78600745562443));
#2056=CARTESIAN_POINT('Ctrl Pts',(20.1055277762912,21.9042908601515,3.92468182858601));
#2057=CARTESIAN_POINT('Ctrl Pts',(19.9416613087544,21.6793499020241,4.));
#2058=CARTESIAN_POINT('Ctrl Pts',(19.8802422060752,21.5555556946331,4.));
#2059=CARTESIAN_POINT('Ctrl Pts',(20.3969422718188,22.096190491581,3.52055087456314));
#2060=CARTESIAN_POINT('Ctrl Pts',(20.2730962676178,22.0281522965844,3.56956419175203));
#2061=CARTESIAN_POINT('Ctrl Pts',(20.0587260067785,21.8550964072782,3.67284677184114));
#2062=CARTESIAN_POINT('Ctrl Pts',(19.9278266476189,21.652339743447,3.71043706397378));
#2063=CARTESIAN_POINT('Ctrl Pts',(19.8802422060752,21.5555556946331,3.70080069965812));
#2064=CARTESIAN_POINT('Ctrl Pts',(20.2611722902875,22.1615881822687,3.16723224000789));
#2065=CARTESIAN_POINT('Ctrl Pts',(20.110334285849,22.0896349324265,3.19227713630522));
#2066=CARTESIAN_POINT('Ctrl Pts',(19.8537062255697,21.9095388180588,3.233803986239));
#2067=CARTESIAN_POINT('Ctrl Pts',(19.707955061603,21.7354200151611,3.20782614327674));
#2068=CARTESIAN_POINT('Ctrl Pts',(19.6552415415826,21.667187241913,3.18285032049311));
#2069=CARTESIAN_POINT('Ctrl Pts',(20.0783220988294,22.3906230147888,2.93054220576112));
#2070=CARTESIAN_POINT('Ctrl Pts',(19.8821562523869,22.3310123665197,2.95582768111259));
#2071=CARTESIAN_POINT('Ctrl Pts',(19.5290128465211,22.1784301317774,3.00551380816458));
#2072=CARTESIAN_POINT('Ctrl Pts',(19.2787232462658,21.9925298787667,3.01121669306725));
#2073=CARTESIAN_POINT('Ctrl Pts',(19.1854542258687,21.900266931095,3.));
#2074=CARTESIAN_POINT('Ctrl Pts',(20.,22.5077822973725,2.86148542557323));
#2075=CARTESIAN_POINT('Ctrl Pts',(19.7844442027299,22.4543094643136,2.89300372781221));
#2076=CARTESIAN_POINT('Ctrl Pts',(19.3899497469846,22.3138616489666,2.962340914293));
#2077=CARTESIAN_POINT('Ctrl Pts',(19.0949901054184,22.1114147866519,3.));
#2078=CARTESIAN_POINT('Ctrl Pts',(18.9844357205958,22.,3.));
#2079=CARTESIAN_POINT('Ctrl Pts',(19.8802422060752,21.5555556946331,4.));
#2080=CARTESIAN_POINT('Ctrl Pts',(19.9416613087544,21.6793499020241,4.));
#2081=CARTESIAN_POINT('Ctrl Pts',(20.1055277762912,21.9042908601515,3.92468182858601));
#2082=CARTESIAN_POINT('Ctrl Pts',(20.3246913628163,22.0603439883148,3.78600745562443));
#2083=CARTESIAN_POINT('Ctrl Pts',(20.444444583522,22.1197582472692,3.72297085114647));
#2084=CARTESIAN_POINT('Origin',(20.,20.,2.));
#2085=CARTESIAN_POINT('',(23.,20.,2.));
#2086=CARTESIAN_POINT('Origin',(22.,20.,2.));
#2087=CARTESIAN_POINT('Origin',(20.,20.,2.));
#2088=CARTESIAN_POINT('Origin',(21.0000003129244,21.0000003129244,3.));
#2089=CARTESIAN_POINT('',(22.2500003129244,21.0000003129244,22.));
#2090=CARTESIAN_POINT('',(19.7500003129244,21.0000003129244,22.));
#2091=CARTESIAN_POINT('Origin',(21.0000003129244,21.0000003129244,22.));
#2092=CARTESIAN_POINT('',(22.2500003129244,21.0000003129244,3.));
#2093=CARTESIAN_POINT('Origin',(21.0000003129244,21.0000003129244,22.));
#2094=CARTESIAN_POINT('Ctrl Pts',(19.7500003129244,21.0000003129244,22.));
#2095=CARTESIAN_POINT('Ctrl Pts',(19.7500003129244,19.7500003129244,22.));
#2096=CARTESIAN_POINT('Ctrl Pts',(21.0000003129244,19.7500003129244,22.));
#2097=CARTESIAN_POINT('Ctrl Pts',(22.2500003129244,19.7500003129244,22.));
#2098=CARTESIAN_POINT('Ctrl Pts',(22.2500003129244,21.0000003129244,22.));
#2099=CARTESIAN_POINT('Ctrl Pts',(22.2500003129244,22.2500003129244,22.));
#2100=CARTESIAN_POINT('Ctrl Pts',(21.0000003129244,22.2500003129244,22.));
#2101=CARTESIAN_POINT('Ctrl Pts',(19.7500003129244,22.2500003129244,22.));
#2102=CARTESIAN_POINT('Ctrl Pts',(19.7500003129244,21.0000003129244,22.));
#2103=CARTESIAN_POINT('Ctrl Pts',(19.7500003129244,21.0000003129244,23.));
#2104=CARTESIAN_POINT('Ctrl Pts',(19.7500003129244,19.7500003129244,23.));
#2105=CARTESIAN_POINT('Ctrl Pts',(21.0000003129244,19.7500003129244,23.));
#2106=CARTESIAN_POINT('Ctrl Pts',(22.2500003129244,19.7500003129244,23.));
#2107=CARTESIAN_POINT('Ctrl Pts',(22.2500003129244,21.0000003129244,23.));
#2108=CARTESIAN_POINT('Ctrl Pts',(22.2500003129244,22.2500003129244,23.));
#2109=CARTESIAN_POINT('Ctrl Pts',(21.0000003129244,22.2500003129244,23.));
#2110=CARTESIAN_POINT('Ctrl Pts',(19.7500003129244,22.2500003129244,23.));
#2111=CARTESIAN_POINT('Ctrl Pts',(19.7500003129244,21.0000003129244,23.));
#2112=CARTESIAN_POINT('Ctrl Pts',(20.7500003129244,21.0000003129244,23.));
#2113=CARTESIAN_POINT('Ctrl Pts',(20.7500003129244,20.7500003129244,23.));
#2114=CARTESIAN_POINT('Ctrl Pts',(21.0000003129244,20.7500003129244,23.));
#2115=CARTESIAN_POINT('Ctrl Pts',(21.2500003129244,20.7500003129244,23.));
#2116=CARTESIAN_POINT('Ctrl Pts',(21.2500003129244,21.0000003129244,23.));
#2117=CARTESIAN_POINT('Ctrl Pts',(21.2500003129244,21.2500003129244,23.));
#2118=CARTESIAN_POINT('Ctrl Pts',(21.0000003129244,21.2500003129244,23.));
#2119=CARTESIAN_POINT('Ctrl Pts',(20.7500003129244,21.2500003129244,23.));
#2120=CARTESIAN_POINT('Ctrl Pts',(20.7500003129244,21.0000003129244,23.));
#2121=CARTESIAN_POINT('',(20.7500003129244,21.0000003129244,23.));
#2122=CARTESIAN_POINT('Origin',(21.0000003129244,21.0000003129244,23.));
#2123=CARTESIAN_POINT('Origin',(20.7500003129244,21.0000003129244,22.));
#2124=CARTESIAN_POINT('Origin',(21.0000003129244,21.0000003129244,23.));
#2125=CARTESIAN_POINT('Ctrl Pts',(20.444444583522,0.880242095457524,3.72297105315861));
#2126=CARTESIAN_POINT('Ctrl Pts',(20.7084821462472,0.749242728317275,3.58398503054994));
#2127=CARTESIAN_POINT('Ctrl Pts',(21.1645982101193,0.699143000728989,3.3276278453854));
#2128=CARTESIAN_POINT('Ctrl Pts',(21.8652909588219,1.00779213386213,3.0404419073801));
#2129=CARTESIAN_POINT('Ctrl Pts',(22.209771074244,1.51246858718473,3.17485749202392));
#2130=CARTESIAN_POINT('Ctrl Pts',(22.2700332077132,2.10020249199547,3.48129419967134));
#2131=CARTESIAN_POINT('Ctrl Pts',(22.2016329163629,2.39053208175361,3.63610445934729));
#2132=CARTESIAN_POINT('Ctrl Pts',(22.1197583417359,2.55555556880103,3.72297075092033));
#2133=CARTESIAN_POINT('Ctrl Pts',(20.4028800719464,0.900863876145457,3.54585354068485));
#2134=CARTESIAN_POINT('Ctrl Pts',(20.6610460645326,0.760282408899452,3.43098980301581));
#2135=CARTESIAN_POINT('Ctrl Pts',(21.127838684019,0.689528053539882,3.20692043571078));
#2136=CARTESIAN_POINT('Ctrl Pts',(21.8659385579463,0.999684567409186,2.949474506741));
#2137=CARTESIAN_POINT('Ctrl Pts',(22.2233840042203,1.53428618207642,3.07084443658337));
#2138=CARTESIAN_POINT('Ctrl Pts',(22.2677994992604,2.14370038520237,3.34147161288215));
#2139=CARTESIAN_POINT('Ctrl Pts',(22.186999958605,2.43576632176344,3.47406342498565));
#2140=CARTESIAN_POINT('Ctrl Pts',(22.0991365672508,2.59712008562623,3.54585329081339));
#2141=CARTESIAN_POINT('Ctrl Pts',(20.2739387287667,0.849554272075594,3.1919841568128));
#2142=CARTESIAN_POINT('Ctrl Pts',(20.5547123240163,0.703568591204849,3.12492493079903));
#2143=CARTESIAN_POINT('Ctrl Pts',(21.0656733874508,0.62401419127049,2.9653490400141));
#2144=CARTESIAN_POINT('Ctrl Pts',(21.8846546956597,0.966062765699928,2.7673255504231));
#2145=CARTESIAN_POINT('Ctrl Pts',(22.2799434735489,1.56008329325124,2.86259215925424));
#2146=CARTESIAN_POINT('Ctrl Pts',(22.328310942357,2.23208504847449,3.06175202405035));
#2147=CARTESIAN_POINT('Ctrl Pts',(22.2416871704851,2.55057787843592,3.15007196075979));
#2148=CARTESIAN_POINT('Ctrl Pts',(22.1504461394344,2.72606139784465,3.19198401115132));
#2149=CARTESIAN_POINT('Ctrl Pts',(20.0913757882601,0.628903745136387,2.942051757937));
#2150=CARTESIAN_POINT('Ctrl Pts',(20.4455482838609,0.501000579981601,2.88367351339142));
#2151=CARTESIAN_POINT('Ctrl Pts',(21.0327400793877,0.473835998082905,2.75493932212852));
#2152=CARTESIAN_POINT('Ctrl Pts',(21.9373501592191,0.898680521295331,2.5987023452081));
#2153=CARTESIAN_POINT('Ctrl Pts',(22.39263054858,1.55049194751524,2.67346698525601));
#2154=CARTESIAN_POINT('Ctrl Pts',(22.5081404853574,2.30879767933033,2.83258524769896));
#2155=CARTESIAN_POINT('Ctrl Pts',(22.4510360206871,2.68726643727623,2.90556520407137));
#2156=CARTESIAN_POINT('Ctrl Pts',(22.3710965641055,2.90862425404426,2.94205163047293));
#2157=CARTESIAN_POINT('Ctrl Pts',(20.,0.492217873990843,2.8614855265793));
#2158=CARTESIAN_POINT('Ctrl Pts',(20.3952386767807,0.374318443564639,2.79199251527498));
#2159=CARTESIAN_POINT('Ctrl Pts',(21.0240412810356,0.382281697463076,2.6638139226927));
#2160=CARTESIAN_POINT('Ctrl Pts',(21.9707435950366,0.857755431050566,2.52022095369005));
#2161=CARTESIAN_POINT('Ctrl Pts',(22.4602783072028,1.53760978221569,2.58742874601197));
#2162=CARTESIAN_POINT('Ctrl Pts',(22.6196966821758,2.34107826542641,2.74064709983568));
#2163=CARTESIAN_POINT('Ctrl Pts',(22.5814694995568,2.75297582827729,2.81805222967366));
#2164=CARTESIAN_POINT('Ctrl Pts',(22.5077823823926,3.,2.86148537546017));
#2165=CARTESIAN_POINT('',(22.5077823823926,3.,2.86148537546016));
#2166=CARTESIAN_POINT('',(22.1196011166613,2.55587536379448,3.72161045850114));
#2167=CARTESIAN_POINT('Origin',(23.0155647647851,3.,3.72297075092033));
#2168=CARTESIAN_POINT('',(22.248830316128,1.999652676906,3.42911540211087));
#2169=CARTESIAN_POINT('Ctrl Pts',(22.1195588640979,2.55596130529126,3.72124489440863));
#2170=CARTESIAN_POINT('Ctrl Pts',(22.2014916587197,2.39097323701128,3.63452550557993));
#2171=CARTESIAN_POINT('Ctrl Pts',(22.2463947870726,2.20070282755913,3.53321696314238));
#2172=CARTESIAN_POINT('Ctrl Pts',(22.2489653307943,2.00887530806639,3.43257400739074));
#2173=CARTESIAN_POINT('Ctrl Pts',(22.248992657176,1.99999791688893,3.4279230739458));
#2174=CARTESIAN_POINT('',(20.444444583522,0.880242095457524,3.72297105315861));
#2175=CARTESIAN_POINT('Ctrl Pts',(22.2489919347084,1.99961977768414,3.42923063930841));
#2176=CARTESIAN_POINT('Ctrl Pts',(22.2492713856417,1.8987314724277,3.37629576722626));
#2177=CARTESIAN_POINT('Ctrl Pts',(22.2042004130733,1.5043073569818,3.17268382903267));
#2178=CARTESIAN_POINT('Ctrl Pts',(21.8652909588219,1.00779213386213,3.0404419073801));
#2179=CARTESIAN_POINT('Ctrl Pts',(21.1645982101193,0.699143000728989,3.3276278453854));
#2180=CARTESIAN_POINT('Ctrl Pts',(20.7084821462472,0.749242728317275,3.58398503054994));
#2181=CARTESIAN_POINT('Ctrl Pts',(20.444444583522,0.880242095457524,3.72297105315861));
#2182=CARTESIAN_POINT('',(20.,0.492217873990842,2.8614855265793));
#2183=CARTESIAN_POINT('Origin',(20.,-0.0155642520183145,3.72297105315861));
#2184=CARTESIAN_POINT('Ctrl Pts',(20.,0.492217873990843,2.8614855265793));
#2185=CARTESIAN_POINT('Ctrl Pts',(20.3952386767807,0.374318443564639,2.79199251527498));
#2186=CARTESIAN_POINT('Ctrl Pts',(21.0240412810356,0.382281697463076,2.6638139226927));
#2187=CARTESIAN_POINT('Ctrl Pts',(21.9707435950366,0.857755431050566,2.52022095369005));
#2188=CARTESIAN_POINT('Ctrl Pts',(22.4602783072028,1.53760978221569,2.58742874601197));
#2189=CARTESIAN_POINT('Ctrl Pts',(22.6196966821758,2.34107826542641,2.74064709983568));
#2190=CARTESIAN_POINT('Ctrl Pts',(22.5814694995568,2.75297582827729,2.81805222967366));
#2191=CARTESIAN_POINT('Ctrl Pts',(22.5077823823926,3.,2.86148537546017));
#2192=CARTESIAN_POINT('Origin',(21.0000003129244,2.00000002980232,4.));
#2193=CARTESIAN_POINT('',(19.8802423005419,1.44444445768992,4.));
#2194=CARTESIAN_POINT('Origin',(18.9844358906358,1.,4.));
#2195=CARTESIAN_POINT('',(21.5555556946331,3.11975813665153,4.));
#2196=CARTESIAN_POINT('Origin',(21.0000003129244,2.00000002980232,4.));
#2197=CARTESIAN_POINT('Origin',(22.,4.0155646221309,4.));
#2198=CARTESIAN_POINT('Ctrl Pts',(20.,0.492217873990843,2.8614855265793));
#2199=CARTESIAN_POINT('Ctrl Pts',(19.7844469872583,0.545690016293038,2.89300340733615));
#2200=CARTESIAN_POINT('Ctrl Pts',(19.3899463464508,0.686140036699014,2.96234190140164));
#2201=CARTESIAN_POINT('Ctrl Pts',(19.0949888819889,0.888586665245965,3.));
#2202=CARTESIAN_POINT('Ctrl Pts',(18.9844358906358,0.999999999999998,3.));
#2203=CARTESIAN_POINT('Ctrl Pts',(20.1044294722973,0.648430298157179,2.95356121955953));
#2204=CARTESIAN_POINT('Ctrl Pts',(19.9148198667294,0.710222524568772,2.97663863470706));
#2205=CARTESIAN_POINT('Ctrl Pts',(19.5749952091499,0.867100143357899,3.02021708034024));
#2206=CARTESIAN_POINT('Ctrl Pts',(19.3396165724559,1.04739673160508,3.01526831872811));
#2207=CARTESIAN_POINT('Ctrl Pts',(19.2524605417215,1.13297747078165,3.));
#2208=CARTESIAN_POINT('Ctrl Pts',(20.2867201747273,0.860741411306978,3.21671105063813));
#2209=CARTESIAN_POINT('Ctrl Pts',(20.142070677508,0.933623596558717,3.24487475258211));
#2210=CARTESIAN_POINT('Ctrl Pts',(19.8981233010285,1.11614166222198,3.29393320541311));
#2211=CARTESIAN_POINT('Ctrl Pts',(19.7646105695936,1.29351474030083,3.27460899940801));
#2212=CARTESIAN_POINT('Ctrl Pts',(19.7165570493325,1.3632338279142,3.25106570680995));
#2213=CARTESIAN_POINT('Ctrl Pts',(20.4088178593143,0.897917907475753,3.57115604246681));
#2214=CARTESIAN_POINT('Ctrl Pts',(20.2859207478231,0.96369264068383,3.62376189924995));
#2215=CARTESIAN_POINT('Ctrl Pts',(20.0707277321467,1.1323253288614,3.73559140475323));
#2216=CARTESIAN_POINT('Ctrl Pts',(19.9315728370915,1.34069717149762,3.78261309675929));
#2217=CARTESIAN_POINT('Ctrl Pts',(19.8802423005419,1.44444445768992,3.77560052474359));
#2218=CARTESIAN_POINT('Ctrl Pts',(20.444444583522,0.880242095457525,3.72297105315861));
#2219=CARTESIAN_POINT('Ctrl Pts',(20.3246929097766,0.939655586904407,3.78600681467229));
#2220=CARTESIAN_POINT('Ctrl Pts',(20.1055258871057,1.09571116513325,3.92468380280327));
#2221=CARTESIAN_POINT('Ctrl Pts',(19.9416606290713,1.32065186351876,4.));
#2222=CARTESIAN_POINT('Ctrl Pts',(19.8802423005419,1.44444445768992,4.));
#2223=CARTESIAN_POINT('Ctrl Pts',(18.9844358906358,0.999999999999998,3.));
#2224=CARTESIAN_POINT('Ctrl Pts',(19.0949888819889,0.888586665245965,3.));
#2225=CARTESIAN_POINT('Ctrl Pts',(19.3899463464508,0.686140036699014,2.96234190140164));
#2226=CARTESIAN_POINT('Ctrl Pts',(19.7844469872583,0.545690016293038,2.89300340733615));
#2227=CARTESIAN_POINT('Ctrl Pts',(20.,0.492217873990843,2.8614855265793));
#2228=CARTESIAN_POINT('Ctrl Pts',(20.444444583522,0.880242095457525,3.72297105315861));
#2229=CARTESIAN_POINT('Ctrl Pts',(20.3246929097766,0.939655586904407,3.78600681467229));
#2230=CARTESIAN_POINT('Ctrl Pts',(20.1055258871057,1.09571116513325,3.92468380280327));
#2231=CARTESIAN_POINT('Ctrl Pts',(19.9416606290713,1.32065186351876,4.));
#2232=CARTESIAN_POINT('Ctrl Pts',(19.8802423005419,1.44444445768992,4.));
#2233=CARTESIAN_POINT('Ctrl Pts',(22.,4.0155646221309,3.));
#2234=CARTESIAN_POINT('Ctrl Pts',(22.1114154306825,3.90500959825124,3.));
#2235=CARTESIAN_POINT('Ctrl Pts',(22.3138644619773,3.61004686489135,2.96234079086239));
#2236=CARTESIAN_POINT('Ctrl Pts',(22.4543092581596,3.21555706309193,2.89300385643553));
#2237=CARTESIAN_POINT('Ctrl Pts',(22.5077823823926,3.,2.86148537546016));
#2238=CARTESIAN_POINT('Ctrl Pts',(21.8670225747933,3.74753994843375,3.));
#2239=CARTESIAN_POINT('Ctrl Pts',(21.9526049209951,3.66038231678444,3.01526860072562));
#2240=CARTESIAN_POINT('Ctrl Pts',(22.1329025868456,3.42499975376568,3.02021766647999));
#2241=CARTESIAN_POINT('Ctrl Pts',(22.2897766499107,3.08518375008711,2.97663896191378));
#2242=CARTESIAN_POINT('Ctrl Pts',(22.3515700186359,2.89557057605058,2.95356109547476));
#2243=CARTESIAN_POINT('Ctrl Pts',(21.6367804486898,3.28347192617901,3.25109224515108));
#2244=CARTESIAN_POINT('Ctrl Pts',(21.706500840263,3.23541752622463,3.27463597258091));
#2245=CARTESIAN_POINT('Ctrl Pts',(21.8838760504097,3.10188722799733,3.2939469900199));
#2246=CARTESIAN_POINT('Ctrl Pts',(22.0663842838722,2.8579351757669,3.24487988778487));
#2247=CARTESIAN_POINT('Ctrl Pts',(22.139267819627,2.71328294566956,3.21671563218635));
#2248=CARTESIAN_POINT('Ctrl Pts',(21.5555556946331,3.11975813665153,3.77560052474359));
#2249=CARTESIAN_POINT('Ctrl Pts',(21.6593049291217,3.06842665808073,3.78261322627766));
#2250=CARTESIAN_POINT('Ctrl Pts',(21.8676799356365,2.92926898525602,3.73558927029392));
#2251=CARTESIAN_POINT('Ctrl Pts',(22.0363065890612,2.71408172541747,3.62376264886469));
#2252=CARTESIAN_POINT('Ctrl Pts',(22.1020825350344,2.59118229750835,3.57115578511438));
#2253=CARTESIAN_POINT('Ctrl Pts',(21.5555556946331,3.11975813665153,4.));
#2254=CARTESIAN_POINT('Ctrl Pts',(21.6793506176138,3.05833867894057,4.));
#2255=CARTESIAN_POINT('Ctrl Pts',(21.904293985719,2.89447049374068,3.92468158172477));
#2256=CARTESIAN_POINT('Ctrl Pts',(22.0603437592548,2.675309492741,3.78600771287105));
#2257=CARTESIAN_POINT('Ctrl Pts',(22.1197583417359,2.55555556880103,3.72297075092033));
#2258=CARTESIAN_POINT('Ctrl Pts',(22.5077823823926,3.,2.86148537546016));
#2259=CARTESIAN_POINT('Ctrl Pts',(22.4543092581596,3.21555706309193,2.89300385643553));
#2260=CARTESIAN_POINT('Ctrl Pts',(22.3138644619773,3.61004686489135,2.96234079086239));
#2261=CARTESIAN_POINT('Ctrl Pts',(22.1114154306825,3.90500959825124,3.));
#2262=CARTESIAN_POINT('Ctrl Pts',(22.,4.0155646221309,3.));
#2263=CARTESIAN_POINT('Ctrl Pts',(21.5555556946331,3.11975813665153,4.));
#2264=CARTESIAN_POINT('Ctrl Pts',(21.6793506176138,3.05833867894057,4.));
#2265=CARTESIAN_POINT('Ctrl Pts',(21.904293985719,2.89447049374068,3.92468158172477));
#2266=CARTESIAN_POINT('Ctrl Pts',(22.0603437592548,2.675309492741,3.78600771287105));
#2267=CARTESIAN_POINT('Ctrl Pts',(22.1197583417359,2.55555556880103,3.72297075092033));
#2268=CARTESIAN_POINT('Origin',(7.25,1.,2.));
#2269=CARTESIAN_POINT('',(3.,0.492217788970797,2.86148547646626));
#2270=CARTESIAN_POINT('Ctrl Pts',(3.,0.492217788970797,2.86148547646626));
#2271=CARTESIAN_POINT('Ctrl Pts',(3.21555700885481,0.545690899749198,2.89300393517904));
#2272=CARTESIAN_POINT('Ctrl Pts',(3.6100408386628,0.686128670299318,2.96234239299079));
#2273=CARTESIAN_POINT('Ctrl Pts',(3.90500942136664,0.888584610004054,3.));
#2274=CARTESIAN_POINT('Ctrl Pts',(4.01556445209087,1.,3.));
#2275=CARTESIAN_POINT('',(3.,0.,2.));
#2276=CARTESIAN_POINT('Origin',(3.,1.,2.));
#2277=CARTESIAN_POINT('',(20.,-1.11022302462516E-15,2.));
#2278=CARTESIAN_POINT('',(7.25,-1.38777878078145E-16,2.));
#2279=CARTESIAN_POINT('Origin',(20.,0.999999999999999,2.));
#2280=CARTESIAN_POINT('Origin',(21.0000003129244,2.00000002980232,3.));
#2281=CARTESIAN_POINT('',(22.2500003129244,2.00000002980232,22.));
#2282=CARTESIAN_POINT('',(19.7500003129244,2.00000002980232,22.));
#2283=CARTESIAN_POINT('Origin',(21.0000003129244,2.00000002980232,22.));
#2284=CARTESIAN_POINT('',(22.2500003129244,2.00000002980232,3.));
#2285=CARTESIAN_POINT('Origin',(21.0000003129244,2.00000002980232,22.));
#2286=CARTESIAN_POINT('Ctrl Pts',(19.7500003129244,2.00000002980232,22.));
#2287=CARTESIAN_POINT('Ctrl Pts',(19.7500003129244,0.750000029802323,22.));
#2288=CARTESIAN_POINT('Ctrl Pts',(21.0000003129244,0.750000029802322,22.));
#2289=CARTESIAN_POINT('Ctrl Pts',(22.2500003129244,0.750000029802323,22.));
#2290=CARTESIAN_POINT('Ctrl Pts',(22.2500003129244,2.00000002980232,22.));
#2291=CARTESIAN_POINT('Ctrl Pts',(22.2500003129244,3.25000002980232,22.));
#2292=CARTESIAN_POINT('Ctrl Pts',(21.0000003129244,3.25000002980232,22.));
#2293=CARTESIAN_POINT('Ctrl Pts',(19.7500003129244,3.25000002980232,22.));
#2294=CARTESIAN_POINT('Ctrl Pts',(19.7500003129244,2.00000002980232,22.));
#2295=CARTESIAN_POINT('Ctrl Pts',(19.7500003129244,2.00000002980232,23.));
#2296=CARTESIAN_POINT('Ctrl Pts',(19.7500003129244,0.750000029802323,23.));
#2297=CARTESIAN_POINT('Ctrl Pts',(21.0000003129244,0.750000029802322,23.));
#2298=CARTESIAN_POINT('Ctrl Pts',(22.2500003129244,0.750000029802323,23.));
#2299=CARTESIAN_POINT('Ctrl Pts',(22.2500003129244,2.00000002980232,23.));
#2300=CARTESIAN_POINT('Ctrl Pts',(22.2500003129244,3.25000002980232,23.));
#2301=CARTESIAN_POINT('Ctrl Pts',(21.0000003129244,3.25000002980232,23.));
#2302=CARTESIAN_POINT('Ctrl Pts',(19.7500003129244,3.25000002980232,23.));
#2303=CARTESIAN_POINT('Ctrl Pts',(19.7500003129244,2.00000002980232,23.));
#2304=CARTESIAN_POINT('Ctrl Pts',(20.7500003129244,2.00000002980232,23.));
#2305=CARTESIAN_POINT('Ctrl Pts',(20.7500003129244,1.75000002980232,23.));
#2306=CARTESIAN_POINT('Ctrl Pts',(21.0000003129244,1.75000002980232,23.));
#2307=CARTESIAN_POINT('Ctrl Pts',(21.2500003129244,1.75000002980232,23.));
#2308=CARTESIAN_POINT('Ctrl Pts',(21.2500003129244,2.00000002980232,23.));
#2309=CARTESIAN_POINT('Ctrl Pts',(21.2500003129244,2.25000002980232,23.));
#2310=CARTESIAN_POINT('Ctrl Pts',(21.0000003129244,2.25000002980232,23.));
#2311=CARTESIAN_POINT('Ctrl Pts',(20.7500003129244,2.25000002980232,23.));
#2312=CARTESIAN_POINT('Ctrl Pts',(20.7500003129244,2.00000002980232,23.));
#2313=CARTESIAN_POINT('',(20.7500003129244,2.00000002980232,23.));
#2314=CARTESIAN_POINT('Origin',(21.0000003129244,2.00000002980232,23.));
#2315=CARTESIAN_POINT('Origin',(20.7500003129244,2.00000002980232,22.));
#2316=CARTESIAN_POINT('Origin',(21.0000003129244,2.00000002980232,23.));
#2317=CARTESIAN_POINT('Ctrl Pts',(0.880242000990805,2.55555556880103,3.72297095293251));
#2318=CARTESIAN_POINT('Ctrl Pts',(0.798367431363673,2.3905320918311,3.63610470616402));
#2319=CARTESIAN_POINT('Ctrl Pts',(0.730119594397947,2.09993398186942,3.48206709590812));
#2320=CARTESIAN_POINT('Ctrl Pts',(0.788736361669401,1.51276991481629,3.172091594249));
#2321=CARTESIAN_POINT('Ctrl Pts',(1.22983998701945,0.87162775244816,3.01280962288062));
#2322=CARTESIAN_POINT('Ctrl Pts',(2.00018643808898,0.688609985148527,3.43088338727269));
#2323=CARTESIAN_POINT('Ctrl Pts',(2.42353678722509,0.8147423452891,3.65347795551772));
#2324=CARTESIAN_POINT('Ctrl Pts',(2.55555556880103,0.880242000990806,3.72297095293251));
#2325=CARTESIAN_POINT('Ctrl Pts',(0.900863769936697,2.59712007446158,3.54585345986222));
#2326=CARTESIAN_POINT('Ctrl Pts',(0.813000386965413,2.43576632251345,3.47406363573215));
#2327=CARTESIAN_POINT('Ctrl Pts',(0.732520284290717,2.14324407148455,3.3421618870904));
#2328=CARTESIAN_POINT('Ctrl Pts',(0.774904770374297,1.53468781484318,3.068281911378));
#2329=CARTESIAN_POINT('Ctrl Pts',(1.2337326316393,0.854623904384474,2.92463339267264));
#2330=CARTESIAN_POINT('Ctrl Pts',(2.04535415894641,0.685116837150628,3.29925843178424));
#2331=CARTESIAN_POINT('Ctrl Pts',(2.46803707290307,0.83057306355967,3.48842160055817));
#2332=CARTESIAN_POINT('Ctrl Pts',(2.59712007446158,0.900863769936698,3.54585345986222));
#2333=CARTESIAN_POINT('Ctrl Pts',(0.84970095288772,2.72601489633991,3.19189401506984));
#2334=CARTESIAN_POINT('Ctrl Pts',(0.758459934421116,2.55053138918729,3.14998200003859));
#2335=CARTESIAN_POINT('Ctrl Pts',(0.672074771993605,2.2315554927148,3.06232293665245));
#2336=CARTESIAN_POINT('Ctrl Pts',(0.717986051161817,1.56065895437821,2.86048291810382));
#2337=CARTESIAN_POINT('Ctrl Pts',(1.22602022303692,0.804431561843257,2.74816996769213));
#2338=CARTESIAN_POINT('Ctrl Pts',(2.12566091846694,0.621004207735295,3.03586449673611));
#2339=CARTESIAN_POINT('Ctrl Pts',(2.58562809061781,0.776708138114435,3.15836440304484));
#2340=CARTESIAN_POINT('Ctrl Pts',(2.72601489633991,0.84970095288772,3.19189401506984));
#2341=CARTESIAN_POINT('Ctrl Pts',(0.628903648722429,2.90862424775178,2.9420517192842));
#2342=CARTESIAN_POINT('Ctrl Pts',(0.548964201112637,2.68726643777317,2.90556531966757));
#2343=CARTESIAN_POINT('Ctrl Pts',(0.492246928257577,2.30847497627405,2.83293896789331));
#2344=CARTESIAN_POINT('Ctrl Pts',(0.605480544362021,1.5509892952576,2.67171938493155));
#2345=CARTESIAN_POINT('Ctrl Pts',(1.18899000866849,0.722729662364609,2.58351117945046));
#2346=CARTESIAN_POINT('Ctrl Pts',(2.17742073535369,0.451869073259915,2.81053315767078));
#2347=CARTESIAN_POINT('Ctrl Pts',(2.73153799976889,0.564952090634593,2.91286259959089));
#2348=CARTESIAN_POINT('Ctrl Pts',(2.90862424775179,0.62890364872243,2.9420517192842));
#2349=CARTESIAN_POINT('Ctrl Pts',(0.492217788970796,3.,2.86148547646626));
#2350=CARTESIAN_POINT('Ctrl Pts',(0.418530676306381,2.75297583216718,2.81805235308201));
#2351=CARTESIAN_POINT('Ctrl Pts',(0.380571088671255,2.34091568006599,2.74103354795406));
#2352=CARTESIAN_POINT('Ctrl Pts',(0.537967400991988,1.53801276372634,2.5860457971245));
#2353=CARTESIAN_POINT('Ctrl Pts',(1.16394178424971,0.675191393524243,2.50640481144031));
#2354=CARTESIAN_POINT('Ctrl Pts',(2.19526498491052,0.347197136044158,2.71544169363635));
#2355=CARTESIAN_POINT('Ctrl Pts',(2.80238066573373,0.43326809883926,2.82673897775886));
#2356=CARTESIAN_POINT('Ctrl Pts',(3.,0.492217788970797,2.86148547646626));
#2357=CARTESIAN_POINT('',(2.55555556880103,0.880242000990806,3.72297095293251));
#2358=CARTESIAN_POINT('Origin',(3.,-0.0155644220584071,3.72297095293251));
#2359=CARTESIAN_POINT('',(0.880242000990805,2.55555556880103,3.72297095293251));
#2360=CARTESIAN_POINT('Ctrl Pts',(2.55555556880103,0.880242000990806,3.72297095293251));
#2361=CARTESIAN_POINT('Ctrl Pts',(2.42353678722509,0.8147423452891,3.65347795551772));
#2362=CARTESIAN_POINT('Ctrl Pts',(2.00018643808898,0.688609985148527,3.43088338727269));
#2363=CARTESIAN_POINT('Ctrl Pts',(1.22983998701945,0.87162775244816,3.01280962288062));
#2364=CARTESIAN_POINT('Ctrl Pts',(0.788736361669401,1.51276991481629,3.172091594249));
#2365=CARTESIAN_POINT('Ctrl Pts',(0.730119594397947,2.09993398186942,3.48206709590812));
#2366=CARTESIAN_POINT('Ctrl Pts',(0.798367431363673,2.3905320918311,3.63610470616402));
#2367=CARTESIAN_POINT('Ctrl Pts',(0.880242000990805,2.55555556880103,3.72297095293251));
#2368=CARTESIAN_POINT('',(0.492217788970796,3.,2.86148547646626));
#2369=CARTESIAN_POINT('Origin',(-0.0155644220584085,3.,3.72297095293251));
#2370=CARTESIAN_POINT('Ctrl Pts',(0.492217788970796,3.,2.86148547646626));
#2371=CARTESIAN_POINT('Ctrl Pts',(0.418530676306381,2.75297583216718,2.81805235308201));
#2372=CARTESIAN_POINT('Ctrl Pts',(0.380571088671255,2.34091568006599,2.74103354795406));
#2373=CARTESIAN_POINT('Ctrl Pts',(0.537967400991988,1.53801276372634,2.5860457971245));
#2374=CARTESIAN_POINT('Ctrl Pts',(1.16394178424971,0.675191393524243,2.50640481144031));
#2375=CARTESIAN_POINT('Ctrl Pts',(2.19526498491052,0.347197136044158,2.71544169363635));
#2376=CARTESIAN_POINT('Ctrl Pts',(2.80238066573373,0.43326809883926,2.82673897775886));
#2377=CARTESIAN_POINT('Ctrl Pts',(3.,0.492217788970797,2.86148547646626));
#2378=CARTESIAN_POINT('Origin',(2.00000002980232,2.00000002980232,4.));
#2379=CARTESIAN_POINT('',(1.44444445768992,3.11975804218485,4.));
#2380=CARTESIAN_POINT('Origin',(1.,4.01556445209087,4.));
#2381=CARTESIAN_POINT('',(3.25000002980232,2.00000002980232,4.));
#2382=CARTESIAN_POINT('Origin',(2.00000002980232,2.00000002980232,4.));
#2383=CARTESIAN_POINT('',(3.11975804218485,1.44444445768992,4.));
#2384=CARTESIAN_POINT('Origin',(2.00000002980232,2.00000002980232,4.));
#2385=CARTESIAN_POINT('Origin',(4.01556445209087,1.,4.));
#2386=CARTESIAN_POINT('Ctrl Pts',(0.492217788970796,3.,2.86148547646626));
#2387=CARTESIAN_POINT('Ctrl Pts',(0.545689927481031,3.21555308951639,2.8930033620986));
#2388=CARTESIAN_POINT('Ctrl Pts',(0.68613324305169,3.61004821068073,2.96234334983817));
#2389=CARTESIAN_POINT('Ctrl Pts',(0.888586635800483,3.9050114315197,3.));
#2390=CARTESIAN_POINT('Ctrl Pts',(1.,4.01556445209087,3.));
#2391=CARTESIAN_POINT('Ctrl Pts',(0.64843020011552,2.89557056885918,2.95356118254391));
#2392=CARTESIAN_POINT('Ctrl Pts',(0.710222425608283,3.08518024580672,2.97663860515495));
#2393=CARTESIAN_POINT('Ctrl Pts',(0.867073388911952,3.42499447726682,3.02020787649281));
#2394=CARTESIAN_POINT('Ctrl Pts',(1.04739670898692,3.66038374723628,3.01526832276338));
#2395=CARTESIAN_POINT('Ctrl Pts',(1.13297747078165,3.74753980100521,3.));
#2396=CARTESIAN_POINT('Ctrl Pts',(0.860822963447595,2.71325224781908,3.2166671384791));
#2397=CARTESIAN_POINT('Ctrl Pts',(0.933705149585273,2.85790180677244,3.244830850577));
#2398=CARTESIAN_POINT('Ctrl Pts',(1.11627485100378,3.10176099151296,3.29381983191928));
#2399=CARTESIAN_POINT('Ctrl Pts',(1.29364586457481,3.2351254338805,3.27436308417357));
#2400=CARTESIAN_POINT('Ctrl Pts',(1.36336497061423,3.2831789668417,3.25081978535324));
#2401=CARTESIAN_POINT('Ctrl Pts',(0.897917802944427,2.59118228793864,3.57115595887226));
#2402=CARTESIAN_POINT('Ctrl Pts',(0.963692534080783,2.71407944816362,3.62376182551825));
#2403=CARTESIAN_POINT('Ctrl Pts',(1.13232466129955,2.92927196699597,3.73560276406516));
#2404=CARTESIAN_POINT('Ctrl Pts',(1.34069714407825,3.06842749206905,3.78261309861264));
#2405=CARTESIAN_POINT('Ctrl Pts',(1.44444445768992,3.11975804218485,3.77560052474359));
#2406=CARTESIAN_POINT('Ctrl Pts',(0.880242000990805,2.55555556880103,3.72297095293251));
#2407=CARTESIAN_POINT('Ctrl Pts',(0.939655488224412,2.67530728519905,3.7860067241972));
#2408=CARTESIAN_POINT('Ctrl Pts',(1.09570361663624,2.89447124140144,3.92468669967635));
#2409=CARTESIAN_POINT('Ctrl Pts',(1.32065183080161,3.0583396974231,4.));
#2410=CARTESIAN_POINT('Ctrl Pts',(1.44444445768992,3.11975804218485,4.));
#2411=CARTESIAN_POINT('Ctrl Pts',(1.,4.01556445209087,3.));
#2412=CARTESIAN_POINT('Ctrl Pts',(0.888586635800483,3.9050114315197,3.));
#2413=CARTESIAN_POINT('Ctrl Pts',(0.68613324305169,3.61004821068073,2.96234334983817));
#2414=CARTESIAN_POINT('Ctrl Pts',(0.545689927481031,3.21555308951639,2.8930033620986));
#2415=CARTESIAN_POINT('Ctrl Pts',(0.492217788970796,3.,2.86148547646626));
#2416=CARTESIAN_POINT('Ctrl Pts',(0.880242000990805,2.55555556880103,3.72297095293251));
#2417=CARTESIAN_POINT('Ctrl Pts',(0.939655488224412,2.67530728519905,3.7860067241972));
#2418=CARTESIAN_POINT('Ctrl Pts',(1.09570361663624,2.89447124140144,3.92468669967635));
#2419=CARTESIAN_POINT('Ctrl Pts',(1.32065183080161,3.0583396974231,4.));
#2420=CARTESIAN_POINT('Ctrl Pts',(1.44444445768992,3.11975804218485,4.));
#2421=CARTESIAN_POINT('Ctrl Pts',(4.01556445209087,1.,3.));
#2422=CARTESIAN_POINT('Ctrl Pts',(3.90500942136664,0.888584610004054,3.));
#2423=CARTESIAN_POINT('Ctrl Pts',(3.6100408386628,0.686128670299318,2.96234239299079));
#2424=CARTESIAN_POINT('Ctrl Pts',(3.21555700885481,0.545690899749198,2.89300393517904));
#2425=CARTESIAN_POINT('Ctrl Pts',(3.,0.492217788970797,2.86148547646626));
#2426=CARTESIAN_POINT('Ctrl Pts',(3.74753980100521,1.13297747078165,3.));
#2427=CARTESIAN_POINT('Ctrl Pts',(3.66038216250339,1.04739515289711,3.0152686003828));
#2428=CARTESIAN_POINT('Ctrl Pts',(3.42498846706489,0.867069215334721,3.02020782640943));
#2429=CARTESIAN_POINT('Ctrl Pts',(3.08518369342368,0.710223549158136,2.97663902476494));
#2430=CARTESIAN_POINT('Ctrl Pts',(2.89557056885918,0.648430200115521,2.95356118254391));
#2431=CARTESIAN_POINT('Ctrl Pts',(3.2831789668417,1.36336497061423,3.25081978535324));
#2432=CARTESIAN_POINT('Ctrl Pts',(3.23512456013725,1.29364459689283,3.27436351225445));
#2433=CARTESIAN_POINT('Ctrl Pts',(3.10175728629103,1.1162706755418,3.29381998309408));
#2434=CARTESIAN_POINT('Ctrl Pts',(2.85790443689278,0.933706474780602,3.24483136266948));
#2435=CARTESIAN_POINT('Ctrl Pts',(2.71325224781908,0.860822963447596,3.2166671384791));
#2436=CARTESIAN_POINT('Ctrl Pts',(3.11975804218485,1.44444445768992,3.77560052474359));
#2437=CARTESIAN_POINT('Ctrl Pts',(3.06842655874077,1.34069525767138,3.78261322612021));
#2438=CARTESIAN_POINT('Ctrl Pts',(2.9292683341591,1.1323198813769,3.73560146654142));
#2439=CARTESIAN_POINT('Ctrl Pts',(2.71408168276646,0.963693730043338,3.62376278203523));
#2440=CARTESIAN_POINT('Ctrl Pts',(2.59118228793864,0.897917802944428,3.57115595887226));
#2441=CARTESIAN_POINT('Ctrl Pts',(3.11975804218485,1.44444445768992,4.));
#2442=CARTESIAN_POINT('Ctrl Pts',(3.05833858067142,1.32064957991671,4.));
#2443=CARTESIAN_POINT('Ctrl Pts',(2.89446714583593,1.09569853580028,3.92468478598158));
#2444=CARTESIAN_POINT('Ctrl Pts',(2.67530946260921,0.939656568522338,3.78600787035807));
#2445=CARTESIAN_POINT('Ctrl Pts',(2.55555556880103,0.880242000990807,3.72297095293251));
#2446=CARTESIAN_POINT('Ctrl Pts',(3.11975804218485,1.44444445768992,4.));
#2447=CARTESIAN_POINT('Ctrl Pts',(3.05833858067142,1.32064957991671,4.));
#2448=CARTESIAN_POINT('Ctrl Pts',(2.89446714583593,1.09569853580028,3.92468478598158));
#2449=CARTESIAN_POINT('Ctrl Pts',(2.67530946260921,0.939656568522338,3.78600787035807));
#2450=CARTESIAN_POINT('Ctrl Pts',(2.55555556880103,0.880242000990807,3.72297095293251));
#2451=CARTESIAN_POINT('Origin',(1.,15.75,2.));
#2452=CARTESIAN_POINT('',(-1.66533453693773E-15,20.,2.));
#2453=CARTESIAN_POINT('Origin',(0.999999999999998,20.,2.));
#2454=CARTESIAN_POINT('',(0.,3.,2.));
#2455=CARTESIAN_POINT('',(0.,15.75,2.));
#2456=CARTESIAN_POINT('Origin',(1.,3.,2.));
#2457=CARTESIAN_POINT('Origin',(2.00000002980232,2.00000002980232,3.));
#2458=CARTESIAN_POINT('',(3.25000002980232,2.00000002980232,22.));
#2459=CARTESIAN_POINT('',(0.750000029802322,2.00000002980232,22.));
#2460=CARTESIAN_POINT('Origin',(2.00000002980232,2.00000002980232,22.));
#2461=CARTESIAN_POINT('',(3.25000002980232,2.00000002980232,3.));
#2462=CARTESIAN_POINT('Origin',(2.00000002980232,2.00000002980232,22.));
#2463=CARTESIAN_POINT('Ctrl Pts',(0.750000029802322,2.00000002980232,22.));
#2464=CARTESIAN_POINT('Ctrl Pts',(0.750000029802323,0.750000029802323,22.));
#2465=CARTESIAN_POINT('Ctrl Pts',(2.00000002980232,0.750000029802322,22.));
#2466=CARTESIAN_POINT('Ctrl Pts',(3.25000002980232,0.750000029802323,22.));
#2467=CARTESIAN_POINT('Ctrl Pts',(3.25000002980232,2.00000002980232,22.));
#2468=CARTESIAN_POINT('Ctrl Pts',(3.25000002980232,3.25000002980232,22.));
#2469=CARTESIAN_POINT('Ctrl Pts',(2.00000002980232,3.25000002980232,22.));
#2470=CARTESIAN_POINT('Ctrl Pts',(0.750000029802323,3.25000002980232,22.));
#2471=CARTESIAN_POINT('Ctrl Pts',(0.750000029802322,2.00000002980232,22.));
#2472=CARTESIAN_POINT('Ctrl Pts',(0.750000029802322,2.00000002980232,23.));
#2473=CARTESIAN_POINT('Ctrl Pts',(0.750000029802323,0.750000029802323,23.));
#2474=CARTESIAN_POINT('Ctrl Pts',(2.00000002980232,0.750000029802322,23.));
#2475=CARTESIAN_POINT('Ctrl Pts',(3.25000002980232,0.750000029802323,23.));
#2476=CARTESIAN_POINT('Ctrl Pts',(3.25000002980232,2.00000002980232,23.));
#2477=CARTESIAN_POINT('Ctrl Pts',(3.25000002980232,3.25000002980232,23.));
#2478=CARTESIAN_POINT('Ctrl Pts',(2.00000002980232,3.25000002980232,23.));
#2479=CARTESIAN_POINT('Ctrl Pts',(0.750000029802323,3.25000002980232,23.));
#2480=CARTESIAN_POINT('Ctrl Pts',(0.750000029802322,2.00000002980232,23.));
#2481=CARTESIAN_POINT('Ctrl Pts',(1.75000002980232,2.00000002980232,23.));
#2482=CARTESIAN_POINT('Ctrl Pts',(1.75000002980232,1.75000002980232,23.));
#2483=CARTESIAN_POINT('Ctrl Pts',(2.00000002980232,1.75000002980232,23.));
#2484=CARTESIAN_POINT('Ctrl Pts',(2.25000002980232,1.75000002980232,23.));
#2485=CARTESIAN_POINT('Ctrl Pts',(2.25000002980232,2.00000002980232,23.));
#2486=CARTESIAN_POINT('Ctrl Pts',(2.25000002980232,2.25000002980232,23.));
#2487=CARTESIAN_POINT('Ctrl Pts',(2.00000002980232,2.25000002980232,23.));
#2488=CARTESIAN_POINT('Ctrl Pts',(1.75000002980232,2.25000002980232,23.));
#2489=CARTESIAN_POINT('Ctrl Pts',(1.75000002980232,2.00000002980232,23.));
#2490=CARTESIAN_POINT('',(1.75000002980232,2.00000002980232,23.));
#2491=CARTESIAN_POINT('Origin',(2.00000002980232,2.00000002980232,23.));
#2492=CARTESIAN_POINT('Origin',(1.75000002980232,2.00000002980232,22.));
#2493=CARTESIAN_POINT('Origin',(2.00000002980232,2.00000002980232,23.));
#2494=CARTESIAN_POINT('Origin',(3.,3.,2.));
#2495=CARTESIAN_POINT('Origin',(3.,3.,2.));
#2496=CARTESIAN_POINT('Origin',(20.,3.,2.));
#2497=CARTESIAN_POINT('',(23.,3.,2.));
#2498=CARTESIAN_POINT('Origin',(20.,3.,2.));
#2499=CARTESIAN_POINT('Origin',(22.,3.,2.));
#2500=CARTESIAN_POINT('Origin',(22.,7.25,2.));
#2501=CARTESIAN_POINT('',(23.,7.25,2.));
#2502=CARTESIAN_POINT('Origin',(2.99999999999999,20.,2.));
#2503=CARTESIAN_POINT('Origin',(2.99999999999999,20.,2.));
#2504=CARTESIAN_POINT('Origin',(23.,3.,0.));
#2505=CARTESIAN_POINT('',(23.,3.,1.));
#2506=CARTESIAN_POINT('',(23.,3.,0.));
#2507=CARTESIAN_POINT('',(23.,20.,1.));
#2508=CARTESIAN_POINT('',(23.,7.25,1.));
#2509=CARTESIAN_POINT('',(23.,20.,0.));
#2510=CARTESIAN_POINT('Origin',(20.,3.,0.));
#2511=CARTESIAN_POINT('',(20.,-1.11022302462516E-15,-19.5));
#2512=CARTESIAN_POINT('',(20.,-1.11022302462516E-15,0.));
#2513=CARTESIAN_POINT('',(22.5980762113533,1.49999999999999,-19.5));
#2514=CARTESIAN_POINT('Origin',(20.,3.,-19.5));
#2515=CARTESIAN_POINT('',(23.,3.,-18.5));
#2516=CARTESIAN_POINT('Ctrl Pts',(23.,3.,-18.5));
#2517=CARTESIAN_POINT('Ctrl Pts',(23.,3.,-18.6155713495391));
#2518=CARTESIAN_POINT('Ctrl Pts',(23.0007551668835,2.93873310942392,-18.8470502967333));
#2519=CARTESIAN_POINT('Ctrl Pts',(22.9876571632484,2.64929824412625,-19.1854802750984));
#2520=CARTESIAN_POINT('Ctrl Pts',(22.8961000503064,2.13100735306892,-19.4451473359099));
#2521=CARTESIAN_POINT('Ctrl Pts',(22.7127771895243,1.69866792187003,-19.5));
#2522=CARTESIAN_POINT('Ctrl Pts',(22.5980762113533,1.49999999999999,-19.5));
#2523=CARTESIAN_POINT('',(23.,3.,0.));
#2524=CARTESIAN_POINT('Origin',(3.,0.,0.));
#2525=CARTESIAN_POINT('',(3.,0.,-19.5));
#2526=CARTESIAN_POINT('',(3.,0.,0.));
#2527=CARTESIAN_POINT('',(7.25,-1.38777878078145E-16,-19.5));
#2528=CARTESIAN_POINT('Origin',(3.,3.,0.));
#2529=CARTESIAN_POINT('',(0.,3.,1.));
#2530=CARTESIAN_POINT('',(0.,3.,0.));
#2531=CARTESIAN_POINT('',(-2.3208702754768E-17,3.,-18.4999999779645));
#2532=CARTESIAN_POINT('',(0.,3.,0.));
#2533=CARTESIAN_POINT('',(0.401923788646682,1.5,-19.5));
#2534=CARTESIAN_POINT('Ctrl Pts',(0.401923788646683,1.5,-19.5));
#2535=CARTESIAN_POINT('Ctrl Pts',(0.287222808913559,1.6986679245757,-19.5));
#2536=CARTESIAN_POINT('Ctrl Pts',(0.150140054100327,2.02183289594694,-19.4582380326645));
#2537=CARTESIAN_POINT('Ctrl Pts',(0.0291102094892954,2.51303187991165,-19.264928457117));
#2538=CARTESIAN_POINT('Ctrl Pts',(-0.00326198513968285,2.89196455377975,
-18.9614677582594));
#2539=CARTESIAN_POINT('Ctrl Pts',(3.38256619843004E-18,3.00000000509334,
-18.6540951129368));
#2540=CARTESIAN_POINT('Ctrl Pts',(0.,3.,-18.4999999779645));
#2541=CARTESIAN_POINT('Origin',(3.,3.,-19.5));
#2542=CARTESIAN_POINT('Origin',(22.,7.25,1.));
#2543=CARTESIAN_POINT('',(22.,20.,0.));
#2544=CARTESIAN_POINT('Origin',(22.,20.,1.));
#2545=CARTESIAN_POINT('',(22.,4.,0.));
#2546=CARTESIAN_POINT('Origin',(22.,3.,1.));
#2547=CARTESIAN_POINT('',(22.,7.25,0.));
#2548=CARTESIAN_POINT('Origin',(22.,3.,0.));
#2549=CARTESIAN_POINT('',(22.,4.,-18.5));
#2550=CARTESIAN_POINT('Origin',(22.,3.,-18.5));
#2551=CARTESIAN_POINT('',(22.,4.,0.));
#2552=CARTESIAN_POINT('Ctrl Pts',(23.,3.,-18.5));
#2553=CARTESIAN_POINT('Ctrl Pts',(23.,3.,-18.6155713495391));
#2554=CARTESIAN_POINT('Ctrl Pts',(23.0007551668835,2.93873310942392,-18.8470502967333));
#2555=CARTESIAN_POINT('Ctrl Pts',(22.9876571632484,2.64929824412625,-19.1854802750984));
#2556=CARTESIAN_POINT('Ctrl Pts',(22.8961000503064,2.13100735306892,-19.4451473359099));
#2557=CARTESIAN_POINT('Ctrl Pts',(22.7127771895243,1.69866792187003,-19.5));
#2558=CARTESIAN_POINT('Ctrl Pts',(22.5980762113533,1.49999999999999,-19.5));
#2559=CARTESIAN_POINT('Ctrl Pts',(23.,3.14959965017094,-18.5));
#2560=CARTESIAN_POINT('Ctrl Pts',(23.,3.14959965017094,-18.6328684692143));
#2561=CARTESIAN_POINT('Ctrl Pts',(23.0038109292054,3.08440151928157,-18.8989405908381));
#2562=CARTESIAN_POINT('Ctrl Pts',(23.0035906371285,2.77182426583763,-19.2939740324994));
#2563=CARTESIAN_POINT('Ctrl Pts',(22.9203872943291,2.19331410756181,-19.6022127289795));
#2564=CARTESIAN_POINT('Ctrl Pts',(22.7213865933653,1.71353421022466,-19.6559176814867));
#2565=CARTESIAN_POINT('Ctrl Pts',(22.5980762113533,1.49999999999998,-19.6495996501709));
#2566=CARTESIAN_POINT('Ctrl Pts',(22.9315668796607,3.44825843889709,-18.5));
#2567=CARTESIAN_POINT('Ctrl Pts',(22.9315668796607,3.44825843889709,-18.6674132890321));
#2568=CARTESIAN_POINT('Ctrl Pts',(22.9396009433844,3.37652164305435,-19.002547619825));
#2569=CARTESIAN_POINT('Ctrl Pts',(22.9579842710391,3.0249690862692,-19.5105584583821));
#2570=CARTESIAN_POINT('Ctrl Pts',(22.8890180560107,2.34165632677868,-19.915665204386));
#2571=CARTESIAN_POINT('Ctrl Pts',(22.6715607638094,1.77584441710195,-19.9671355284881));
#2572=CARTESIAN_POINT('Ctrl Pts',(22.5388113906792,1.53421656016966,-19.9482584388971));
#2573=CARTESIAN_POINT('Ctrl Pts',(22.5970263669435,3.86885378511623,-18.5));
#2574=CARTESIAN_POINT('Ctrl Pts',(22.5970263669435,3.86885378511623,-18.7159798580346));
#2575=CARTESIAN_POINT('Ctrl Pts',(22.605271714074,3.78972493443593,-19.1484358983665));
#2576=CARTESIAN_POINT('Ctrl Pts',(22.6268097445823,3.39897177516673,-19.8072555900772));
#2577=CARTESIAN_POINT('Ctrl Pts',(22.5694502648015,2.62403686847489,-20.335301322625));
#2578=CARTESIAN_POINT('Ctrl Pts',(22.3699926292698,1.97606629912506,-20.396896196251));
#2579=CARTESIAN_POINT('Ctrl Pts',(22.249090808071,1.70148681652825,-20.3688537851162));
#2580=CARTESIAN_POINT('Ctrl Pts',(22.2243994752564,4.,-18.5));
#2581=CARTESIAN_POINT('Ctrl Pts',(22.2243994752564,4.,-18.7312714224189));
#2582=CARTESIAN_POINT('Ctrl Pts',(22.2278594518341,3.91898506205143,-19.1941741962724));
#2583=CARTESIAN_POINT('Ctrl Pts',(22.2307132015921,3.52625373644994,-19.8853660724023));
#2584=CARTESIAN_POINT('Ctrl Pts',(22.1712148848746,2.78491160837769,-20.4271056254476));
#2585=CARTESIAN_POINT('Ctrl Pts',(22.0196894073189,2.16295705269239,-20.5150655216166));
#2586=CARTESIAN_POINT('Ctrl Pts',(21.9263864537368,1.88780026237177,-20.5));
#2587=CARTESIAN_POINT('Ctrl Pts',(22.,4.,-18.5));
#2588=CARTESIAN_POINT('Ctrl Pts',(22.,4.,-18.7311426990782));
#2589=CARTESIAN_POINT('Ctrl Pts',(22.000503444589,3.91831081256523,-19.1941005934665));
#2590=CARTESIAN_POINT('Ctrl Pts',(21.9917714421656,3.53239765883496,-19.8709605501968));
#2591=CARTESIAN_POINT('Ctrl Pts',(21.9307333668709,2.84134313742521,-20.3902946718198));
#2592=CARTESIAN_POINT('Ctrl Pts',(21.8085181263495,2.26489056249328,-20.5));
#2593=CARTESIAN_POINT('Ctrl Pts',(21.7320508075689,1.99999999999998,-20.5));
#2594=CARTESIAN_POINT('',(21.7320508075689,1.99999999999999,-20.5));
#2595=CARTESIAN_POINT('Origin',(21.7320508075689,1.99999999999999,-19.5));
#2596=CARTESIAN_POINT('Ctrl Pts',(21.7320508075689,1.99999999999998,-20.5));
#2597=CARTESIAN_POINT('Ctrl Pts',(21.8085181263495,2.26489056249328,-20.5));
#2598=CARTESIAN_POINT('Ctrl Pts',(21.9307333668709,2.84134313742521,-20.3902946718198));
#2599=CARTESIAN_POINT('Ctrl Pts',(21.9917714421656,3.53239765883496,-19.8709605501968));
#2600=CARTESIAN_POINT('Ctrl Pts',(22.000503444589,3.91831081256523,-19.1941005934665));
#2601=CARTESIAN_POINT('Ctrl Pts',(22.,4.,-18.7311426990782));
#2602=CARTESIAN_POINT('Ctrl Pts',(22.,4.,-18.5));
#2603=CARTESIAN_POINT('Origin',(20.,3.,-19.5));
#2604=CARTESIAN_POINT('',(20.,1.,-20.5));
#2605=CARTESIAN_POINT('Origin',(20.,1.,-19.5));
#2606=CARTESIAN_POINT('Origin',(20.,3.,-20.5));
#2607=CARTESIAN_POINT('Origin',(7.25,1.,-19.5));
#2608=CARTESIAN_POINT('',(3.,1.,-20.5));
#2609=CARTESIAN_POINT('Origin',(3.,1.,-19.5));
#2610=CARTESIAN_POINT('',(7.25,1.,-20.5));
#2611=CARTESIAN_POINT('Origin',(3.,3.,-19.5));
#2612=CARTESIAN_POINT('',(1.26794919243112,2.,-20.5));
#2613=CARTESIAN_POINT('Origin',(1.26794919243112,2.,-19.5));
#2614=CARTESIAN_POINT('Origin',(3.,3.,-20.5));
#2615=CARTESIAN_POINT('Ctrl Pts',(0.401923788646683,1.5,-19.5));
#2616=CARTESIAN_POINT('Ctrl Pts',(0.287222808913559,1.6986679245757,-19.5));
#2617=CARTESIAN_POINT('Ctrl Pts',(0.150140054100327,2.02183289594694,-19.4582380326645));
#2618=CARTESIAN_POINT('Ctrl Pts',(0.0291102094892954,2.51303187991165,-19.264928457117));
#2619=CARTESIAN_POINT('Ctrl Pts',(-0.00326198513968285,2.89196455377975,
-18.9614677582594));
#2620=CARTESIAN_POINT('Ctrl Pts',(3.38256619843004E-18,3.00000000509334,
-18.6540951129368));
#2621=CARTESIAN_POINT('Ctrl Pts',(0.,3.,-18.4999999779645));
#2622=CARTESIAN_POINT('Ctrl Pts',(0.401923788646683,1.5,-19.6495996501709));
#2623=CARTESIAN_POINT('Ctrl Pts',(0.278613404955307,1.7135342131328,-19.6559176815728));
#2624=CARTESIAN_POINT('Ctrl Pts',(0.129967279714615,2.0713000203837,-19.6150312855125));
#2625=CARTESIAN_POINT('Ctrl Pts',(0.00923663980167327,2.62072329217951,
-19.3888738781751));
#2626=CARTESIAN_POINT('Ctrl Pts',(-0.0091740455391196,3.03567262190319,
-19.0306690338242));
#2627=CARTESIAN_POINT('Ctrl Pts',(2.54685362887599E-10,3.14959965561078,
-18.6771579362111));
#2628=CARTESIAN_POINT('Ctrl Pts',(1.66088976095649E-16,3.14959965017094,
-18.499999974668));
#2629=CARTESIAN_POINT('Ctrl Pts',(0.461170965255852,1.53420637336403,-19.9482889187693));
#2630=CARTESIAN_POINT('Ctrl Pts',(0.328421590317745,1.77583423358708,-19.9671660086174));
#2631=CARTESIAN_POINT('Ctrl Pts',(0.16620333877582,2.19639557955213,-19.9279837354589));
#2632=CARTESIAN_POINT('Ctrl Pts',(0.0487247126960677,2.84833895763488,-19.6362783572685));
#2633=CARTESIAN_POINT('Ctrl Pts',(0.0510956526759582,3.32472513449952,-19.1688482187934));
#2634=CARTESIAN_POINT('Ctrl Pts',(0.0684127473396633,3.44828892478588,-18.72321769006));
#2635=CARTESIAN_POINT('Ctrl Pts',(0.0684127467280575,3.44828891876932,-18.4999999680863));
#2636=CARTESIAN_POINT('Ctrl Pts',(0.750884959555764,1.70147282596109,-20.3689227738596));
#2637=CARTESIAN_POINT('Ctrl Pts',(0.629983136710433,1.97605231229745,-20.3969651853763));
#2638=CARTESIAN_POINT('Ctrl Pts',(0.481253446004977,2.45734636405847,-20.3500177550538));
#2639=CARTESIAN_POINT('Ctrl Pts',(0.377377975972174,3.19970033574463,-19.971475375104));
#2640=CARTESIAN_POINT('Ctrl Pts',(0.385411008514892,3.73344558630162,-19.3631806286811));
#2641=CARTESIAN_POINT('Ctrl Pts',(0.402945652561789,3.86892278050003,-18.7879731070748));
#2642=CARTESIAN_POINT('Ctrl Pts',(0.40294565192217,3.86892277385964,-18.4999999588174));
#2643=CARTESIAN_POINT('Ctrl Pts',(1.07361354626317,1.88780026237179,-20.5));
#2644=CARTESIAN_POINT('Ctrl Pts',(0.980310591410349,2.16295705643984,-20.5150655218218));
#2645=CARTESIAN_POINT('Ctrl Pts',(0.867176278169006,2.6262131718136,-20.4481828180658));
#2646=CARTESIAN_POINT('Ctrl Pts',(0.777776310385156,3.33372495955431,-20.052451593766));
#2647=CARTESIAN_POINT('Ctrl Pts',(0.767569333585725,3.85900386432639,-19.4235898804453));
#2648=CARTESIAN_POINT('Ctrl Pts',(0.775600524987674,4.00000000679012,-18.808361856997));
#2649=CARTESIAN_POINT('Ctrl Pts',(0.775600524743587,4.,-18.499999955929));
#2650=CARTESIAN_POINT('Ctrl Pts',(1.26794919243112,2.,-20.5));
#2651=CARTESIAN_POINT('Ctrl Pts',(1.19148187260905,2.26489056610091,-20.5));
#2652=CARTESIAN_POINT('Ctrl Pts',(1.10009336940022,2.6957771945959,-20.416476065329));
#2653=CARTESIAN_POINT('Ctrl Pts',(1.0194068063262,3.35070917321553,-20.029856914234));
#2654=CARTESIAN_POINT('Ctrl Pts',(0.997825343240214,3.855952738373,-19.4229355165188));
#2655=CARTESIAN_POINT('Ctrl Pts',(1.,4.00000000679112,-18.8081902258736));
#2656=CARTESIAN_POINT('Ctrl Pts',(1.,4.,-18.499999955929));
#2657=CARTESIAN_POINT('',(1.,4.,-18.5));
#2658=CARTESIAN_POINT('Origin',(1.,3.,-18.4999999779645));
#2659=CARTESIAN_POINT('Ctrl Pts',(1.,4.,-18.5));
#2660=CARTESIAN_POINT('Ctrl Pts',(0.999999999896342,3.99999999992491,-18.8081902551763));
#2661=CARTESIAN_POINT('Ctrl Pts',(0.997825343651698,3.85595272873974,-19.4229355280907));
#2662=CARTESIAN_POINT('Ctrl Pts',(1.0194068063262,3.35070917321553,-20.029856914234));
#2663=CARTESIAN_POINT('Ctrl Pts',(1.10009336940022,2.6957771945959,-20.416476065329));
#2664=CARTESIAN_POINT('Ctrl Pts',(1.19148187260905,2.26489056610091,-20.5));
#2665=CARTESIAN_POINT('Ctrl Pts',(1.26794919243112,2.,-20.5));
#2666=CARTESIAN_POINT('Origin',(1.,3.,0.));
#2667=CARTESIAN_POINT('',(1.,4.,0.));
#2668=CARTESIAN_POINT('',(1.,4.,0.));
#2669=CARTESIAN_POINT('Origin',(1.,3.,1.));
#2670=CARTESIAN_POINT('Origin',(20.,20.,1.));
#2671=CARTESIAN_POINT('',(20.,22.,0.));
#2672=CARTESIAN_POINT('',(20.,23.,1.));
#2673=CARTESIAN_POINT('Origin',(20.,22.,1.));
#2674=CARTESIAN_POINT('Origin',(20.,20.,1.));
#2675=CARTESIAN_POINT('Origin',(20.,20.,0.));
#2676=CARTESIAN_POINT('Origin',(15.75,22.,1.));
#2677=CARTESIAN_POINT('',(3.,22.,0.));
#2678=CARTESIAN_POINT('',(3.,23.,1.));
#2679=CARTESIAN_POINT('Origin',(3.,22.,1.));
#2680=CARTESIAN_POINT('',(15.75,23.,1.));
#2681=CARTESIAN_POINT('',(15.75,22.,0.));
#2682=CARTESIAN_POINT('Origin',(2.99999999999999,20.,1.));
#2683=CARTESIAN_POINT('',(0.999999999999998,20.,0.));
#2684=CARTESIAN_POINT('',(-1.66533453693773E-15,20.,1.));
#2685=CARTESIAN_POINT('Origin',(0.999999999999998,20.,1.));
#2686=CARTESIAN_POINT('Origin',(2.99999999999999,20.,1.));
#2687=CARTESIAN_POINT('Origin',(2.99999999999999,20.,0.));
#2688=CARTESIAN_POINT('Origin',(1.,15.75,1.));
#2689=CARTESIAN_POINT('',(0.,15.75,1.));
#2690=CARTESIAN_POINT('',(1.,15.75,0.));
#2691=CARTESIAN_POINT('Origin',(11.5,11.5,0.));
#2692=CARTESIAN_POINT('',(5.75,4.,0.));
#2693=CARTESIAN_POINT('Origin',(0.,4.,0.));
#2694=CARTESIAN_POINT('',(5.75,4.,-18.5));
#2695=CARTESIAN_POINT('Origin',(5.75,2.,-18.5));
#2696=CARTESIAN_POINT('',(5.75,2.,-20.5));
#2697=CARTESIAN_POINT('Origin',(0.,20.,0.));
#2698=CARTESIAN_POINT('',(-1.66533453693773E-15,20.,0.));
#2699=CARTESIAN_POINT('Origin',(11.5,2.,-20.5));
#2700=CARTESIAN_POINT('Origin',(2.99999999999999,20.,0.));
#2701=CARTESIAN_POINT('',(3.,23.,0.));
#2702=CARTESIAN_POINT('Origin',(20.,23.,0.));
#2703=CARTESIAN_POINT('',(20.,23.,0.));
#2704=CARTESIAN_POINT('Origin',(20.,20.,0.));
#2705=UNCERTAINTY_MEASURE_WITH_UNIT(LENGTH_MEASURE(0.01),#2709,
'DISTANCE_ACCURACY_VALUE',
'Maximum model space distance between geometric entities at asserted c
onnectivities');
#2706=UNCERTAINTY_MEASURE_WITH_UNIT(LENGTH_MEASURE(0.01),#2709,
'DISTANCE_ACCURACY_VALUE',
'Maximum model space distance between geometric entities at asserted c
onnectivities');
#2707=(
GEOMETRIC_REPRESENTATION_CONTEXT(3)
GLOBAL_UNCERTAINTY_ASSIGNED_CONTEXT((#2705))
GLOBAL_UNIT_ASSIGNED_CONTEXT((#2709,#2711,#2712))
REPRESENTATION_CONTEXT('','3D')
);
#2708=(
GEOMETRIC_REPRESENTATION_CONTEXT(3)
GLOBAL_UNCERTAINTY_ASSIGNED_CONTEXT((#2706))
GLOBAL_UNIT_ASSIGNED_CONTEXT((#2709,#2711,#2712))
REPRESENTATION_CONTEXT('','3D')
);
#2709=(
LENGTH_UNIT()
NAMED_UNIT(*)
SI_UNIT(.MILLI.,.METRE.)
);
#2710=(
LENGTH_UNIT()
NAMED_UNIT(*)
SI_UNIT($,.METRE.)
);
#2711=(
NAMED_UNIT(*)
PLANE_ANGLE_UNIT()
SI_UNIT($,.RADIAN.)
);
#2712=(
NAMED_UNIT(*)
SI_UNIT($,.STERADIAN.)
SOLID_ANGLE_UNIT()
);
#2713=SHAPE_DEFINITION_REPRESENTATION(#2714,#2715);
#2714=PRODUCT_DEFINITION_SHAPE('',$,#2717);
#2715=SHAPE_REPRESENTATION('',(#1207),#2707);
#2716=PRODUCT_DEFINITION_CONTEXT('part definition',#2721,'design');
#2717=PRODUCT_DEFINITION('2026-09-05-12-42-40-372','Chair',#2718,#2716);
#2718=PRODUCT_DEFINITION_FORMATION('',$,#2723);
#2719=PRODUCT_RELATED_PRODUCT_CATEGORY('Chair','Chair',(#2723));
#2720=APPLICATION_PROTOCOL_DEFINITION('international standard',
'automotive_design',2009,#2721);
#2721=APPLICATION_CONTEXT(
'Core Data for Automotive Mechanical Design Process');
#2722=PRODUCT_CONTEXT('part definition',#2721,'mechanical');
#2723=PRODUCT('2026-09-05-12-42-40-372','Chair',$,(#2722));
#2724=PRESENTATION_STYLE_ASSIGNMENT((#2725));
#2725=SURFACE_STYLE_USAGE(.BOTH.,#2726);
#2726=SURFACE_SIDE_STYLE('',(#2727));
#2727=SURFACE_STYLE_FILL_AREA(#2728);
#2728=FILL_AREA_STYLE('Steel - Satin',(#2729));
#2729=FILL_AREA_STYLE_COLOUR('Steel - Satin',#2730);
#2730=COLOUR_RGB('Steel - Satin',0.627450980392157,0.627450980392157,0.627450980392157);
ENDSEC;
END-ISO-10303-21;
