ISO-10303-21;
HEADER;
/* Generated by software containing ST-Developer
 * from STEP Tools, Inc. (www.steptools.com) 
 */

FILE_DESCRIPTION(
/* description */ (''),
/* implementation_level */ '2;1');

FILE_NAME(
/* name */ 'Counter main.step',
/* time_stamp */ '2026-09-09T16:07:21+05:30',
/* author */ (''),
/* organization */ (''),
/* preprocessor_version */ 'ST-DEVELOPER v20.2',
/* originating_system */ 'Autodesk Translation Framework v15.15.0.0',
/* authorisation */ '');

FILE_SCHEMA (('AUTOMOTIVE_DESIGN { 1 0 10303 214 3 1 1 }'));
ENDSEC;

DATA;
#10=MECHANICAL_DESIGN_GEOMETRIC_PRESENTATION_REPRESENTATION('',(#17,#18,
#19,#20,#21),#2918);
#11=SHAPE_REPRESENTATION_RELATIONSHIP('SRR','None',#2925,#12);
#12=ADVANCED_BREP_SHAPE_REPRESENTATION('',(#1784,#13,#14,#15,#16),#2917);
#13=MANIFOLD_SOLID_BREP('Body2',#1780);
#14=MANIFOLD_SOLID_BREP('Body3',#1781);
#15=MANIFOLD_SOLID_BREP('Body4',#1782);
#16=MANIFOLD_SOLID_BREP('Body5',#1783);
#17=STYLED_ITEM('',(#2934),#1784);
#18=STYLED_ITEM('',(#2934),#13);
#19=STYLED_ITEM('',(#2934),#14);
#20=STYLED_ITEM('',(#2934),#15);
#21=STYLED_ITEM('',(#2934),#16);
#22=B_SPLINE_CURVE_WITH_KNOTS('',3,(#2687,#2688,#2689,#2690,#2691,#2692),
 .UNSPECIFIED.,.F.,.F.,(4,2,4),(-0.000652194467665358,0.,0.070122094513832),
 .UNSPECIFIED.);
#23=B_SPLINE_CURVE_WITH_KNOTS('',3,(#2693,#2694,#2695,#2696,#2697,#2698),
 .UNSPECIFIED.,.F.,.F.,(4,2,4),(-0.0701220945138313,0.,0.00065219446766567),
 .UNSPECIFIED.);
#24=B_SPLINE_CURVE_WITH_KNOTS('',3,(#2707,#2708,#2709,#2710,#2711,#2712),
 .UNSPECIFIED.,.F.,.F.,(4,2,4),(-0.0701236881161743,0.,0.000650615283223699),
 .UNSPECIFIED.);
#25=B_SPLINE_CURVE_WITH_KNOTS('',3,(#2714,#2715,#2716,#2717,#2718,#2719),
 .UNSPECIFIED.,.F.,.F.,(4,2,4),(-0.000650615283221526,0.,0.0701236881161762),
 .UNSPECIFIED.);
#26=ELLIPSE('',#1857,5.65685424949238,4.);
#27=ELLIPSE('',#1858,5.65685424949238,4.);
#28=ELLIPSE('',#1860,5.65685424949238,4.);
#29=ELLIPSE('',#1861,5.65685424949238,4.);
#30=ELLIPSE('',#1876,5.65685424949238,4.);
#31=ELLIPSE('',#1877,5.65685424949238,4.);
#32=ELLIPSE('',#1878,5.65685424949238,4.);
#33=ELLIPSE('',#1879,5.65685424949238,4.);
#34=ELLIPSE('',#1881,5.65685424949238,4.);
#35=ELLIPSE('',#1882,5.65685424949238,4.);
#36=ELLIPSE('',#1884,5.65685424949238,4.);
#37=ELLIPSE('',#1885,5.65685424949238,4.);
#38=ELLIPSE('',#1895,0.282842712474622,0.2);
#39=ELLIPSE('',#1896,0.282842712474622,0.2);
#40=ELLIPSE('',#1898,0.282842712474619,0.2);
#41=ELLIPSE('',#1900,0.282842712474619,0.2);
#42=SPHERICAL_SURFACE('',#1817,0.85);
#43=SPHERICAL_SURFACE('',#1917,0.85);
#44=SPHERICAL_SURFACE('',#1919,0.85);
#45=SPHERICAL_SURFACE('',#1921,0.85);
#46=SPHERICAL_SURFACE('',#1923,0.85);
#47=ORIENTED_CLOSED_SHELL('',*,#1778,.F.);
#48=FACE_BOUND('',#238,.T.);
#49=FACE_BOUND('',#240,.T.);
#50=FACE_BOUND('',#266,.T.);
#51=FACE_BOUND('',#267,.T.);
#52=FACE_BOUND('',#268,.T.);
#53=FACE_BOUND('',#269,.T.);
#54=FACE_BOUND('',#278,.T.);
#55=FACE_BOUND('',#293,.T.);
#56=FACE_BOUND('',#295,.T.);
#57=FACE_BOUND('',#301,.T.);
#58=FACE_BOUND('',#302,.T.);
#59=FACE_BOUND('',#312,.T.);
#60=FACE_BOUND('',#314,.T.);
#61=FACE_BOUND('',#322,.T.);
#62=PLANE('',#1804);
#63=PLANE('',#1805);
#64=PLANE('',#1806);
#65=PLANE('',#1807);
#66=PLANE('',#1808);
#67=PLANE('',#1809);
#68=PLANE('',#1810);
#69=PLANE('',#1811);
#70=PLANE('',#1812);
#71=PLANE('',#1813);
#72=PLANE('',#1814);
#73=PLANE('',#1815);
#74=PLANE('',#1816);
#75=PLANE('',#1820);
#76=PLANE('',#1821);
#77=PLANE('',#1822);
#78=PLANE('',#1823);
#79=PLANE('',#1824);
#80=PLANE('',#1825);
#81=PLANE('',#1826);
#82=PLANE('',#1827);
#83=PLANE('',#1828);
#84=PLANE('',#1829);
#85=PLANE('',#1830);
#86=PLANE('',#1831);
#87=PLANE('',#1832);
#88=PLANE('',#1833);
#89=PLANE('',#1834);
#90=PLANE('',#1835);
#91=PLANE('',#1836);
#92=PLANE('',#1837);
#93=PLANE('',#1838);
#94=PLANE('',#1839);
#95=PLANE('',#1840);
#96=PLANE('',#1841);
#97=PLANE('',#1842);
#98=PLANE('',#1843);
#99=PLANE('',#1844);
#100=PLANE('',#1845);
#101=PLANE('',#1846);
#102=PLANE('',#1847);
#103=PLANE('',#1848);
#104=PLANE('',#1849);
#105=PLANE('',#1850);
#106=PLANE('',#1851);
#107=PLANE('',#1852);
#108=PLANE('',#1853);
#109=PLANE('',#1854);
#110=PLANE('',#1855);
#111=PLANE('',#1864);
#112=PLANE('',#1865);
#113=PLANE('',#1866);
#114=PLANE('',#1867);
#115=PLANE('',#1868);
#116=PLANE('',#1869);
#117=PLANE('',#1870);
#118=PLANE('',#1871);
#119=PLANE('',#1872);
#120=PLANE('',#1873);
#121=PLANE('',#1874);
#122=PLANE('',#1887);
#123=PLANE('',#1891);
#124=PLANE('',#1892);
#125=PLANE('',#1902);
#126=PLANE('',#1903);
#127=PLANE('',#1904);
#128=PLANE('',#1907);
#129=PLANE('',#1908);
#130=PLANE('',#1909);
#131=PLANE('',#1910);
#132=PLANE('',#1911);
#133=PLANE('',#1912);
#134=PLANE('',#1913);
#135=PLANE('',#1914);
#136=PLANE('',#1915);
#137=PLANE('',#1916);
#138=FACE_OUTER_BOUND('',#235,.T.);
#139=FACE_OUTER_BOUND('',#236,.T.);
#140=FACE_OUTER_BOUND('',#237,.T.);
#141=FACE_OUTER_BOUND('',#239,.T.);
#142=FACE_OUTER_BOUND('',#241,.T.);
#143=FACE_OUTER_BOUND('',#242,.T.);
#144=FACE_OUTER_BOUND('',#243,.T.);
#145=FACE_OUTER_BOUND('',#244,.T.);
#146=FACE_OUTER_BOUND('',#245,.T.);
#147=FACE_OUTER_BOUND('',#246,.T.);
#148=FACE_OUTER_BOUND('',#247,.T.);
#149=FACE_OUTER_BOUND('',#248,.T.);
#150=FACE_OUTER_BOUND('',#249,.T.);
#151=FACE_OUTER_BOUND('',#250,.T.);
#152=FACE_OUTER_BOUND('',#251,.T.);
#153=FACE_OUTER_BOUND('',#252,.T.);
#154=FACE_OUTER_BOUND('',#253,.T.);
#155=FACE_OUTER_BOUND('',#254,.T.);
#156=FACE_OUTER_BOUND('',#255,.T.);
#157=FACE_OUTER_BOUND('',#256,.T.);
#158=FACE_OUTER_BOUND('',#257,.T.);
#159=FACE_OUTER_BOUND('',#258,.T.);
#160=FACE_OUTER_BOUND('',#259,.T.);
#161=FACE_OUTER_BOUND('',#260,.T.);
#162=FACE_OUTER_BOUND('',#261,.T.);
#163=FACE_OUTER_BOUND('',#262,.T.);
#164=FACE_OUTER_BOUND('',#263,.T.);
#165=FACE_OUTER_BOUND('',#264,.T.);
#166=FACE_OUTER_BOUND('',#265,.T.);
#167=FACE_OUTER_BOUND('',#270,.T.);
#168=FACE_OUTER_BOUND('',#271,.T.);
#169=FACE_OUTER_BOUND('',#272,.T.);
#170=FACE_OUTER_BOUND('',#273,.T.);
#171=FACE_OUTER_BOUND('',#274,.T.);
#172=FACE_OUTER_BOUND('',#275,.T.);
#173=FACE_OUTER_BOUND('',#276,.T.);
#174=FACE_OUTER_BOUND('',#277,.T.);
#175=FACE_OUTER_BOUND('',#279,.T.);
#176=FACE_OUTER_BOUND('',#280,.T.);
#177=FACE_OUTER_BOUND('',#281,.T.);
#178=FACE_OUTER_BOUND('',#282,.T.);
#179=FACE_OUTER_BOUND('',#283,.T.);
#180=FACE_OUTER_BOUND('',#284,.T.);
#181=FACE_OUTER_BOUND('',#285,.T.);
#182=FACE_OUTER_BOUND('',#286,.T.);
#183=FACE_OUTER_BOUND('',#287,.T.);
#184=FACE_OUTER_BOUND('',#288,.T.);
#185=FACE_OUTER_BOUND('',#289,.T.);
#186=FACE_OUTER_BOUND('',#290,.T.);
#187=FACE_OUTER_BOUND('',#291,.T.);
#188=FACE_OUTER_BOUND('',#292,.T.);
#189=FACE_OUTER_BOUND('',#294,.T.);
#190=FACE_OUTER_BOUND('',#296,.T.);
#191=FACE_OUTER_BOUND('',#297,.T.);
#192=FACE_OUTER_BOUND('',#298,.T.);
#193=FACE_OUTER_BOUND('',#299,.T.);
#194=FACE_OUTER_BOUND('',#300,.T.);
#195=FACE_OUTER_BOUND('',#303,.T.);
#196=FACE_OUTER_BOUND('',#304,.T.);
#197=FACE_OUTER_BOUND('',#305,.T.);
#198=FACE_OUTER_BOUND('',#306,.T.);
#199=FACE_OUTER_BOUND('',#307,.T.);
#200=FACE_OUTER_BOUND('',#308,.T.);
#201=FACE_OUTER_BOUND('',#309,.T.);
#202=FACE_OUTER_BOUND('',#310,.T.);
#203=FACE_OUTER_BOUND('',#311,.T.);
#204=FACE_OUTER_BOUND('',#313,.T.);
#205=FACE_OUTER_BOUND('',#315,.T.);
#206=FACE_OUTER_BOUND('',#316,.T.);
#207=FACE_OUTER_BOUND('',#317,.T.);
#208=FACE_OUTER_BOUND('',#318,.T.);
#209=FACE_OUTER_BOUND('',#319,.T.);
#210=FACE_OUTER_BOUND('',#320,.T.);
#211=FACE_OUTER_BOUND('',#321,.T.);
#212=FACE_OUTER_BOUND('',#323,.T.);
#213=FACE_OUTER_BOUND('',#324,.T.);
#214=FACE_OUTER_BOUND('',#325,.T.);
#215=FACE_OUTER_BOUND('',#326,.T.);
#216=FACE_OUTER_BOUND('',#327,.T.);
#217=FACE_OUTER_BOUND('',#328,.T.);
#218=FACE_OUTER_BOUND('',#329,.T.);
#219=FACE_OUTER_BOUND('',#330,.T.);
#220=FACE_OUTER_BOUND('',#331,.T.);
#221=FACE_OUTER_BOUND('',#332,.T.);
#222=FACE_OUTER_BOUND('',#333,.T.);
#223=FACE_OUTER_BOUND('',#334,.T.);
#224=FACE_OUTER_BOUND('',#335,.T.);
#225=FACE_OUTER_BOUND('',#336,.T.);
#226=FACE_OUTER_BOUND('',#337,.T.);
#227=FACE_OUTER_BOUND('',#338,.T.);
#228=FACE_OUTER_BOUND('',#339,.T.);
#229=FACE_OUTER_BOUND('',#340,.T.);
#230=FACE_OUTER_BOUND('',#341,.T.);
#231=FACE_OUTER_BOUND('',#342,.T.);
#232=FACE_OUTER_BOUND('',#343,.T.);
#233=FACE_OUTER_BOUND('',#344,.T.);
#234=FACE_OUTER_BOUND('',#345,.T.);
#235=EDGE_LOOP('',(#1183,#1184,#1185,#1186));
#236=EDGE_LOOP('',(#1187,#1188,#1189,#1190));
#237=EDGE_LOOP('',(#1191));
#238=EDGE_LOOP('',(#1192));
#239=EDGE_LOOP('',(#1193));
#240=EDGE_LOOP('',(#1194));
#241=EDGE_LOOP('',(#1195,#1196,#1197,#1198));
#242=EDGE_LOOP('',(#1199,#1200,#1201,#1202));
#243=EDGE_LOOP('',(#1203,#1204,#1205,#1206));
#244=EDGE_LOOP('',(#1207,#1208,#1209,#1210,#1211,#1212,#1213,#1214));
#245=EDGE_LOOP('',(#1215,#1216,#1217,#1218,#1219,#1220,#1221,#1222));
#246=EDGE_LOOP('',(#1223,#1224,#1225,#1226));
#247=EDGE_LOOP('',(#1227,#1228,#1229,#1230));
#248=EDGE_LOOP('',(#1231,#1232,#1233,#1234));
#249=EDGE_LOOP('',(#1235,#1236,#1237,#1238,#1239,#1240,#1241,#1242));
#250=EDGE_LOOP('',(#1243,#1244,#1245,#1246));
#251=EDGE_LOOP('',(#1247,#1248,#1249,#1250));
#252=EDGE_LOOP('',(#1251,#1252,#1253));
#253=EDGE_LOOP('',(#1254,#1255,#1256,#1257));
#254=EDGE_LOOP('',(#1258,#1259,#1260,#1261));
#255=EDGE_LOOP('',(#1262,#1263,#1264,#1265));
#256=EDGE_LOOP('',(#1266,#1267,#1268,#1269));
#257=EDGE_LOOP('',(#1270,#1271,#1272,#1273));
#258=EDGE_LOOP('',(#1274,#1275,#1276,#1277));
#259=EDGE_LOOP('',(#1278,#1279,#1280,#1281));
#260=EDGE_LOOP('',(#1282,#1283,#1284,#1285));
#261=EDGE_LOOP('',(#1286,#1287,#1288,#1289));
#262=EDGE_LOOP('',(#1290,#1291,#1292,#1293));
#263=EDGE_LOOP('',(#1294,#1295,#1296,#1297));
#264=EDGE_LOOP('',(#1298,#1299,#1300,#1301));
#265=EDGE_LOOP('',(#1302,#1303,#1304,#1305,#1306,#1307,#1308,#1309));
#266=EDGE_LOOP('',(#1310,#1311,#1312,#1313));
#267=EDGE_LOOP('',(#1314,#1315,#1316,#1317));
#268=EDGE_LOOP('',(#1318,#1319,#1320,#1321));
#269=EDGE_LOOP('',(#1322,#1323,#1324,#1325));
#270=EDGE_LOOP('',(#1326,#1327,#1328,#1329));
#271=EDGE_LOOP('',(#1330,#1331,#1332,#1333));
#272=EDGE_LOOP('',(#1334,#1335,#1336,#1337));
#273=EDGE_LOOP('',(#1338,#1339,#1340,#1341));
#274=EDGE_LOOP('',(#1342,#1343,#1344,#1345));
#275=EDGE_LOOP('',(#1346,#1347,#1348,#1349));
#276=EDGE_LOOP('',(#1350,#1351,#1352,#1353));
#277=EDGE_LOOP('',(#1354,#1355,#1356,#1357,#1358,#1359,#1360,#1361,#1362,
#1363));
#278=EDGE_LOOP('',(#1364));
#279=EDGE_LOOP('',(#1365,#1366,#1367,#1368));
#280=EDGE_LOOP('',(#1369,#1370,#1371,#1372));
#281=EDGE_LOOP('',(#1373,#1374,#1375,#1376));
#282=EDGE_LOOP('',(#1377,#1378,#1379,#1380));
#283=EDGE_LOOP('',(#1381,#1382,#1383,#1384));
#284=EDGE_LOOP('',(#1385,#1386,#1387,#1388));
#285=EDGE_LOOP('',(#1389,#1390,#1391,#1392));
#286=EDGE_LOOP('',(#1393,#1394,#1395,#1396));
#287=EDGE_LOOP('',(#1397,#1398,#1399,#1400));
#288=EDGE_LOOP('',(#1401,#1402,#1403,#1404));
#289=EDGE_LOOP('',(#1405,#1406,#1407,#1408));
#290=EDGE_LOOP('',(#1409,#1410,#1411,#1412));
#291=EDGE_LOOP('',(#1413,#1414,#1415,#1416));
#292=EDGE_LOOP('',(#1417,#1418,#1419,#1420));
#293=EDGE_LOOP('',(#1421,#1422,#1423,#1424));
#294=EDGE_LOOP('',(#1425,#1426,#1427,#1428));
#295=EDGE_LOOP('',(#1429,#1430,#1431,#1432));
#296=EDGE_LOOP('',(#1433,#1434,#1435,#1436,#1437,#1438));
#297=EDGE_LOOP('',(#1439,#1440,#1441,#1442,#1443,#1444));
#298=EDGE_LOOP('',(#1445,#1446,#1447,#1448,#1449,#1450));
#299=EDGE_LOOP('',(#1451,#1452,#1453,#1454,#1455,#1456));
#300=EDGE_LOOP('',(#1457,#1458,#1459,#1460));
#301=EDGE_LOOP('',(#1461,#1462,#1463,#1464));
#302=EDGE_LOOP('',(#1465,#1466,#1467,#1468));
#303=EDGE_LOOP('',(#1469,#1470,#1471,#1472));
#304=EDGE_LOOP('',(#1473,#1474,#1475,#1476));
#305=EDGE_LOOP('',(#1477,#1478,#1479,#1480));
#306=EDGE_LOOP('',(#1481,#1482,#1483,#1484));
#307=EDGE_LOOP('',(#1485,#1486,#1487,#1488));
#308=EDGE_LOOP('',(#1489,#1490,#1491,#1492));
#309=EDGE_LOOP('',(#1493,#1494,#1495,#1496));
#310=EDGE_LOOP('',(#1497,#1498,#1499,#1500));
#311=EDGE_LOOP('',(#1501,#1502,#1503,#1504));
#312=EDGE_LOOP('',(#1505,#1506,#1507,#1508));
#313=EDGE_LOOP('',(#1509,#1510,#1511,#1512));
#314=EDGE_LOOP('',(#1513,#1514,#1515,#1516));
#315=EDGE_LOOP('',(#1517,#1518,#1519,#1520,#1521,#1522));
#316=EDGE_LOOP('',(#1523,#1524,#1525,#1526,#1527,#1528));
#317=EDGE_LOOP('',(#1529,#1530,#1531,#1532,#1533,#1534));
#318=EDGE_LOOP('',(#1535,#1536,#1537,#1538,#1539,#1540));
#319=EDGE_LOOP('',(#1541,#1542,#1543,#1544));
#320=EDGE_LOOP('',(#1545,#1546,#1547,#1548));
#321=EDGE_LOOP('',(#1549,#1550,#1551,#1552));
#322=EDGE_LOOP('',(#1553,#1554,#1555,#1556));
#323=EDGE_LOOP('',(#1557,#1558,#1559,#1560,#1561,#1562,#1563,#1564,#1565,
#1566,#1567,#1568));
#324=EDGE_LOOP('',(#1569,#1570,#1571,#1572));
#325=EDGE_LOOP('',(#1573,#1574,#1575,#1576));
#326=EDGE_LOOP('',(#1577,#1578,#1579,#1580));
#327=EDGE_LOOP('',(#1581,#1582,#1583,#1584));
#328=EDGE_LOOP('',(#1585,#1586,#1587,#1588));
#329=EDGE_LOOP('',(#1589,#1590,#1591,#1592));
#330=EDGE_LOOP('',(#1593,#1594,#1595,#1596));
#331=EDGE_LOOP('',(#1597,#1598,#1599,#1600));
#332=EDGE_LOOP('',(#1601,#1602,#1603,#1604));
#333=EDGE_LOOP('',(#1605,#1606,#1607,#1608));
#334=EDGE_LOOP('',(#1609,#1610,#1611,#1612));
#335=EDGE_LOOP('',(#1613,#1614,#1615,#1616));
#336=EDGE_LOOP('',(#1617,#1618,#1619,#1620));
#337=EDGE_LOOP('',(#1621,#1622,#1623,#1624));
#338=EDGE_LOOP('',(#1625,#1626,#1627,#1628));
#339=EDGE_LOOP('',(#1629,#1630,#1631,#1632,#1633,#1634,#1635,#1636,#1637,
#1638));
#340=EDGE_LOOP('',(#1639,#1640,#1641,#1642,#1643,#1644,#1645,#1646));
#341=EDGE_LOOP('',(#1647,#1648,#1649,#1650,#1651,#1652,#1653,#1654,#1655,
#1656));
#342=EDGE_LOOP('',(#1657,#1658));
#343=EDGE_LOOP('',(#1659,#1660));
#344=EDGE_LOOP('',(#1661,#1662));
#345=EDGE_LOOP('',(#1663,#1664));
#346=LINE('',#2393,#553);
#347=LINE('',#2399,#554);
#348=LINE('',#2406,#555);
#349=LINE('',#2408,#556);
#350=LINE('',#2410,#557);
#351=LINE('',#2411,#558);
#352=LINE('',#2414,#559);
#353=LINE('',#2416,#560);
#354=LINE('',#2417,#561);
#355=LINE('',#2420,#562);
#356=LINE('',#2422,#563);
#357=LINE('',#2423,#564);
#358=LINE('',#2426,#565);
#359=LINE('',#2428,#566);
#360=LINE('',#2430,#567);
#361=LINE('',#2432,#568);
#362=LINE('',#2433,#569);
#363=LINE('',#2436,#570);
#364=LINE('',#2438,#571);
#365=LINE('',#2440,#572);
#366=LINE('',#2442,#573);
#367=LINE('',#2443,#574);
#368=LINE('',#2446,#575);
#369=LINE('',#2448,#576);
#370=LINE('',#2449,#577);
#371=LINE('',#2452,#578);
#372=LINE('',#2453,#579);
#373=LINE('',#2456,#580);
#374=LINE('',#2457,#581);
#375=LINE('',#2460,#582);
#376=LINE('',#2462,#583);
#377=LINE('',#2464,#584);
#378=LINE('',#2466,#585);
#379=LINE('',#2467,#586);
#380=LINE('',#2471,#587);
#381=LINE('',#2473,#588);
#382=LINE('',#2475,#589);
#383=LINE('',#2476,#590);
#384=LINE('',#2480,#591);
#385=LINE('',#2482,#592);
#386=LINE('',#2484,#593);
#387=LINE('',#2485,#594);
#388=LINE('',#2494,#595);
#389=LINE('',#2496,#596);
#390=LINE('',#2498,#597);
#391=LINE('',#2499,#598);
#392=LINE('',#2503,#599);
#393=LINE('',#2505,#600);
#394=LINE('',#2507,#601);
#395=LINE('',#2508,#602);
#396=LINE('',#2512,#603);
#397=LINE('',#2514,#604);
#398=LINE('',#2516,#605);
#399=LINE('',#2517,#606);
#400=LINE('',#2521,#607);
#401=LINE('',#2523,#608);
#402=LINE('',#2525,#609);
#403=LINE('',#2526,#610);
#404=LINE('',#2530,#611);
#405=LINE('',#2531,#612);
#406=LINE('',#2532,#613);
#407=LINE('',#2535,#614);
#408=LINE('',#2537,#615);
#409=LINE('',#2538,#616);
#410=LINE('',#2541,#617);
#411=LINE('',#2543,#618);
#412=LINE('',#2544,#619);
#413=LINE('',#2547,#620);
#414=LINE('',#2548,#621);
#415=LINE('',#2551,#622);
#416=LINE('',#2553,#623);
#417=LINE('',#2554,#624);
#418=LINE('',#2557,#625);
#419=LINE('',#2559,#626);
#420=LINE('',#2560,#627);
#421=LINE('',#2563,#628);
#422=LINE('',#2564,#629);
#423=LINE('',#2567,#630);
#424=LINE('',#2568,#631);
#425=LINE('',#2571,#632);
#426=LINE('',#2572,#633);
#427=LINE('',#2574,#634);
#428=LINE('',#2575,#635);
#429=LINE('',#2577,#636);
#430=LINE('',#2578,#637);
#431=LINE('',#2579,#638);
#432=LINE('',#2581,#639);
#433=LINE('',#2582,#640);
#434=LINE('',#2584,#641);
#435=LINE('',#2586,#642);
#436=LINE('',#2587,#643);
#437=LINE('',#2589,#644);
#438=LINE('',#2591,#645);
#439=LINE('',#2595,#646);
#440=LINE('',#2597,#647);
#441=LINE('',#2598,#648);
#442=LINE('',#2601,#649);
#443=LINE('',#2602,#650);
#444=LINE('',#2605,#651);
#445=LINE('',#2606,#652);
#446=LINE('',#2608,#653);
#447=LINE('',#2609,#654);
#448=LINE('',#2611,#655);
#449=LINE('',#2613,#656);
#450=LINE('',#2614,#657);
#451=LINE('',#2616,#658);
#452=LINE('',#2624,#659);
#453=LINE('',#2626,#660);
#454=LINE('',#2628,#661);
#455=LINE('',#2629,#662);
#456=LINE('',#2632,#663);
#457=LINE('',#2634,#664);
#458=LINE('',#2635,#665);
#459=LINE('',#2638,#666);
#460=LINE('',#2640,#667);
#461=LINE('',#2641,#668);
#462=LINE('',#2643,#669);
#463=LINE('',#2644,#670);
#464=LINE('',#2648,#671);
#465=LINE('',#2650,#672);
#466=LINE('',#2652,#673);
#467=LINE('',#2653,#674);
#468=LINE('',#2656,#675);
#469=LINE('',#2658,#676);
#470=LINE('',#2659,#677);
#471=LINE('',#2662,#678);
#472=LINE('',#2664,#679);
#473=LINE('',#2665,#680);
#474=LINE('',#2667,#681);
#475=LINE('',#2668,#682);
#476=LINE('',#2673,#683);
#477=LINE('',#2675,#684);
#478=LINE('',#2677,#685);
#479=LINE('',#2678,#686);
#480=LINE('',#2685,#687);
#481=LINE('',#2704,#688);
#482=LINE('',#2720,#689);
#483=LINE('',#2722,#690);
#484=LINE('',#2726,#691);
#485=LINE('',#2727,#692);
#486=LINE('',#2728,#693);
#487=LINE('',#2731,#694);
#488=LINE('',#2733,#695);
#489=LINE('',#2735,#696);
#490=LINE('',#2736,#697);
#491=LINE('',#2740,#698);
#492=LINE('',#2742,#699);
#493=LINE('',#2744,#700);
#494=LINE('',#2745,#701);
#495=LINE('',#2748,#702);
#496=LINE('',#2750,#703);
#497=LINE('',#2751,#704);
#498=LINE('',#2754,#705);
#499=LINE('',#2756,#706);
#500=LINE('',#2757,#707);
#501=LINE('',#2759,#708);
#502=LINE('',#2760,#709);
#503=LINE('',#2764,#710);
#504=LINE('',#2766,#711);
#505=LINE('',#2768,#712);
#506=LINE('',#2769,#713);
#507=LINE('',#2772,#714);
#508=LINE('',#2774,#715);
#509=LINE('',#2775,#716);
#510=LINE('',#2778,#717);
#511=LINE('',#2780,#718);
#512=LINE('',#2781,#719);
#513=LINE('',#2783,#720);
#514=LINE('',#2784,#721);
#515=LINE('',#2789,#722);
#516=LINE('',#2791,#723);
#517=LINE('',#2793,#724);
#518=LINE('',#2794,#725);
#519=LINE('',#2817,#726);
#520=LINE('',#2820,#727);
#521=LINE('',#2823,#728);
#522=LINE('',#2825,#729);
#523=LINE('',#2826,#730);
#524=LINE('',#2829,#731);
#525=LINE('',#2831,#732);
#526=LINE('',#2833,#733);
#527=LINE('',#2834,#734);
#528=LINE('',#2837,#735);
#529=LINE('',#2838,#736);
#530=LINE('',#2840,#737);
#531=LINE('',#2845,#738);
#532=LINE('',#2849,#739);
#533=LINE('',#2853,#740);
#534=LINE('',#2855,#741);
#535=LINE('',#2859,#742);
#536=LINE('',#2861,#743);
#537=LINE('',#2864,#744);
#538=LINE('',#2865,#745);
#539=LINE('',#2867,#746);
#540=LINE('',#2868,#747);
#541=LINE('',#2870,#748);
#542=LINE('',#2875,#749);
#543=LINE('',#2877,#750);
#544=LINE('',#2880,#751);
#545=LINE('',#2884,#752);
#546=LINE('',#2885,#753);
#547=LINE('',#2887,#754);
#548=LINE('',#2891,#755);
#549=LINE('',#2892,#756);
#550=LINE('',#2893,#757);
#551=LINE('',#2895,#758);
#552=LINE('',#2897,#759);
#553=VECTOR('',#1931,0.0830629452294929);
#554=VECTOR('',#1938,0.141421353076296);
#555=VECTOR('',#1947,10.);
#556=VECTOR('',#1948,10.);
#557=VECTOR('',#1949,10.);
#558=VECTOR('',#1950,10.);
#559=VECTOR('',#1953,10.);
#560=VECTOR('',#1954,10.);
#561=VECTOR('',#1955,10.);
#562=VECTOR('',#1958,10.);
#563=VECTOR('',#1959,10.);
#564=VECTOR('',#1960,10.);
#565=VECTOR('',#1963,10.);
#566=VECTOR('',#1964,10.);
#567=VECTOR('',#1965,10.);
#568=VECTOR('',#1966,10.);
#569=VECTOR('',#1967,10.);
#570=VECTOR('',#1970,10.);
#571=VECTOR('',#1971,10.);
#572=VECTOR('',#1972,10.);
#573=VECTOR('',#1973,10.);
#574=VECTOR('',#1974,10.);
#575=VECTOR('',#1977,10.);
#576=VECTOR('',#1978,10.);
#577=VECTOR('',#1979,10.);
#578=VECTOR('',#1982,10.);
#579=VECTOR('',#1983,10.);
#580=VECTOR('',#1986,10.);
#581=VECTOR('',#1987,10.);
#582=VECTOR('',#1990,10.);
#583=VECTOR('',#1991,10.);
#584=VECTOR('',#1992,10.);
#585=VECTOR('',#1993,10.);
#586=VECTOR('',#1994,10.);
#587=VECTOR('',#1997,10.);
#588=VECTOR('',#1998,10.);
#589=VECTOR('',#1999,10.);
#590=VECTOR('',#2000,10.);
#591=VECTOR('',#2003,10.);
#592=VECTOR('',#2004,10.);
#593=VECTOR('',#2005,10.);
#594=VECTOR('',#2006,10.);
#595=VECTOR('',#2015,10.);
#596=VECTOR('',#2016,10.);
#597=VECTOR('',#2017,10.);
#598=VECTOR('',#2018,10.);
#599=VECTOR('',#2021,10.);
#600=VECTOR('',#2022,10.);
#601=VECTOR('',#2023,10.);
#602=VECTOR('',#2024,10.);
#603=VECTOR('',#2027,10.);
#604=VECTOR('',#2028,10.);
#605=VECTOR('',#2029,10.);
#606=VECTOR('',#2030,10.);
#607=VECTOR('',#2033,10.);
#608=VECTOR('',#2034,10.);
#609=VECTOR('',#2035,10.);
#610=VECTOR('',#2036,10.);
#611=VECTOR('',#2039,10.);
#612=VECTOR('',#2040,10.);
#613=VECTOR('',#2041,10.);
#614=VECTOR('',#2044,10.);
#615=VECTOR('',#2045,10.);
#616=VECTOR('',#2046,10.);
#617=VECTOR('',#2049,10.);
#618=VECTOR('',#2050,10.);
#619=VECTOR('',#2051,10.);
#620=VECTOR('',#2054,10.);
#621=VECTOR('',#2055,10.);
#622=VECTOR('',#2058,10.);
#623=VECTOR('',#2059,10.);
#624=VECTOR('',#2060,10.);
#625=VECTOR('',#2063,10.);
#626=VECTOR('',#2064,10.);
#627=VECTOR('',#2065,10.);
#628=VECTOR('',#2068,10.);
#629=VECTOR('',#2069,10.);
#630=VECTOR('',#2072,10.);
#631=VECTOR('',#2073,10.);
#632=VECTOR('',#2076,10.);
#633=VECTOR('',#2077,10.);
#634=VECTOR('',#2078,10.);
#635=VECTOR('',#2079,10.);
#636=VECTOR('',#2080,10.);
#637=VECTOR('',#2081,10.);
#638=VECTOR('',#2082,10.);
#639=VECTOR('',#2083,10.);
#640=VECTOR('',#2084,10.);
#641=VECTOR('',#2085,10.);
#642=VECTOR('',#2086,10.);
#643=VECTOR('',#2087,10.);
#644=VECTOR('',#2090,10.);
#645=VECTOR('',#2093,10.);
#646=VECTOR('',#2098,10.);
#647=VECTOR('',#2099,10.);
#648=VECTOR('',#2100,10.);
#649=VECTOR('',#2103,10.);
#650=VECTOR('',#2104,10.);
#651=VECTOR('',#2107,10.);
#652=VECTOR('',#2108,10.);
#653=VECTOR('',#2111,10.);
#654=VECTOR('',#2112,10.);
#655=VECTOR('',#2115,10.);
#656=VECTOR('',#2116,10.);
#657=VECTOR('',#2117,10.);
#658=VECTOR('',#2120,10.);
#659=VECTOR('',#2131,10.);
#660=VECTOR('',#2132,10.);
#661=VECTOR('',#2133,10.);
#662=VECTOR('',#2134,10.);
#663=VECTOR('',#2137,10.);
#664=VECTOR('',#2138,10.);
#665=VECTOR('',#2139,10.);
#666=VECTOR('',#2142,10.);
#667=VECTOR('',#2143,10.);
#668=VECTOR('',#2144,10.);
#669=VECTOR('',#2147,10.);
#670=VECTOR('',#2148,10.);
#671=VECTOR('',#2151,10.);
#672=VECTOR('',#2152,10.);
#673=VECTOR('',#2153,10.);
#674=VECTOR('',#2154,10.);
#675=VECTOR('',#2157,10.);
#676=VECTOR('',#2158,10.);
#677=VECTOR('',#2159,10.);
#678=VECTOR('',#2162,10.);
#679=VECTOR('',#2163,10.);
#680=VECTOR('',#2164,10.);
#681=VECTOR('',#2167,10.);
#682=VECTOR('',#2168,10.);
#683=VECTOR('',#2173,10.);
#684=VECTOR('',#2174,10.);
#685=VECTOR('',#2175,10.);
#686=VECTOR('',#2176,10.);
#687=VECTOR('',#2183,10.);
#688=VECTOR('',#2190,10.);
#689=VECTOR('',#2193,10.);
#690=VECTOR('',#2196,10.);
#691=VECTOR('',#2199,10.);
#692=VECTOR('',#2200,10.);
#693=VECTOR('',#2201,10.);
#694=VECTOR('',#2202,10.);
#695=VECTOR('',#2203,10.);
#696=VECTOR('',#2204,10.);
#697=VECTOR('',#2205,10.);
#698=VECTOR('',#2208,10.);
#699=VECTOR('',#2209,10.);
#700=VECTOR('',#2210,10.);
#701=VECTOR('',#2211,10.);
#702=VECTOR('',#2214,10.);
#703=VECTOR('',#2215,10.);
#704=VECTOR('',#2216,10.);
#705=VECTOR('',#2219,10.);
#706=VECTOR('',#2220,10.);
#707=VECTOR('',#2221,10.);
#708=VECTOR('',#2224,10.);
#709=VECTOR('',#2225,10.);
#710=VECTOR('',#2228,10.);
#711=VECTOR('',#2229,10.);
#712=VECTOR('',#2230,10.);
#713=VECTOR('',#2231,10.);
#714=VECTOR('',#2234,10.);
#715=VECTOR('',#2235,10.);
#716=VECTOR('',#2236,10.);
#717=VECTOR('',#2239,10.);
#718=VECTOR('',#2240,10.);
#719=VECTOR('',#2241,10.);
#720=VECTOR('',#2244,10.);
#721=VECTOR('',#2245,10.);
#722=VECTOR('',#2250,10.);
#723=VECTOR('',#2251,10.);
#724=VECTOR('',#2252,10.);
#725=VECTOR('',#2253,10.);
#726=VECTOR('',#2284,10.);
#727=VECTOR('',#2287,10.);
#728=VECTOR('',#2290,10.);
#729=VECTOR('',#2291,10.);
#730=VECTOR('',#2292,10.);
#731=VECTOR('',#2293,10.);
#732=VECTOR('',#2294,10.);
#733=VECTOR('',#2295,10.);
#734=VECTOR('',#2296,10.);
#735=VECTOR('',#2299,10.);
#736=VECTOR('',#2300,10.);
#737=VECTOR('',#2301,10.);
#738=VECTOR('',#2306,10.);
#739=VECTOR('',#2309,10.);
#740=VECTOR('',#2314,10.);
#741=VECTOR('',#2315,10.);
#742=VECTOR('',#2320,10.);
#743=VECTOR('',#2321,10.);
#744=VECTOR('',#2326,10.);
#745=VECTOR('',#2327,10.);
#746=VECTOR('',#2330,10.);
#747=VECTOR('',#2331,10.);
#748=VECTOR('',#2334,10.);
#749=VECTOR('',#2341,10.);
#750=VECTOR('',#2344,10.);
#751=VECTOR('',#2349,10.);
#752=VECTOR('',#2354,10.);
#753=VECTOR('',#2355,10.);
#754=VECTOR('',#2358,10.);
#755=VECTOR('',#2361,10.);
#756=VECTOR('',#2362,10.);
#757=VECTOR('',#2363,10.);
#758=VECTOR('',#2366,10.);
#759=VECTOR('',#2369,10.);
#760=CIRCLE('',#1799,0.0830629452294929);
#761=CIRCLE('',#1800,0.0830629452294929);
#762=CIRCLE('',#1802,0.141421353076296);
#763=CIRCLE('',#1803,0.141421353076296);
#764=CIRCLE('',#1818,0.85);
#765=CIRCLE('',#1819,0.85);
#766=CIRCLE('',#1889,0.7);
#767=CIRCLE('',#1890,0.7);
#768=CIRCLE('',#1893,0.5);
#769=CIRCLE('',#1906,0.5);
#770=CIRCLE('',#1918,0.85);
#771=CIRCLE('',#1920,0.85);
#772=CIRCLE('',#1922,0.85);
#773=CIRCLE('',#1924,0.85);
#774=VERTEX_POINT('',#2390);
#775=VERTEX_POINT('',#2392);
#776=VERTEX_POINT('',#2396);
#777=VERTEX_POINT('',#2398);
#778=VERTEX_POINT('',#2404);
#779=VERTEX_POINT('',#2405);
#780=VERTEX_POINT('',#2407);
#781=VERTEX_POINT('',#2409);
#782=VERTEX_POINT('',#2413);
#783=VERTEX_POINT('',#2415);
#784=VERTEX_POINT('',#2419);
#785=VERTEX_POINT('',#2421);
#786=VERTEX_POINT('',#2425);
#787=VERTEX_POINT('',#2427);
#788=VERTEX_POINT('',#2429);
#789=VERTEX_POINT('',#2431);
#790=VERTEX_POINT('',#2435);
#791=VERTEX_POINT('',#2437);
#792=VERTEX_POINT('',#2439);
#793=VERTEX_POINT('',#2441);
#794=VERTEX_POINT('',#2445);
#795=VERTEX_POINT('',#2447);
#796=VERTEX_POINT('',#2451);
#797=VERTEX_POINT('',#2455);
#798=VERTEX_POINT('',#2459);
#799=VERTEX_POINT('',#2461);
#800=VERTEX_POINT('',#2463);
#801=VERTEX_POINT('',#2465);
#802=VERTEX_POINT('',#2469);
#803=VERTEX_POINT('',#2470);
#804=VERTEX_POINT('',#2472);
#805=VERTEX_POINT('',#2474);
#806=VERTEX_POINT('',#2478);
#807=VERTEX_POINT('',#2479);
#808=VERTEX_POINT('',#2481);
#809=VERTEX_POINT('',#2483);
#810=VERTEX_POINT('',#2487);
#811=VERTEX_POINT('',#2489);
#812=VERTEX_POINT('',#2492);
#813=VERTEX_POINT('',#2493);
#814=VERTEX_POINT('',#2495);
#815=VERTEX_POINT('',#2497);
#816=VERTEX_POINT('',#2501);
#817=VERTEX_POINT('',#2502);
#818=VERTEX_POINT('',#2504);
#819=VERTEX_POINT('',#2506);
#820=VERTEX_POINT('',#2510);
#821=VERTEX_POINT('',#2511);
#822=VERTEX_POINT('',#2513);
#823=VERTEX_POINT('',#2515);
#824=VERTEX_POINT('',#2519);
#825=VERTEX_POINT('',#2520);
#826=VERTEX_POINT('',#2522);
#827=VERTEX_POINT('',#2524);
#828=VERTEX_POINT('',#2528);
#829=VERTEX_POINT('',#2529);
#830=VERTEX_POINT('',#2534);
#831=VERTEX_POINT('',#2536);
#832=VERTEX_POINT('',#2540);
#833=VERTEX_POINT('',#2542);
#834=VERTEX_POINT('',#2546);
#835=VERTEX_POINT('',#2550);
#836=VERTEX_POINT('',#2552);
#837=VERTEX_POINT('',#2556);
#838=VERTEX_POINT('',#2558);
#839=VERTEX_POINT('',#2562);
#840=VERTEX_POINT('',#2566);
#841=VERTEX_POINT('',#2570);
#842=VERTEX_POINT('',#2573);
#843=VERTEX_POINT('',#2576);
#844=VERTEX_POINT('',#2580);
#845=VERTEX_POINT('',#2583);
#846=VERTEX_POINT('',#2585);
#847=VERTEX_POINT('',#2594);
#848=VERTEX_POINT('',#2596);
#849=VERTEX_POINT('',#2600);
#850=VERTEX_POINT('',#2604);
#851=VERTEX_POINT('',#2612);
#852=VERTEX_POINT('',#2622);
#853=VERTEX_POINT('',#2623);
#854=VERTEX_POINT('',#2625);
#855=VERTEX_POINT('',#2627);
#856=VERTEX_POINT('',#2631);
#857=VERTEX_POINT('',#2633);
#858=VERTEX_POINT('',#2637);
#859=VERTEX_POINT('',#2639);
#860=VERTEX_POINT('',#2646);
#861=VERTEX_POINT('',#2647);
#862=VERTEX_POINT('',#2649);
#863=VERTEX_POINT('',#2651);
#864=VERTEX_POINT('',#2655);
#865=VERTEX_POINT('',#2657);
#866=VERTEX_POINT('',#2661);
#867=VERTEX_POINT('',#2663);
#868=VERTEX_POINT('',#2671);
#869=VERTEX_POINT('',#2672);
#870=VERTEX_POINT('',#2674);
#871=VERTEX_POINT('',#2676);
#872=VERTEX_POINT('',#2680);
#873=VERTEX_POINT('',#2682);
#874=VERTEX_POINT('',#2684);
#875=VERTEX_POINT('',#2686);
#876=VERTEX_POINT('',#2700);
#877=VERTEX_POINT('',#2702);
#878=VERTEX_POINT('',#2706);
#879=VERTEX_POINT('',#2713);
#880=VERTEX_POINT('',#2724);
#881=VERTEX_POINT('',#2725);
#882=VERTEX_POINT('',#2729);
#883=VERTEX_POINT('',#2730);
#884=VERTEX_POINT('',#2732);
#885=VERTEX_POINT('',#2734);
#886=VERTEX_POINT('',#2738);
#887=VERTEX_POINT('',#2739);
#888=VERTEX_POINT('',#2741);
#889=VERTEX_POINT('',#2743);
#890=VERTEX_POINT('',#2747);
#891=VERTEX_POINT('',#2749);
#892=VERTEX_POINT('',#2753);
#893=VERTEX_POINT('',#2755);
#894=VERTEX_POINT('',#2762);
#895=VERTEX_POINT('',#2763);
#896=VERTEX_POINT('',#2765);
#897=VERTEX_POINT('',#2767);
#898=VERTEX_POINT('',#2771);
#899=VERTEX_POINT('',#2773);
#900=VERTEX_POINT('',#2777);
#901=VERTEX_POINT('',#2779);
#902=VERTEX_POINT('',#2787);
#903=VERTEX_POINT('',#2788);
#904=VERTEX_POINT('',#2790);
#905=VERTEX_POINT('',#2792);
#906=VERTEX_POINT('',#2796);
#907=VERTEX_POINT('',#2799);
#908=VERTEX_POINT('',#2803);
#909=VERTEX_POINT('',#2807);
#910=VERTEX_POINT('',#2813);
#911=VERTEX_POINT('',#2814);
#912=VERTEX_POINT('',#2816);
#913=VERTEX_POINT('',#2818);
#914=VERTEX_POINT('',#2822);
#915=VERTEX_POINT('',#2824);
#916=VERTEX_POINT('',#2827);
#917=VERTEX_POINT('',#2828);
#918=VERTEX_POINT('',#2830);
#919=VERTEX_POINT('',#2832);
#920=VERTEX_POINT('',#2836);
#921=VERTEX_POINT('',#2839);
#922=VERTEX_POINT('',#2843);
#923=VERTEX_POINT('',#2844);
#924=VERTEX_POINT('',#2846);
#925=VERTEX_POINT('',#2848);
#926=VERTEX_POINT('',#2852);
#927=VERTEX_POINT('',#2854);
#928=VERTEX_POINT('',#2858);
#929=VERTEX_POINT('',#2860);
#930=VERTEX_POINT('',#2873);
#931=VERTEX_POINT('',#2883);
#932=VERTEX_POINT('',#2889);
#933=VERTEX_POINT('',#2890);
#934=VERTEX_POINT('',#2900);
#935=VERTEX_POINT('',#2901);
#936=VERTEX_POINT('',#2904);
#937=VERTEX_POINT('',#2905);
#938=VERTEX_POINT('',#2908);
#939=VERTEX_POINT('',#2909);
#940=VERTEX_POINT('',#2912);
#941=VERTEX_POINT('',#2913);
#942=EDGE_CURVE('',#774,#774,#760,.T.);
#943=EDGE_CURVE('',#774,#775,#346,.T.);
#944=EDGE_CURVE('',#775,#775,#761,.T.);
#945=EDGE_CURVE('',#776,#776,#762,.T.);
#946=EDGE_CURVE('',#776,#777,#347,.T.);
#947=EDGE_CURVE('',#777,#777,#763,.T.);
#948=EDGE_CURVE('',#778,#779,#348,.T.);
#949=EDGE_CURVE('',#778,#780,#349,.T.);
#950=EDGE_CURVE('',#781,#780,#350,.T.);
#951=EDGE_CURVE('',#779,#781,#351,.T.);
#952=EDGE_CURVE('',#779,#782,#352,.T.);
#953=EDGE_CURVE('',#783,#781,#353,.T.);
#954=EDGE_CURVE('',#782,#783,#354,.T.);
#955=EDGE_CURVE('',#782,#784,#355,.T.);
#956=EDGE_CURVE('',#785,#783,#356,.T.);
#957=EDGE_CURVE('',#784,#785,#357,.T.);
#958=EDGE_CURVE('',#780,#786,#358,.T.);
#959=EDGE_CURVE('',#786,#787,#359,.T.);
#960=EDGE_CURVE('',#787,#788,#360,.T.);
#961=EDGE_CURVE('',#788,#789,#361,.T.);
#962=EDGE_CURVE('',#789,#785,#362,.T.);
#963=EDGE_CURVE('',#790,#784,#363,.T.);
#964=EDGE_CURVE('',#790,#791,#364,.T.);
#965=EDGE_CURVE('',#791,#792,#365,.T.);
#966=EDGE_CURVE('',#792,#793,#366,.T.);
#967=EDGE_CURVE('',#778,#793,#367,.T.);
#968=EDGE_CURVE('',#790,#794,#368,.T.);
#969=EDGE_CURVE('',#795,#794,#369,.T.);
#970=EDGE_CURVE('',#791,#795,#370,.T.);
#971=EDGE_CURVE('',#796,#795,#371,.T.);
#972=EDGE_CURVE('',#792,#796,#372,.T.);
#973=EDGE_CURVE('',#797,#796,#373,.T.);
#974=EDGE_CURVE('',#793,#797,#374,.T.);
#975=EDGE_CURVE('',#794,#798,#375,.T.);
#976=EDGE_CURVE('',#798,#799,#376,.T.);
#977=EDGE_CURVE('',#799,#800,#377,.T.);
#978=EDGE_CURVE('',#800,#801,#378,.T.);
#979=EDGE_CURVE('',#801,#797,#379,.T.);
#980=EDGE_CURVE('',#802,#803,#380,.T.);
#981=EDGE_CURVE('',#803,#804,#381,.T.);
#982=EDGE_CURVE('',#805,#804,#382,.T.);
#983=EDGE_CURVE('',#802,#805,#383,.T.);
#984=EDGE_CURVE('',#806,#807,#384,.T.);
#985=EDGE_CURVE('',#807,#808,#385,.T.);
#986=EDGE_CURVE('',#809,#808,#386,.T.);
#987=EDGE_CURVE('',#806,#809,#387,.T.);
#988=EDGE_CURVE('',#810,#810,#764,.T.);
#989=EDGE_CURVE('',#810,#811,#765,.T.);
#990=EDGE_CURVE('',#812,#813,#388,.T.);
#991=EDGE_CURVE('',#814,#812,#389,.T.);
#992=EDGE_CURVE('',#815,#814,#390,.T.);
#993=EDGE_CURVE('',#813,#815,#391,.T.);
#994=EDGE_CURVE('',#816,#817,#392,.T.);
#995=EDGE_CURVE('',#818,#816,#393,.T.);
#996=EDGE_CURVE('',#819,#818,#394,.T.);
#997=EDGE_CURVE('',#817,#819,#395,.T.);
#998=EDGE_CURVE('',#820,#821,#396,.T.);
#999=EDGE_CURVE('',#822,#820,#397,.T.);
#1000=EDGE_CURVE('',#823,#822,#398,.T.);
#1001=EDGE_CURVE('',#821,#823,#399,.T.);
#1002=EDGE_CURVE('',#824,#825,#400,.T.);
#1003=EDGE_CURVE('',#826,#824,#401,.T.);
#1004=EDGE_CURVE('',#827,#826,#402,.T.);
#1005=EDGE_CURVE('',#825,#827,#403,.T.);
#1006=EDGE_CURVE('',#828,#829,#404,.T.);
#1007=EDGE_CURVE('',#804,#828,#405,.T.);
#1008=EDGE_CURVE('',#829,#803,#406,.T.);
#1009=EDGE_CURVE('',#830,#829,#407,.T.);
#1010=EDGE_CURVE('',#830,#831,#408,.T.);
#1011=EDGE_CURVE('',#828,#831,#409,.T.);
#1012=EDGE_CURVE('',#832,#825,#410,.T.);
#1013=EDGE_CURVE('',#832,#833,#411,.T.);
#1014=EDGE_CURVE('',#824,#833,#412,.T.);
#1015=EDGE_CURVE('',#827,#834,#413,.T.);
#1016=EDGE_CURVE('',#834,#832,#414,.T.);
#1017=EDGE_CURVE('',#835,#822,#415,.T.);
#1018=EDGE_CURVE('',#835,#836,#416,.T.);
#1019=EDGE_CURVE('',#823,#836,#417,.T.);
#1020=EDGE_CURVE('',#837,#817,#418,.T.);
#1021=EDGE_CURVE('',#837,#838,#419,.T.);
#1022=EDGE_CURVE('',#816,#838,#420,.T.);
#1023=EDGE_CURVE('',#819,#839,#421,.T.);
#1024=EDGE_CURVE('',#839,#837,#422,.T.);
#1025=EDGE_CURVE('',#840,#818,#423,.T.);
#1026=EDGE_CURVE('',#839,#840,#424,.T.);
#1027=EDGE_CURVE('',#841,#805,#425,.T.);
#1028=EDGE_CURVE('',#831,#809,#426,.T.);
#1029=EDGE_CURVE('',#808,#842,#427,.T.);
#1030=EDGE_CURVE('',#842,#841,#428,.T.);
#1031=EDGE_CURVE('',#833,#843,#429,.T.);
#1032=EDGE_CURVE('',#843,#826,#430,.T.);
#1033=EDGE_CURVE('',#838,#840,#431,.T.);
#1034=EDGE_CURVE('',#836,#844,#432,.T.);
#1035=EDGE_CURVE('',#844,#821,#433,.T.);
#1036=EDGE_CURVE('',#815,#845,#434,.T.);
#1037=EDGE_CURVE('',#845,#846,#435,.T.);
#1038=EDGE_CURVE('',#846,#813,#436,.T.);
#1039=EDGE_CURVE('',#806,#830,#437,.T.);
#1040=EDGE_CURVE('',#834,#843,#438,.T.);
#1041=EDGE_CURVE('',#847,#846,#439,.T.);
#1042=EDGE_CURVE('',#848,#845,#440,.T.);
#1043=EDGE_CURVE('',#847,#848,#441,.T.);
#1044=EDGE_CURVE('',#849,#835,#442,.T.);
#1045=EDGE_CURVE('',#849,#844,#443,.T.);
#1046=EDGE_CURVE('',#850,#807,#444,.T.);
#1047=EDGE_CURVE('',#850,#842,#445,.T.);
#1048=EDGE_CURVE('',#812,#847,#446,.T.);
#1049=EDGE_CURVE('',#848,#814,#447,.T.);
#1050=EDGE_CURVE('',#802,#801,#448,.T.);
#1051=EDGE_CURVE('',#800,#851,#449,.T.);
#1052=EDGE_CURVE('',#851,#850,#450,.T.);
#1053=EDGE_CURVE('',#820,#849,#451,.T.);
#1054=EDGE_CURVE('',#852,#853,#452,.T.);
#1055=EDGE_CURVE('',#852,#854,#453,.T.);
#1056=EDGE_CURVE('',#855,#854,#454,.T.);
#1057=EDGE_CURVE('',#853,#855,#455,.T.);
#1058=EDGE_CURVE('',#853,#856,#456,.T.);
#1059=EDGE_CURVE('',#857,#855,#457,.T.);
#1060=EDGE_CURVE('',#856,#857,#458,.T.);
#1061=EDGE_CURVE('',#856,#858,#459,.T.);
#1062=EDGE_CURVE('',#859,#857,#460,.T.);
#1063=EDGE_CURVE('',#858,#859,#461,.T.);
#1064=EDGE_CURVE('',#858,#852,#462,.T.);
#1065=EDGE_CURVE('',#854,#859,#463,.T.);
#1066=EDGE_CURVE('',#860,#861,#464,.T.);
#1067=EDGE_CURVE('',#860,#862,#465,.T.);
#1068=EDGE_CURVE('',#863,#862,#466,.T.);
#1069=EDGE_CURVE('',#861,#863,#467,.T.);
#1070=EDGE_CURVE('',#861,#864,#468,.T.);
#1071=EDGE_CURVE('',#865,#863,#469,.T.);
#1072=EDGE_CURVE('',#864,#865,#470,.T.);
#1073=EDGE_CURVE('',#864,#866,#471,.T.);
#1074=EDGE_CURVE('',#867,#865,#472,.T.);
#1075=EDGE_CURVE('',#866,#867,#473,.T.);
#1076=EDGE_CURVE('',#866,#860,#474,.T.);
#1077=EDGE_CURVE('',#862,#867,#475,.T.);
#1078=EDGE_CURVE('',#868,#869,#476,.T.);
#1079=EDGE_CURVE('',#869,#870,#477,.T.);
#1080=EDGE_CURVE('',#870,#871,#478,.T.);
#1081=EDGE_CURVE('',#871,#868,#479,.T.);
#1082=EDGE_CURVE('',#869,#872,#26,.T.);
#1083=EDGE_CURVE('',#872,#873,#27,.T.);
#1084=EDGE_CURVE('',#874,#873,#480,.T.);
#1085=EDGE_CURVE('',#875,#874,#22,.T.);
#1086=EDGE_CURVE('',#870,#875,#23,.T.);
#1087=EDGE_CURVE('',#868,#876,#28,.T.);
#1088=EDGE_CURVE('',#876,#877,#29,.T.);
#1089=EDGE_CURVE('',#873,#877,#481,.T.);
#1090=EDGE_CURVE('',#871,#878,#24,.T.);
#1091=EDGE_CURVE('',#878,#879,#25,.T.);
#1092=EDGE_CURVE('',#877,#879,#482,.T.);
#1093=EDGE_CURVE('',#879,#874,#483,.T.);
#1094=EDGE_CURVE('',#880,#881,#484,.T.);
#1095=EDGE_CURVE('',#881,#789,#485,.T.);
#1096=EDGE_CURVE('',#880,#788,#486,.T.);
#1097=EDGE_CURVE('',#882,#883,#487,.T.);
#1098=EDGE_CURVE('',#883,#884,#488,.T.);
#1099=EDGE_CURVE('',#884,#885,#489,.T.);
#1100=EDGE_CURVE('',#885,#882,#490,.T.);
#1101=EDGE_CURVE('',#886,#887,#491,.T.);
#1102=EDGE_CURVE('',#886,#888,#492,.T.);
#1103=EDGE_CURVE('',#889,#888,#493,.T.);
#1104=EDGE_CURVE('',#887,#889,#494,.T.);
#1105=EDGE_CURVE('',#887,#890,#495,.T.);
#1106=EDGE_CURVE('',#891,#889,#496,.T.);
#1107=EDGE_CURVE('',#890,#891,#497,.T.);
#1108=EDGE_CURVE('',#890,#892,#498,.T.);
#1109=EDGE_CURVE('',#893,#891,#499,.T.);
#1110=EDGE_CURVE('',#892,#893,#500,.T.);
#1111=EDGE_CURVE('',#892,#886,#501,.T.);
#1112=EDGE_CURVE('',#888,#893,#502,.T.);
#1113=EDGE_CURVE('',#894,#895,#503,.T.);
#1114=EDGE_CURVE('',#894,#896,#504,.T.);
#1115=EDGE_CURVE('',#897,#896,#505,.T.);
#1116=EDGE_CURVE('',#895,#897,#506,.T.);
#1117=EDGE_CURVE('',#895,#898,#507,.T.);
#1118=EDGE_CURVE('',#899,#897,#508,.T.);
#1119=EDGE_CURVE('',#898,#899,#509,.T.);
#1120=EDGE_CURVE('',#898,#900,#510,.T.);
#1121=EDGE_CURVE('',#901,#899,#511,.T.);
#1122=EDGE_CURVE('',#900,#901,#512,.T.);
#1123=EDGE_CURVE('',#900,#894,#513,.T.);
#1124=EDGE_CURVE('',#896,#901,#514,.T.);
#1125=EDGE_CURVE('',#902,#903,#515,.T.);
#1126=EDGE_CURVE('',#903,#904,#516,.T.);
#1127=EDGE_CURVE('',#904,#905,#517,.T.);
#1128=EDGE_CURVE('',#905,#902,#518,.T.);
#1129=EDGE_CURVE('',#903,#906,#30,.T.);
#1130=EDGE_CURVE('',#906,#884,#31,.T.);
#1131=EDGE_CURVE('',#907,#883,#32,.T.);
#1132=EDGE_CURVE('',#904,#907,#33,.T.);
#1133=EDGE_CURVE('',#902,#908,#34,.T.);
#1134=EDGE_CURVE('',#908,#885,#35,.T.);
#1135=EDGE_CURVE('',#905,#909,#36,.T.);
#1136=EDGE_CURVE('',#909,#882,#37,.T.);
#1137=EDGE_CURVE('',#910,#911,#766,.T.);
#1138=EDGE_CURVE('',#911,#912,#519,.T.);
#1139=EDGE_CURVE('',#912,#913,#767,.T.);
#1140=EDGE_CURVE('',#913,#910,#520,.T.);
#1141=EDGE_CURVE('',#911,#914,#521,.T.);
#1142=EDGE_CURVE('',#915,#914,#522,.T.);
#1143=EDGE_CURVE('',#915,#912,#523,.T.);
#1144=EDGE_CURVE('',#916,#917,#524,.T.);
#1145=EDGE_CURVE('',#917,#918,#525,.T.);
#1146=EDGE_CURVE('',#918,#919,#526,.T.);
#1147=EDGE_CURVE('',#919,#916,#527,.T.);
#1148=EDGE_CURVE('',#920,#910,#528,.T.);
#1149=EDGE_CURVE('',#798,#920,#529,.T.);
#1150=EDGE_CURVE('',#881,#921,#530,.T.);
#1151=EDGE_CURVE('',#914,#921,#768,.T.);
#1152=EDGE_CURVE('',#922,#923,#531,.T.);
#1153=EDGE_CURVE('',#923,#924,#38,.T.);
#1154=EDGE_CURVE('',#924,#925,#532,.T.);
#1155=EDGE_CURVE('',#925,#922,#39,.T.);
#1156=EDGE_CURVE('',#926,#924,#533,.T.);
#1157=EDGE_CURVE('',#923,#927,#534,.T.);
#1158=EDGE_CURVE('',#926,#927,#40,.T.);
#1159=EDGE_CURVE('',#928,#922,#535,.T.);
#1160=EDGE_CURVE('',#925,#929,#536,.T.);
#1161=EDGE_CURVE('',#929,#928,#41,.T.);
#1162=EDGE_CURVE('',#927,#928,#537,.T.);
#1163=EDGE_CURVE('',#929,#926,#538,.T.);
#1164=EDGE_CURVE('',#925,#919,#539,.T.);
#1165=EDGE_CURVE('',#929,#918,#540,.T.);
#1166=EDGE_CURVE('',#924,#916,#541,.T.);
#1167=EDGE_CURVE('',#930,#915,#769,.T.);
#1168=EDGE_CURVE('',#921,#930,#542,.T.);
#1169=EDGE_CURVE('',#926,#917,#543,.T.);
#1170=EDGE_CURVE('',#880,#930,#544,.T.);
#1171=EDGE_CURVE('',#931,#799,#545,.T.);
#1172=EDGE_CURVE('',#920,#931,#546,.T.);
#1173=EDGE_CURVE('',#851,#931,#547,.T.);
#1174=EDGE_CURVE('',#932,#933,#548,.T.);
#1175=EDGE_CURVE('',#933,#787,#549,.T.);
#1176=EDGE_CURVE('',#932,#786,#550,.T.);
#1177=EDGE_CURVE('',#932,#841,#551,.T.);
#1178=EDGE_CURVE('',#933,#913,#552,.T.);
#1179=EDGE_CURVE('',#934,#935,#770,.T.);
#1180=EDGE_CURVE('',#936,#937,#771,.T.);
#1181=EDGE_CURVE('',#938,#939,#772,.T.);
#1182=EDGE_CURVE('',#940,#941,#773,.T.);
#1183=ORIENTED_EDGE('',*,*,#942,.F.);
#1184=ORIENTED_EDGE('',*,*,#943,.T.);
#1185=ORIENTED_EDGE('',*,*,#944,.F.);
#1186=ORIENTED_EDGE('',*,*,#943,.F.);
#1187=ORIENTED_EDGE('',*,*,#945,.T.);
#1188=ORIENTED_EDGE('',*,*,#946,.T.);
#1189=ORIENTED_EDGE('',*,*,#947,.T.);
#1190=ORIENTED_EDGE('',*,*,#946,.F.);
#1191=ORIENTED_EDGE('',*,*,#945,.F.);
#1192=ORIENTED_EDGE('',*,*,#944,.T.);
#1193=ORIENTED_EDGE('',*,*,#947,.F.);
#1194=ORIENTED_EDGE('',*,*,#942,.T.);
#1195=ORIENTED_EDGE('',*,*,#948,.F.);
#1196=ORIENTED_EDGE('',*,*,#949,.T.);
#1197=ORIENTED_EDGE('',*,*,#950,.F.);
#1198=ORIENTED_EDGE('',*,*,#951,.F.);
#1199=ORIENTED_EDGE('',*,*,#952,.F.);
#1200=ORIENTED_EDGE('',*,*,#951,.T.);
#1201=ORIENTED_EDGE('',*,*,#953,.F.);
#1202=ORIENTED_EDGE('',*,*,#954,.F.);
#1203=ORIENTED_EDGE('',*,*,#955,.F.);
#1204=ORIENTED_EDGE('',*,*,#954,.T.);
#1205=ORIENTED_EDGE('',*,*,#956,.F.);
#1206=ORIENTED_EDGE('',*,*,#957,.F.);
#1207=ORIENTED_EDGE('',*,*,#956,.T.);
#1208=ORIENTED_EDGE('',*,*,#953,.T.);
#1209=ORIENTED_EDGE('',*,*,#950,.T.);
#1210=ORIENTED_EDGE('',*,*,#958,.T.);
#1211=ORIENTED_EDGE('',*,*,#959,.T.);
#1212=ORIENTED_EDGE('',*,*,#960,.T.);
#1213=ORIENTED_EDGE('',*,*,#961,.T.);
#1214=ORIENTED_EDGE('',*,*,#962,.T.);
#1215=ORIENTED_EDGE('',*,*,#948,.T.);
#1216=ORIENTED_EDGE('',*,*,#952,.T.);
#1217=ORIENTED_EDGE('',*,*,#955,.T.);
#1218=ORIENTED_EDGE('',*,*,#963,.F.);
#1219=ORIENTED_EDGE('',*,*,#964,.T.);
#1220=ORIENTED_EDGE('',*,*,#965,.T.);
#1221=ORIENTED_EDGE('',*,*,#966,.T.);
#1222=ORIENTED_EDGE('',*,*,#967,.F.);
#1223=ORIENTED_EDGE('',*,*,#964,.F.);
#1224=ORIENTED_EDGE('',*,*,#968,.T.);
#1225=ORIENTED_EDGE('',*,*,#969,.F.);
#1226=ORIENTED_EDGE('',*,*,#970,.F.);
#1227=ORIENTED_EDGE('',*,*,#965,.F.);
#1228=ORIENTED_EDGE('',*,*,#970,.T.);
#1229=ORIENTED_EDGE('',*,*,#971,.F.);
#1230=ORIENTED_EDGE('',*,*,#972,.F.);
#1231=ORIENTED_EDGE('',*,*,#966,.F.);
#1232=ORIENTED_EDGE('',*,*,#972,.T.);
#1233=ORIENTED_EDGE('',*,*,#973,.F.);
#1234=ORIENTED_EDGE('',*,*,#974,.F.);
#1235=ORIENTED_EDGE('',*,*,#975,.T.);
#1236=ORIENTED_EDGE('',*,*,#976,.T.);
#1237=ORIENTED_EDGE('',*,*,#977,.T.);
#1238=ORIENTED_EDGE('',*,*,#978,.T.);
#1239=ORIENTED_EDGE('',*,*,#979,.T.);
#1240=ORIENTED_EDGE('',*,*,#973,.T.);
#1241=ORIENTED_EDGE('',*,*,#971,.T.);
#1242=ORIENTED_EDGE('',*,*,#969,.T.);
#1243=ORIENTED_EDGE('',*,*,#980,.T.);
#1244=ORIENTED_EDGE('',*,*,#981,.T.);
#1245=ORIENTED_EDGE('',*,*,#982,.F.);
#1246=ORIENTED_EDGE('',*,*,#983,.F.);
#1247=ORIENTED_EDGE('',*,*,#984,.T.);
#1248=ORIENTED_EDGE('',*,*,#985,.T.);
#1249=ORIENTED_EDGE('',*,*,#986,.F.);
#1250=ORIENTED_EDGE('',*,*,#987,.F.);
#1251=ORIENTED_EDGE('',*,*,#988,.F.);
#1252=ORIENTED_EDGE('',*,*,#989,.T.);
#1253=ORIENTED_EDGE('',*,*,#989,.F.);
#1254=ORIENTED_EDGE('',*,*,#990,.F.);
#1255=ORIENTED_EDGE('',*,*,#991,.F.);
#1256=ORIENTED_EDGE('',*,*,#992,.F.);
#1257=ORIENTED_EDGE('',*,*,#993,.F.);
#1258=ORIENTED_EDGE('',*,*,#994,.F.);
#1259=ORIENTED_EDGE('',*,*,#995,.F.);
#1260=ORIENTED_EDGE('',*,*,#996,.F.);
#1261=ORIENTED_EDGE('',*,*,#997,.F.);
#1262=ORIENTED_EDGE('',*,*,#998,.F.);
#1263=ORIENTED_EDGE('',*,*,#999,.F.);
#1264=ORIENTED_EDGE('',*,*,#1000,.F.);
#1265=ORIENTED_EDGE('',*,*,#1001,.F.);
#1266=ORIENTED_EDGE('',*,*,#1002,.F.);
#1267=ORIENTED_EDGE('',*,*,#1003,.F.);
#1268=ORIENTED_EDGE('',*,*,#1004,.F.);
#1269=ORIENTED_EDGE('',*,*,#1005,.F.);
#1270=ORIENTED_EDGE('',*,*,#1006,.F.);
#1271=ORIENTED_EDGE('',*,*,#1007,.F.);
#1272=ORIENTED_EDGE('',*,*,#981,.F.);
#1273=ORIENTED_EDGE('',*,*,#1008,.F.);
#1274=ORIENTED_EDGE('',*,*,#1006,.T.);
#1275=ORIENTED_EDGE('',*,*,#1009,.F.);
#1276=ORIENTED_EDGE('',*,*,#1010,.T.);
#1277=ORIENTED_EDGE('',*,*,#1011,.F.);
#1278=ORIENTED_EDGE('',*,*,#1002,.T.);
#1279=ORIENTED_EDGE('',*,*,#1012,.F.);
#1280=ORIENTED_EDGE('',*,*,#1013,.T.);
#1281=ORIENTED_EDGE('',*,*,#1014,.F.);
#1282=ORIENTED_EDGE('',*,*,#1005,.T.);
#1283=ORIENTED_EDGE('',*,*,#1015,.T.);
#1284=ORIENTED_EDGE('',*,*,#1016,.T.);
#1285=ORIENTED_EDGE('',*,*,#1012,.T.);
#1286=ORIENTED_EDGE('',*,*,#1000,.T.);
#1287=ORIENTED_EDGE('',*,*,#1017,.F.);
#1288=ORIENTED_EDGE('',*,*,#1018,.T.);
#1289=ORIENTED_EDGE('',*,*,#1019,.F.);
#1290=ORIENTED_EDGE('',*,*,#994,.T.);
#1291=ORIENTED_EDGE('',*,*,#1020,.F.);
#1292=ORIENTED_EDGE('',*,*,#1021,.T.);
#1293=ORIENTED_EDGE('',*,*,#1022,.F.);
#1294=ORIENTED_EDGE('',*,*,#997,.T.);
#1295=ORIENTED_EDGE('',*,*,#1023,.T.);
#1296=ORIENTED_EDGE('',*,*,#1024,.T.);
#1297=ORIENTED_EDGE('',*,*,#1020,.T.);
#1298=ORIENTED_EDGE('',*,*,#996,.T.);
#1299=ORIENTED_EDGE('',*,*,#1025,.F.);
#1300=ORIENTED_EDGE('',*,*,#1026,.F.);
#1301=ORIENTED_EDGE('',*,*,#1023,.F.);
#1302=ORIENTED_EDGE('',*,*,#1027,.T.);
#1303=ORIENTED_EDGE('',*,*,#982,.T.);
#1304=ORIENTED_EDGE('',*,*,#1007,.T.);
#1305=ORIENTED_EDGE('',*,*,#1011,.T.);
#1306=ORIENTED_EDGE('',*,*,#1028,.T.);
#1307=ORIENTED_EDGE('',*,*,#986,.T.);
#1308=ORIENTED_EDGE('',*,*,#1029,.T.);
#1309=ORIENTED_EDGE('',*,*,#1030,.T.);
#1310=ORIENTED_EDGE('',*,*,#1014,.T.);
#1311=ORIENTED_EDGE('',*,*,#1031,.T.);
#1312=ORIENTED_EDGE('',*,*,#1032,.T.);
#1313=ORIENTED_EDGE('',*,*,#1003,.T.);
#1314=ORIENTED_EDGE('',*,*,#1022,.T.);
#1315=ORIENTED_EDGE('',*,*,#1033,.T.);
#1316=ORIENTED_EDGE('',*,*,#1025,.T.);
#1317=ORIENTED_EDGE('',*,*,#995,.T.);
#1318=ORIENTED_EDGE('',*,*,#1001,.T.);
#1319=ORIENTED_EDGE('',*,*,#1019,.T.);
#1320=ORIENTED_EDGE('',*,*,#1034,.T.);
#1321=ORIENTED_EDGE('',*,*,#1035,.T.);
#1322=ORIENTED_EDGE('',*,*,#993,.T.);
#1323=ORIENTED_EDGE('',*,*,#1036,.T.);
#1324=ORIENTED_EDGE('',*,*,#1037,.T.);
#1325=ORIENTED_EDGE('',*,*,#1038,.T.);
#1326=ORIENTED_EDGE('',*,*,#1010,.F.);
#1327=ORIENTED_EDGE('',*,*,#1039,.F.);
#1328=ORIENTED_EDGE('',*,*,#987,.T.);
#1329=ORIENTED_EDGE('',*,*,#1028,.F.);
#1330=ORIENTED_EDGE('',*,*,#1040,.T.);
#1331=ORIENTED_EDGE('',*,*,#1031,.F.);
#1332=ORIENTED_EDGE('',*,*,#1013,.F.);
#1333=ORIENTED_EDGE('',*,*,#1016,.F.);
#1334=ORIENTED_EDGE('',*,*,#1026,.T.);
#1335=ORIENTED_EDGE('',*,*,#1033,.F.);
#1336=ORIENTED_EDGE('',*,*,#1021,.F.);
#1337=ORIENTED_EDGE('',*,*,#1024,.F.);
#1338=ORIENTED_EDGE('',*,*,#1041,.T.);
#1339=ORIENTED_EDGE('',*,*,#1037,.F.);
#1340=ORIENTED_EDGE('',*,*,#1042,.F.);
#1341=ORIENTED_EDGE('',*,*,#1043,.F.);
#1342=ORIENTED_EDGE('',*,*,#1018,.F.);
#1343=ORIENTED_EDGE('',*,*,#1044,.F.);
#1344=ORIENTED_EDGE('',*,*,#1045,.T.);
#1345=ORIENTED_EDGE('',*,*,#1034,.F.);
#1346=ORIENTED_EDGE('',*,*,#1046,.F.);
#1347=ORIENTED_EDGE('',*,*,#1047,.T.);
#1348=ORIENTED_EDGE('',*,*,#1029,.F.);
#1349=ORIENTED_EDGE('',*,*,#985,.F.);
#1350=ORIENTED_EDGE('',*,*,#991,.T.);
#1351=ORIENTED_EDGE('',*,*,#1048,.T.);
#1352=ORIENTED_EDGE('',*,*,#1043,.T.);
#1353=ORIENTED_EDGE('',*,*,#1049,.T.);
#1354=ORIENTED_EDGE('',*,*,#1008,.T.);
#1355=ORIENTED_EDGE('',*,*,#980,.F.);
#1356=ORIENTED_EDGE('',*,*,#1050,.T.);
#1357=ORIENTED_EDGE('',*,*,#978,.F.);
#1358=ORIENTED_EDGE('',*,*,#1051,.T.);
#1359=ORIENTED_EDGE('',*,*,#1052,.T.);
#1360=ORIENTED_EDGE('',*,*,#1046,.T.);
#1361=ORIENTED_EDGE('',*,*,#984,.F.);
#1362=ORIENTED_EDGE('',*,*,#1039,.T.);
#1363=ORIENTED_EDGE('',*,*,#1009,.T.);
#1364=ORIENTED_EDGE('',*,*,#988,.T.);
#1365=ORIENTED_EDGE('',*,*,#999,.T.);
#1366=ORIENTED_EDGE('',*,*,#1053,.T.);
#1367=ORIENTED_EDGE('',*,*,#1044,.T.);
#1368=ORIENTED_EDGE('',*,*,#1017,.T.);
#1369=ORIENTED_EDGE('',*,*,#998,.T.);
#1370=ORIENTED_EDGE('',*,*,#1035,.F.);
#1371=ORIENTED_EDGE('',*,*,#1045,.F.);
#1372=ORIENTED_EDGE('',*,*,#1053,.F.);
#1373=ORIENTED_EDGE('',*,*,#1004,.T.);
#1374=ORIENTED_EDGE('',*,*,#1032,.F.);
#1375=ORIENTED_EDGE('',*,*,#1040,.F.);
#1376=ORIENTED_EDGE('',*,*,#1015,.F.);
#1377=ORIENTED_EDGE('',*,*,#990,.T.);
#1378=ORIENTED_EDGE('',*,*,#1038,.F.);
#1379=ORIENTED_EDGE('',*,*,#1041,.F.);
#1380=ORIENTED_EDGE('',*,*,#1048,.F.);
#1381=ORIENTED_EDGE('',*,*,#992,.T.);
#1382=ORIENTED_EDGE('',*,*,#1049,.F.);
#1383=ORIENTED_EDGE('',*,*,#1042,.T.);
#1384=ORIENTED_EDGE('',*,*,#1036,.F.);
#1385=ORIENTED_EDGE('',*,*,#1054,.F.);
#1386=ORIENTED_EDGE('',*,*,#1055,.T.);
#1387=ORIENTED_EDGE('',*,*,#1056,.F.);
#1388=ORIENTED_EDGE('',*,*,#1057,.F.);
#1389=ORIENTED_EDGE('',*,*,#1058,.F.);
#1390=ORIENTED_EDGE('',*,*,#1057,.T.);
#1391=ORIENTED_EDGE('',*,*,#1059,.F.);
#1392=ORIENTED_EDGE('',*,*,#1060,.F.);
#1393=ORIENTED_EDGE('',*,*,#1061,.F.);
#1394=ORIENTED_EDGE('',*,*,#1060,.T.);
#1395=ORIENTED_EDGE('',*,*,#1062,.F.);
#1396=ORIENTED_EDGE('',*,*,#1063,.F.);
#1397=ORIENTED_EDGE('',*,*,#1064,.F.);
#1398=ORIENTED_EDGE('',*,*,#1063,.T.);
#1399=ORIENTED_EDGE('',*,*,#1065,.F.);
#1400=ORIENTED_EDGE('',*,*,#1055,.F.);
#1401=ORIENTED_EDGE('',*,*,#1066,.F.);
#1402=ORIENTED_EDGE('',*,*,#1067,.T.);
#1403=ORIENTED_EDGE('',*,*,#1068,.F.);
#1404=ORIENTED_EDGE('',*,*,#1069,.F.);
#1405=ORIENTED_EDGE('',*,*,#1070,.F.);
#1406=ORIENTED_EDGE('',*,*,#1069,.T.);
#1407=ORIENTED_EDGE('',*,*,#1071,.F.);
#1408=ORIENTED_EDGE('',*,*,#1072,.F.);
#1409=ORIENTED_EDGE('',*,*,#1073,.F.);
#1410=ORIENTED_EDGE('',*,*,#1072,.T.);
#1411=ORIENTED_EDGE('',*,*,#1074,.F.);
#1412=ORIENTED_EDGE('',*,*,#1075,.F.);
#1413=ORIENTED_EDGE('',*,*,#1076,.F.);
#1414=ORIENTED_EDGE('',*,*,#1075,.T.);
#1415=ORIENTED_EDGE('',*,*,#1077,.F.);
#1416=ORIENTED_EDGE('',*,*,#1067,.F.);
#1417=ORIENTED_EDGE('',*,*,#1077,.T.);
#1418=ORIENTED_EDGE('',*,*,#1074,.T.);
#1419=ORIENTED_EDGE('',*,*,#1071,.T.);
#1420=ORIENTED_EDGE('',*,*,#1068,.T.);
#1421=ORIENTED_EDGE('',*,*,#1065,.T.);
#1422=ORIENTED_EDGE('',*,*,#1062,.T.);
#1423=ORIENTED_EDGE('',*,*,#1059,.T.);
#1424=ORIENTED_EDGE('',*,*,#1056,.T.);
#1425=ORIENTED_EDGE('',*,*,#1078,.T.);
#1426=ORIENTED_EDGE('',*,*,#1079,.T.);
#1427=ORIENTED_EDGE('',*,*,#1080,.T.);
#1428=ORIENTED_EDGE('',*,*,#1081,.T.);
#1429=ORIENTED_EDGE('',*,*,#1066,.T.);
#1430=ORIENTED_EDGE('',*,*,#1070,.T.);
#1431=ORIENTED_EDGE('',*,*,#1073,.T.);
#1432=ORIENTED_EDGE('',*,*,#1076,.T.);
#1433=ORIENTED_EDGE('',*,*,#1079,.F.);
#1434=ORIENTED_EDGE('',*,*,#1082,.T.);
#1435=ORIENTED_EDGE('',*,*,#1083,.T.);
#1436=ORIENTED_EDGE('',*,*,#1084,.F.);
#1437=ORIENTED_EDGE('',*,*,#1085,.F.);
#1438=ORIENTED_EDGE('',*,*,#1086,.F.);
#1439=ORIENTED_EDGE('',*,*,#1078,.F.);
#1440=ORIENTED_EDGE('',*,*,#1087,.T.);
#1441=ORIENTED_EDGE('',*,*,#1088,.T.);
#1442=ORIENTED_EDGE('',*,*,#1089,.F.);
#1443=ORIENTED_EDGE('',*,*,#1083,.F.);
#1444=ORIENTED_EDGE('',*,*,#1082,.F.);
#1445=ORIENTED_EDGE('',*,*,#1081,.F.);
#1446=ORIENTED_EDGE('',*,*,#1090,.T.);
#1447=ORIENTED_EDGE('',*,*,#1091,.T.);
#1448=ORIENTED_EDGE('',*,*,#1092,.F.);
#1449=ORIENTED_EDGE('',*,*,#1088,.F.);
#1450=ORIENTED_EDGE('',*,*,#1087,.F.);
#1451=ORIENTED_EDGE('',*,*,#1080,.F.);
#1452=ORIENTED_EDGE('',*,*,#1086,.T.);
#1453=ORIENTED_EDGE('',*,*,#1085,.T.);
#1454=ORIENTED_EDGE('',*,*,#1093,.F.);
#1455=ORIENTED_EDGE('',*,*,#1091,.F.);
#1456=ORIENTED_EDGE('',*,*,#1090,.F.);
#1457=ORIENTED_EDGE('',*,*,#1094,.T.);
#1458=ORIENTED_EDGE('',*,*,#1095,.T.);
#1459=ORIENTED_EDGE('',*,*,#961,.F.);
#1460=ORIENTED_EDGE('',*,*,#1096,.F.);
#1461=ORIENTED_EDGE('',*,*,#1097,.T.);
#1462=ORIENTED_EDGE('',*,*,#1098,.T.);
#1463=ORIENTED_EDGE('',*,*,#1099,.T.);
#1464=ORIENTED_EDGE('',*,*,#1100,.T.);
#1465=ORIENTED_EDGE('',*,*,#1093,.T.);
#1466=ORIENTED_EDGE('',*,*,#1084,.T.);
#1467=ORIENTED_EDGE('',*,*,#1089,.T.);
#1468=ORIENTED_EDGE('',*,*,#1092,.T.);
#1469=ORIENTED_EDGE('',*,*,#1101,.F.);
#1470=ORIENTED_EDGE('',*,*,#1102,.T.);
#1471=ORIENTED_EDGE('',*,*,#1103,.F.);
#1472=ORIENTED_EDGE('',*,*,#1104,.F.);
#1473=ORIENTED_EDGE('',*,*,#1105,.F.);
#1474=ORIENTED_EDGE('',*,*,#1104,.T.);
#1475=ORIENTED_EDGE('',*,*,#1106,.F.);
#1476=ORIENTED_EDGE('',*,*,#1107,.F.);
#1477=ORIENTED_EDGE('',*,*,#1108,.F.);
#1478=ORIENTED_EDGE('',*,*,#1107,.T.);
#1479=ORIENTED_EDGE('',*,*,#1109,.F.);
#1480=ORIENTED_EDGE('',*,*,#1110,.F.);
#1481=ORIENTED_EDGE('',*,*,#1111,.F.);
#1482=ORIENTED_EDGE('',*,*,#1110,.T.);
#1483=ORIENTED_EDGE('',*,*,#1112,.F.);
#1484=ORIENTED_EDGE('',*,*,#1102,.F.);
#1485=ORIENTED_EDGE('',*,*,#1113,.F.);
#1486=ORIENTED_EDGE('',*,*,#1114,.T.);
#1487=ORIENTED_EDGE('',*,*,#1115,.F.);
#1488=ORIENTED_EDGE('',*,*,#1116,.F.);
#1489=ORIENTED_EDGE('',*,*,#1117,.F.);
#1490=ORIENTED_EDGE('',*,*,#1116,.T.);
#1491=ORIENTED_EDGE('',*,*,#1118,.F.);
#1492=ORIENTED_EDGE('',*,*,#1119,.F.);
#1493=ORIENTED_EDGE('',*,*,#1120,.F.);
#1494=ORIENTED_EDGE('',*,*,#1119,.T.);
#1495=ORIENTED_EDGE('',*,*,#1121,.F.);
#1496=ORIENTED_EDGE('',*,*,#1122,.F.);
#1497=ORIENTED_EDGE('',*,*,#1123,.F.);
#1498=ORIENTED_EDGE('',*,*,#1122,.T.);
#1499=ORIENTED_EDGE('',*,*,#1124,.F.);
#1500=ORIENTED_EDGE('',*,*,#1114,.F.);
#1501=ORIENTED_EDGE('',*,*,#1124,.T.);
#1502=ORIENTED_EDGE('',*,*,#1121,.T.);
#1503=ORIENTED_EDGE('',*,*,#1118,.T.);
#1504=ORIENTED_EDGE('',*,*,#1115,.T.);
#1505=ORIENTED_EDGE('',*,*,#1112,.T.);
#1506=ORIENTED_EDGE('',*,*,#1109,.T.);
#1507=ORIENTED_EDGE('',*,*,#1106,.T.);
#1508=ORIENTED_EDGE('',*,*,#1103,.T.);
#1509=ORIENTED_EDGE('',*,*,#1125,.T.);
#1510=ORIENTED_EDGE('',*,*,#1126,.T.);
#1511=ORIENTED_EDGE('',*,*,#1127,.T.);
#1512=ORIENTED_EDGE('',*,*,#1128,.T.);
#1513=ORIENTED_EDGE('',*,*,#1113,.T.);
#1514=ORIENTED_EDGE('',*,*,#1117,.T.);
#1515=ORIENTED_EDGE('',*,*,#1120,.T.);
#1516=ORIENTED_EDGE('',*,*,#1123,.T.);
#1517=ORIENTED_EDGE('',*,*,#1126,.F.);
#1518=ORIENTED_EDGE('',*,*,#1129,.T.);
#1519=ORIENTED_EDGE('',*,*,#1130,.T.);
#1520=ORIENTED_EDGE('',*,*,#1098,.F.);
#1521=ORIENTED_EDGE('',*,*,#1131,.F.);
#1522=ORIENTED_EDGE('',*,*,#1132,.F.);
#1523=ORIENTED_EDGE('',*,*,#1125,.F.);
#1524=ORIENTED_EDGE('',*,*,#1133,.T.);
#1525=ORIENTED_EDGE('',*,*,#1134,.T.);
#1526=ORIENTED_EDGE('',*,*,#1099,.F.);
#1527=ORIENTED_EDGE('',*,*,#1130,.F.);
#1528=ORIENTED_EDGE('',*,*,#1129,.F.);
#1529=ORIENTED_EDGE('',*,*,#1128,.F.);
#1530=ORIENTED_EDGE('',*,*,#1135,.T.);
#1531=ORIENTED_EDGE('',*,*,#1136,.T.);
#1532=ORIENTED_EDGE('',*,*,#1100,.F.);
#1533=ORIENTED_EDGE('',*,*,#1134,.F.);
#1534=ORIENTED_EDGE('',*,*,#1133,.F.);
#1535=ORIENTED_EDGE('',*,*,#1127,.F.);
#1536=ORIENTED_EDGE('',*,*,#1132,.T.);
#1537=ORIENTED_EDGE('',*,*,#1131,.T.);
#1538=ORIENTED_EDGE('',*,*,#1097,.F.);
#1539=ORIENTED_EDGE('',*,*,#1136,.F.);
#1540=ORIENTED_EDGE('',*,*,#1135,.F.);
#1541=ORIENTED_EDGE('',*,*,#1054,.T.);
#1542=ORIENTED_EDGE('',*,*,#1058,.T.);
#1543=ORIENTED_EDGE('',*,*,#1061,.T.);
#1544=ORIENTED_EDGE('',*,*,#1064,.T.);
#1545=ORIENTED_EDGE('',*,*,#1137,.T.);
#1546=ORIENTED_EDGE('',*,*,#1138,.T.);
#1547=ORIENTED_EDGE('',*,*,#1139,.T.);
#1548=ORIENTED_EDGE('',*,*,#1140,.T.);
#1549=ORIENTED_EDGE('',*,*,#1138,.F.);
#1550=ORIENTED_EDGE('',*,*,#1141,.T.);
#1551=ORIENTED_EDGE('',*,*,#1142,.F.);
#1552=ORIENTED_EDGE('',*,*,#1143,.T.);
#1553=ORIENTED_EDGE('',*,*,#1144,.T.);
#1554=ORIENTED_EDGE('',*,*,#1145,.T.);
#1555=ORIENTED_EDGE('',*,*,#1146,.T.);
#1556=ORIENTED_EDGE('',*,*,#1147,.T.);
#1557=ORIENTED_EDGE('',*,*,#1137,.F.);
#1558=ORIENTED_EDGE('',*,*,#1148,.F.);
#1559=ORIENTED_EDGE('',*,*,#1149,.F.);
#1560=ORIENTED_EDGE('',*,*,#975,.F.);
#1561=ORIENTED_EDGE('',*,*,#968,.F.);
#1562=ORIENTED_EDGE('',*,*,#963,.T.);
#1563=ORIENTED_EDGE('',*,*,#957,.T.);
#1564=ORIENTED_EDGE('',*,*,#962,.F.);
#1565=ORIENTED_EDGE('',*,*,#1095,.F.);
#1566=ORIENTED_EDGE('',*,*,#1150,.T.);
#1567=ORIENTED_EDGE('',*,*,#1151,.F.);
#1568=ORIENTED_EDGE('',*,*,#1141,.F.);
#1569=ORIENTED_EDGE('',*,*,#1152,.T.);
#1570=ORIENTED_EDGE('',*,*,#1153,.T.);
#1571=ORIENTED_EDGE('',*,*,#1154,.T.);
#1572=ORIENTED_EDGE('',*,*,#1155,.T.);
#1573=ORIENTED_EDGE('',*,*,#1156,.T.);
#1574=ORIENTED_EDGE('',*,*,#1153,.F.);
#1575=ORIENTED_EDGE('',*,*,#1157,.T.);
#1576=ORIENTED_EDGE('',*,*,#1158,.F.);
#1577=ORIENTED_EDGE('',*,*,#1159,.T.);
#1578=ORIENTED_EDGE('',*,*,#1155,.F.);
#1579=ORIENTED_EDGE('',*,*,#1160,.T.);
#1580=ORIENTED_EDGE('',*,*,#1161,.T.);
#1581=ORIENTED_EDGE('',*,*,#1162,.T.);
#1582=ORIENTED_EDGE('',*,*,#1161,.F.);
#1583=ORIENTED_EDGE('',*,*,#1163,.T.);
#1584=ORIENTED_EDGE('',*,*,#1158,.T.);
#1585=ORIENTED_EDGE('',*,*,#1160,.F.);
#1586=ORIENTED_EDGE('',*,*,#1164,.T.);
#1587=ORIENTED_EDGE('',*,*,#1146,.F.);
#1588=ORIENTED_EDGE('',*,*,#1165,.F.);
#1589=ORIENTED_EDGE('',*,*,#1154,.F.);
#1590=ORIENTED_EDGE('',*,*,#1166,.T.);
#1591=ORIENTED_EDGE('',*,*,#1147,.F.);
#1592=ORIENTED_EDGE('',*,*,#1164,.F.);
#1593=ORIENTED_EDGE('',*,*,#1152,.F.);
#1594=ORIENTED_EDGE('',*,*,#1159,.F.);
#1595=ORIENTED_EDGE('',*,*,#1162,.F.);
#1596=ORIENTED_EDGE('',*,*,#1157,.F.);
#1597=ORIENTED_EDGE('',*,*,#1167,.T.);
#1598=ORIENTED_EDGE('',*,*,#1142,.T.);
#1599=ORIENTED_EDGE('',*,*,#1151,.T.);
#1600=ORIENTED_EDGE('',*,*,#1168,.T.);
#1601=ORIENTED_EDGE('',*,*,#1163,.F.);
#1602=ORIENTED_EDGE('',*,*,#1165,.T.);
#1603=ORIENTED_EDGE('',*,*,#1145,.F.);
#1604=ORIENTED_EDGE('',*,*,#1169,.F.);
#1605=ORIENTED_EDGE('',*,*,#1156,.F.);
#1606=ORIENTED_EDGE('',*,*,#1169,.T.);
#1607=ORIENTED_EDGE('',*,*,#1144,.F.);
#1608=ORIENTED_EDGE('',*,*,#1166,.F.);
#1609=ORIENTED_EDGE('',*,*,#1168,.F.);
#1610=ORIENTED_EDGE('',*,*,#1150,.F.);
#1611=ORIENTED_EDGE('',*,*,#1094,.F.);
#1612=ORIENTED_EDGE('',*,*,#1170,.T.);
#1613=ORIENTED_EDGE('',*,*,#1101,.T.);
#1614=ORIENTED_EDGE('',*,*,#1105,.T.);
#1615=ORIENTED_EDGE('',*,*,#1108,.T.);
#1616=ORIENTED_EDGE('',*,*,#1111,.T.);
#1617=ORIENTED_EDGE('',*,*,#1171,.T.);
#1618=ORIENTED_EDGE('',*,*,#976,.F.);
#1619=ORIENTED_EDGE('',*,*,#1149,.T.);
#1620=ORIENTED_EDGE('',*,*,#1172,.T.);
#1621=ORIENTED_EDGE('',*,*,#1051,.F.);
#1622=ORIENTED_EDGE('',*,*,#977,.F.);
#1623=ORIENTED_EDGE('',*,*,#1171,.F.);
#1624=ORIENTED_EDGE('',*,*,#1173,.F.);
#1625=ORIENTED_EDGE('',*,*,#1174,.T.);
#1626=ORIENTED_EDGE('',*,*,#1175,.T.);
#1627=ORIENTED_EDGE('',*,*,#959,.F.);
#1628=ORIENTED_EDGE('',*,*,#1176,.F.);
#1629=ORIENTED_EDGE('',*,*,#1177,.F.);
#1630=ORIENTED_EDGE('',*,*,#1176,.T.);
#1631=ORIENTED_EDGE('',*,*,#958,.F.);
#1632=ORIENTED_EDGE('',*,*,#949,.F.);
#1633=ORIENTED_EDGE('',*,*,#967,.T.);
#1634=ORIENTED_EDGE('',*,*,#974,.T.);
#1635=ORIENTED_EDGE('',*,*,#979,.F.);
#1636=ORIENTED_EDGE('',*,*,#1050,.F.);
#1637=ORIENTED_EDGE('',*,*,#983,.T.);
#1638=ORIENTED_EDGE('',*,*,#1027,.F.);
#1639=ORIENTED_EDGE('',*,*,#1139,.F.);
#1640=ORIENTED_EDGE('',*,*,#1143,.F.);
#1641=ORIENTED_EDGE('',*,*,#1167,.F.);
#1642=ORIENTED_EDGE('',*,*,#1170,.F.);
#1643=ORIENTED_EDGE('',*,*,#1096,.T.);
#1644=ORIENTED_EDGE('',*,*,#960,.F.);
#1645=ORIENTED_EDGE('',*,*,#1175,.F.);
#1646=ORIENTED_EDGE('',*,*,#1178,.T.);
#1647=ORIENTED_EDGE('',*,*,#1030,.F.);
#1648=ORIENTED_EDGE('',*,*,#1047,.F.);
#1649=ORIENTED_EDGE('',*,*,#1052,.F.);
#1650=ORIENTED_EDGE('',*,*,#1173,.T.);
#1651=ORIENTED_EDGE('',*,*,#1172,.F.);
#1652=ORIENTED_EDGE('',*,*,#1148,.T.);
#1653=ORIENTED_EDGE('',*,*,#1140,.F.);
#1654=ORIENTED_EDGE('',*,*,#1178,.F.);
#1655=ORIENTED_EDGE('',*,*,#1174,.F.);
#1656=ORIENTED_EDGE('',*,*,#1177,.T.);
#1657=ORIENTED_EDGE('',*,*,#1179,.T.);
#1658=ORIENTED_EDGE('',*,*,#1179,.F.);
#1659=ORIENTED_EDGE('',*,*,#1180,.T.);
#1660=ORIENTED_EDGE('',*,*,#1180,.F.);
#1661=ORIENTED_EDGE('',*,*,#1181,.T.);
#1662=ORIENTED_EDGE('',*,*,#1181,.F.);
#1663=ORIENTED_EDGE('',*,*,#1182,.T.);
#1664=ORIENTED_EDGE('',*,*,#1182,.F.);
#1665=CYLINDRICAL_SURFACE('',#1798,0.0830629452294929);
#1666=CYLINDRICAL_SURFACE('',#1801,0.141421353076296);
#1667=CYLINDRICAL_SURFACE('',#1856,4.);
#1668=CYLINDRICAL_SURFACE('',#1859,4.);
#1669=CYLINDRICAL_SURFACE('',#1862,4.);
#1670=CYLINDRICAL_SURFACE('',#1863,4.);
#1671=CYLINDRICAL_SURFACE('',#1875,4.);
#1672=CYLINDRICAL_SURFACE('',#1880,4.);
#1673=CYLINDRICAL_SURFACE('',#1883,4.);
#1674=CYLINDRICAL_SURFACE('',#1886,4.);
#1675=CYLINDRICAL_SURFACE('',#1888,0.7);
#1676=CYLINDRICAL_SURFACE('',#1894,0.2);
#1677=CYLINDRICAL_SURFACE('',#1897,0.2);
#1678=CYLINDRICAL_SURFACE('',#1899,0.2);
#1679=CYLINDRICAL_SURFACE('',#1901,0.2);
#1680=CYLINDRICAL_SURFACE('',#1905,0.5);
#1681=ADVANCED_FACE('',(#138),#1665,.T.);
#1682=ADVANCED_FACE('',(#139),#1666,.F.);
#1683=ADVANCED_FACE('',(#140,#48),#62,.F.);
#1684=ADVANCED_FACE('',(#141,#49),#63,.T.);
#1685=ADVANCED_FACE('',(#142),#64,.T.);
#1686=ADVANCED_FACE('',(#143),#65,.T.);
#1687=ADVANCED_FACE('',(#144),#66,.T.);
#1688=ADVANCED_FACE('',(#145),#67,.T.);
#1689=ADVANCED_FACE('',(#146),#68,.T.);
#1690=ADVANCED_FACE('',(#147),#69,.T.);
#1691=ADVANCED_FACE('',(#148),#70,.T.);
#1692=ADVANCED_FACE('',(#149),#71,.T.);
#1693=ADVANCED_FACE('',(#150),#72,.T.);
#1694=ADVANCED_FACE('',(#151),#73,.T.);
#1695=ADVANCED_FACE('',(#152),#74,.T.);
#1696=ADVANCED_FACE('',(#153),#42,.T.);
#1697=ADVANCED_FACE('',(#154),#75,.T.);
#1698=ADVANCED_FACE('',(#155),#76,.T.);
#1699=ADVANCED_FACE('',(#156),#77,.T.);
#1700=ADVANCED_FACE('',(#157),#78,.T.);
#1701=ADVANCED_FACE('',(#158),#79,.T.);
#1702=ADVANCED_FACE('',(#159),#80,.T.);
#1703=ADVANCED_FACE('',(#160),#81,.T.);
#1704=ADVANCED_FACE('',(#161),#82,.T.);
#1705=ADVANCED_FACE('',(#162),#83,.T.);
#1706=ADVANCED_FACE('',(#163),#84,.T.);
#1707=ADVANCED_FACE('',(#164),#85,.T.);
#1708=ADVANCED_FACE('',(#165),#86,.T.);
#1709=ADVANCED_FACE('',(#166,#50,#51,#52,#53),#87,.T.);
#1710=ADVANCED_FACE('',(#167),#88,.T.);
#1711=ADVANCED_FACE('',(#168),#89,.T.);
#1712=ADVANCED_FACE('',(#169),#90,.T.);
#1713=ADVANCED_FACE('',(#170),#91,.T.);
#1714=ADVANCED_FACE('',(#171),#92,.T.);
#1715=ADVANCED_FACE('',(#172),#93,.T.);
#1716=ADVANCED_FACE('',(#173),#94,.T.);
#1717=ADVANCED_FACE('',(#174,#54),#95,.T.);
#1718=ADVANCED_FACE('',(#175),#96,.T.);
#1719=ADVANCED_FACE('',(#176),#97,.T.);
#1720=ADVANCED_FACE('',(#177),#98,.T.);
#1721=ADVANCED_FACE('',(#178),#99,.T.);
#1722=ADVANCED_FACE('',(#179),#100,.T.);
#1723=ADVANCED_FACE('',(#180),#101,.T.);
#1724=ADVANCED_FACE('',(#181),#102,.T.);
#1725=ADVANCED_FACE('',(#182),#103,.T.);
#1726=ADVANCED_FACE('',(#183),#104,.T.);
#1727=ADVANCED_FACE('',(#184),#105,.T.);
#1728=ADVANCED_FACE('',(#185),#106,.T.);
#1729=ADVANCED_FACE('',(#186),#107,.T.);
#1730=ADVANCED_FACE('',(#187),#108,.T.);
#1731=ADVANCED_FACE('',(#188,#55),#109,.T.);
#1732=ADVANCED_FACE('',(#189,#56),#110,.T.);
#1733=ADVANCED_FACE('',(#190),#1667,.T.);
#1734=ADVANCED_FACE('',(#191),#1668,.T.);
#1735=ADVANCED_FACE('',(#192),#1669,.T.);
#1736=ADVANCED_FACE('',(#193),#1670,.T.);
#1737=ADVANCED_FACE('',(#194,#57,#58),#111,.T.);
#1738=ADVANCED_FACE('',(#195),#112,.T.);
#1739=ADVANCED_FACE('',(#196),#113,.T.);
#1740=ADVANCED_FACE('',(#197),#114,.T.);
#1741=ADVANCED_FACE('',(#198),#115,.T.);
#1742=ADVANCED_FACE('',(#199),#116,.T.);
#1743=ADVANCED_FACE('',(#200),#117,.T.);
#1744=ADVANCED_FACE('',(#201),#118,.T.);
#1745=ADVANCED_FACE('',(#202),#119,.T.);
#1746=ADVANCED_FACE('',(#203,#59),#120,.T.);
#1747=ADVANCED_FACE('',(#204,#60),#121,.T.);
#1748=ADVANCED_FACE('',(#205),#1671,.T.);
#1749=ADVANCED_FACE('',(#206),#1672,.T.);
#1750=ADVANCED_FACE('',(#207),#1673,.T.);
#1751=ADVANCED_FACE('',(#208),#1674,.T.);
#1752=ADVANCED_FACE('',(#209),#122,.T.);
#1753=ADVANCED_FACE('',(#210),#1675,.T.);
#1754=ADVANCED_FACE('',(#211,#61),#123,.T.);
#1755=ADVANCED_FACE('',(#212),#124,.T.);
#1756=ADVANCED_FACE('',(#213),#1676,.F.);
#1757=ADVANCED_FACE('',(#214),#1677,.F.);
#1758=ADVANCED_FACE('',(#215),#1678,.F.);
#1759=ADVANCED_FACE('',(#216),#1679,.F.);
#1760=ADVANCED_FACE('',(#217),#125,.T.);
#1761=ADVANCED_FACE('',(#218),#126,.T.);
#1762=ADVANCED_FACE('',(#219),#127,.T.);
#1763=ADVANCED_FACE('',(#220),#1680,.T.);
#1764=ADVANCED_FACE('',(#221),#128,.T.);
#1765=ADVANCED_FACE('',(#222),#129,.T.);
#1766=ADVANCED_FACE('',(#223),#130,.T.);
#1767=ADVANCED_FACE('',(#224),#131,.T.);
#1768=ADVANCED_FACE('',(#225),#132,.F.);
#1769=ADVANCED_FACE('',(#226),#133,.T.);
#1770=ADVANCED_FACE('',(#227),#134,.T.);
#1771=ADVANCED_FACE('',(#228),#135,.T.);
#1772=ADVANCED_FACE('',(#229),#136,.T.);
#1773=ADVANCED_FACE('',(#230),#137,.F.);
#1774=ADVANCED_FACE('',(#231),#43,.T.);
#1775=ADVANCED_FACE('',(#232),#44,.T.);
#1776=ADVANCED_FACE('',(#233),#45,.T.);
#1777=ADVANCED_FACE('',(#234),#46,.T.);
#1778=CLOSED_SHELL('',(#1681,#1682,#1683,#1684));
#1779=CLOSED_SHELL('',(#1685,#1686,#1687,#1688,#1689,#1690,#1691,#1692,
#1693,#1694,#1695,#1696,#1697,#1698,#1699,#1700,#1701,#1702,#1703,#1704,
#1705,#1706,#1707,#1708,#1709,#1710,#1711,#1712,#1713,#1714,#1715,#1716,
#1717,#1718,#1719,#1720,#1721,#1722,#1723,#1724,#1725,#1726,#1727,#1728,
#1729,#1730,#1731,#1732,#1733,#1734,#1735,#1736,#1737,#1738,#1739,#1740,
#1741,#1742,#1743,#1744,#1745,#1746,#1747,#1748,#1749,#1750,#1751,#1752,
#1753,#1754,#1755,#1756,#1757,#1758,#1759,#1760,#1761,#1762,#1763,#1764,
#1765,#1766,#1767,#1768,#1769,#1770,#1771,#1772,#1773));
#1780=CLOSED_SHELL('',(#1774));
#1781=CLOSED_SHELL('',(#1775));
#1782=CLOSED_SHELL('',(#1776));
#1783=CLOSED_SHELL('',(#1777));
#1784=BREP_WITH_VOIDS('Body1',#1779,(#47));
#1785=DERIVED_UNIT_ELEMENT(#1787,1.);
#1786=DERIVED_UNIT_ELEMENT(#2920,-3.);
#1787=(
MASS_UNIT()
NAMED_UNIT(*)
SI_UNIT(.KILO.,.GRAM.)
);
#1788=DERIVED_UNIT((#1785,#1786));
#1789=MEASURE_REPRESENTATION_ITEM('density measure',
POSITIVE_RATIO_MEASURE(7850.),#1788);
#1790=PROPERTY_DEFINITION_REPRESENTATION(#1795,#1792);
#1791=PROPERTY_DEFINITION_REPRESENTATION(#1796,#1793);
#1792=REPRESENTATION('material name',(#1794),#2917);
#1793=REPRESENTATION('density',(#1789),#2917);
#1794=DESCRIPTIVE_REPRESENTATION_ITEM('Steel','Steel');
#1795=PROPERTY_DEFINITION('material property','material name',#2927);
#1796=PROPERTY_DEFINITION('material property','density of part',#2927);
#1797=AXIS2_PLACEMENT_3D('',#2388,#1925,#1926);
#1798=AXIS2_PLACEMENT_3D('',#2389,#1927,#1928);
#1799=AXIS2_PLACEMENT_3D('',#2391,#1929,#1930);
#1800=AXIS2_PLACEMENT_3D('',#2394,#1932,#1933);
#1801=AXIS2_PLACEMENT_3D('',#2395,#1934,#1935);
#1802=AXIS2_PLACEMENT_3D('',#2397,#1936,#1937);
#1803=AXIS2_PLACEMENT_3D('',#2400,#1939,#1940);
#1804=AXIS2_PLACEMENT_3D('',#2401,#1941,#1942);
#1805=AXIS2_PLACEMENT_3D('',#2402,#1943,#1944);
#1806=AXIS2_PLACEMENT_3D('',#2403,#1945,#1946);
#1807=AXIS2_PLACEMENT_3D('',#2412,#1951,#1952);
#1808=AXIS2_PLACEMENT_3D('',#2418,#1956,#1957);
#1809=AXIS2_PLACEMENT_3D('',#2424,#1961,#1962);
#1810=AXIS2_PLACEMENT_3D('',#2434,#1968,#1969);
#1811=AXIS2_PLACEMENT_3D('',#2444,#1975,#1976);
#1812=AXIS2_PLACEMENT_3D('',#2450,#1980,#1981);
#1813=AXIS2_PLACEMENT_3D('',#2454,#1984,#1985);
#1814=AXIS2_PLACEMENT_3D('',#2458,#1988,#1989);
#1815=AXIS2_PLACEMENT_3D('',#2468,#1995,#1996);
#1816=AXIS2_PLACEMENT_3D('',#2477,#2001,#2002);
#1817=AXIS2_PLACEMENT_3D('',#2486,#2007,#2008);
#1818=AXIS2_PLACEMENT_3D('',#2488,#2009,#2010);
#1819=AXIS2_PLACEMENT_3D('',#2490,#2011,#2012);
#1820=AXIS2_PLACEMENT_3D('',#2491,#2013,#2014);
#1821=AXIS2_PLACEMENT_3D('',#2500,#2019,#2020);
#1822=AXIS2_PLACEMENT_3D('',#2509,#2025,#2026);
#1823=AXIS2_PLACEMENT_3D('',#2518,#2031,#2032);
#1824=AXIS2_PLACEMENT_3D('',#2527,#2037,#2038);
#1825=AXIS2_PLACEMENT_3D('',#2533,#2042,#2043);
#1826=AXIS2_PLACEMENT_3D('',#2539,#2047,#2048);
#1827=AXIS2_PLACEMENT_3D('',#2545,#2052,#2053);
#1828=AXIS2_PLACEMENT_3D('',#2549,#2056,#2057);
#1829=AXIS2_PLACEMENT_3D('',#2555,#2061,#2062);
#1830=AXIS2_PLACEMENT_3D('',#2561,#2066,#2067);
#1831=AXIS2_PLACEMENT_3D('',#2565,#2070,#2071);
#1832=AXIS2_PLACEMENT_3D('',#2569,#2074,#2075);
#1833=AXIS2_PLACEMENT_3D('',#2588,#2088,#2089);
#1834=AXIS2_PLACEMENT_3D('',#2590,#2091,#2092);
#1835=AXIS2_PLACEMENT_3D('',#2592,#2094,#2095);
#1836=AXIS2_PLACEMENT_3D('',#2593,#2096,#2097);
#1837=AXIS2_PLACEMENT_3D('',#2599,#2101,#2102);
#1838=AXIS2_PLACEMENT_3D('',#2603,#2105,#2106);
#1839=AXIS2_PLACEMENT_3D('',#2607,#2109,#2110);
#1840=AXIS2_PLACEMENT_3D('',#2610,#2113,#2114);
#1841=AXIS2_PLACEMENT_3D('',#2615,#2118,#2119);
#1842=AXIS2_PLACEMENT_3D('',#2617,#2121,#2122);
#1843=AXIS2_PLACEMENT_3D('',#2618,#2123,#2124);
#1844=AXIS2_PLACEMENT_3D('',#2619,#2125,#2126);
#1845=AXIS2_PLACEMENT_3D('',#2620,#2127,#2128);
#1846=AXIS2_PLACEMENT_3D('',#2621,#2129,#2130);
#1847=AXIS2_PLACEMENT_3D('',#2630,#2135,#2136);
#1848=AXIS2_PLACEMENT_3D('',#2636,#2140,#2141);
#1849=AXIS2_PLACEMENT_3D('',#2642,#2145,#2146);
#1850=AXIS2_PLACEMENT_3D('',#2645,#2149,#2150);
#1851=AXIS2_PLACEMENT_3D('',#2654,#2155,#2156);
#1852=AXIS2_PLACEMENT_3D('',#2660,#2160,#2161);
#1853=AXIS2_PLACEMENT_3D('',#2666,#2165,#2166);
#1854=AXIS2_PLACEMENT_3D('',#2669,#2169,#2170);
#1855=AXIS2_PLACEMENT_3D('',#2670,#2171,#2172);
#1856=AXIS2_PLACEMENT_3D('',#2679,#2177,#2178);
#1857=AXIS2_PLACEMENT_3D('',#2681,#2179,#2180);
#1858=AXIS2_PLACEMENT_3D('',#2683,#2181,#2182);
#1859=AXIS2_PLACEMENT_3D('',#2699,#2184,#2185);
#1860=AXIS2_PLACEMENT_3D('',#2701,#2186,#2187);
#1861=AXIS2_PLACEMENT_3D('',#2703,#2188,#2189);
#1862=AXIS2_PLACEMENT_3D('',#2705,#2191,#2192);
#1863=AXIS2_PLACEMENT_3D('',#2721,#2194,#2195);
#1864=AXIS2_PLACEMENT_3D('',#2723,#2197,#2198);
#1865=AXIS2_PLACEMENT_3D('',#2737,#2206,#2207);
#1866=AXIS2_PLACEMENT_3D('',#2746,#2212,#2213);
#1867=AXIS2_PLACEMENT_3D('',#2752,#2217,#2218);
#1868=AXIS2_PLACEMENT_3D('',#2758,#2222,#2223);
#1869=AXIS2_PLACEMENT_3D('',#2761,#2226,#2227);
#1870=AXIS2_PLACEMENT_3D('',#2770,#2232,#2233);
#1871=AXIS2_PLACEMENT_3D('',#2776,#2237,#2238);
#1872=AXIS2_PLACEMENT_3D('',#2782,#2242,#2243);
#1873=AXIS2_PLACEMENT_3D('',#2785,#2246,#2247);
#1874=AXIS2_PLACEMENT_3D('',#2786,#2248,#2249);
#1875=AXIS2_PLACEMENT_3D('',#2795,#2254,#2255);
#1876=AXIS2_PLACEMENT_3D('',#2797,#2256,#2257);
#1877=AXIS2_PLACEMENT_3D('',#2798,#2258,#2259);
#1878=AXIS2_PLACEMENT_3D('',#2800,#2260,#2261);
#1879=AXIS2_PLACEMENT_3D('',#2801,#2262,#2263);
#1880=AXIS2_PLACEMENT_3D('',#2802,#2264,#2265);
#1881=AXIS2_PLACEMENT_3D('',#2804,#2266,#2267);
#1882=AXIS2_PLACEMENT_3D('',#2805,#2268,#2269);
#1883=AXIS2_PLACEMENT_3D('',#2806,#2270,#2271);
#1884=AXIS2_PLACEMENT_3D('',#2808,#2272,#2273);
#1885=AXIS2_PLACEMENT_3D('',#2809,#2274,#2275);
#1886=AXIS2_PLACEMENT_3D('',#2810,#2276,#2277);
#1887=AXIS2_PLACEMENT_3D('',#2811,#2278,#2279);
#1888=AXIS2_PLACEMENT_3D('',#2812,#2280,#2281);
#1889=AXIS2_PLACEMENT_3D('',#2815,#2282,#2283);
#1890=AXIS2_PLACEMENT_3D('',#2819,#2285,#2286);
#1891=AXIS2_PLACEMENT_3D('',#2821,#2288,#2289);
#1892=AXIS2_PLACEMENT_3D('',#2835,#2297,#2298);
#1893=AXIS2_PLACEMENT_3D('',#2841,#2302,#2303);
#1894=AXIS2_PLACEMENT_3D('',#2842,#2304,#2305);
#1895=AXIS2_PLACEMENT_3D('',#2847,#2307,#2308);
#1896=AXIS2_PLACEMENT_3D('',#2850,#2310,#2311);
#1897=AXIS2_PLACEMENT_3D('',#2851,#2312,#2313);
#1898=AXIS2_PLACEMENT_3D('',#2856,#2316,#2317);
#1899=AXIS2_PLACEMENT_3D('',#2857,#2318,#2319);
#1900=AXIS2_PLACEMENT_3D('',#2862,#2322,#2323);
#1901=AXIS2_PLACEMENT_3D('',#2863,#2324,#2325);
#1902=AXIS2_PLACEMENT_3D('',#2866,#2328,#2329);
#1903=AXIS2_PLACEMENT_3D('',#2869,#2332,#2333);
#1904=AXIS2_PLACEMENT_3D('',#2871,#2335,#2336);
#1905=AXIS2_PLACEMENT_3D('',#2872,#2337,#2338);
#1906=AXIS2_PLACEMENT_3D('',#2874,#2339,#2340);
#1907=AXIS2_PLACEMENT_3D('',#2876,#2342,#2343);
#1908=AXIS2_PLACEMENT_3D('',#2878,#2345,#2346);
#1909=AXIS2_PLACEMENT_3D('',#2879,#2347,#2348);
#1910=AXIS2_PLACEMENT_3D('',#2881,#2350,#2351);
#1911=AXIS2_PLACEMENT_3D('',#2882,#2352,#2353);
#1912=AXIS2_PLACEMENT_3D('',#2886,#2356,#2357);
#1913=AXIS2_PLACEMENT_3D('',#2888,#2359,#2360);
#1914=AXIS2_PLACEMENT_3D('',#2894,#2364,#2365);
#1915=AXIS2_PLACEMENT_3D('',#2896,#2367,#2368);
#1916=AXIS2_PLACEMENT_3D('',#2898,#2370,#2371);
#1917=AXIS2_PLACEMENT_3D('',#2899,#2372,#2373);
#1918=AXIS2_PLACEMENT_3D('',#2902,#2374,#2375);
#1919=AXIS2_PLACEMENT_3D('',#2903,#2376,#2377);
#1920=AXIS2_PLACEMENT_3D('',#2906,#2378,#2379);
#1921=AXIS2_PLACEMENT_3D('',#2907,#2380,#2381);
#1922=AXIS2_PLACEMENT_3D('',#2910,#2382,#2383);
#1923=AXIS2_PLACEMENT_3D('',#2911,#2384,#2385);
#1924=AXIS2_PLACEMENT_3D('',#2914,#2386,#2387);
#1925=DIRECTION('axis',(0.,0.,1.));
#1926=DIRECTION('refdir',(1.,0.,0.));
#1927=DIRECTION('center_axis',(0.,1.,0.));
#1928=DIRECTION('ref_axis',(1.,0.,0.));
#1929=DIRECTION('center_axis',(0.,1.,0.));
#1930=DIRECTION('ref_axis',(1.,0.,0.));
#1931=DIRECTION('',(0.,-1.,0.));
#1932=DIRECTION('center_axis',(0.,-1.,0.));
#1933=DIRECTION('ref_axis',(1.,0.,0.));
#1934=DIRECTION('center_axis',(0.,1.,0.));
#1935=DIRECTION('ref_axis',(1.,0.,0.));
#1936=DIRECTION('center_axis',(0.,-1.,0.));
#1937=DIRECTION('ref_axis',(1.,0.,0.));
#1938=DIRECTION('',(0.,1.,0.));
#1939=DIRECTION('center_axis',(0.,1.,0.));
#1940=DIRECTION('ref_axis',(1.,0.,0.));
#1941=DIRECTION('center_axis',(0.,-1.,0.));
#1942=DIRECTION('ref_axis',(1.,0.,0.));
#1943=DIRECTION('center_axis',(0.,-1.,0.));
#1944=DIRECTION('ref_axis',(1.,0.,0.));
#1945=DIRECTION('center_axis',(0.,-1.,0.));
#1946=DIRECTION('ref_axis',(1.,0.,0.));
#1947=DIRECTION('',(-1.,0.,0.));
#1948=DIRECTION('',(0.,0.,1.));
#1949=DIRECTION('',(1.,0.,0.));
#1950=DIRECTION('',(0.,0.,1.));
#1951=DIRECTION('center_axis',(1.,0.,0.));
#1952=DIRECTION('ref_axis',(0.,1.,0.));
#1953=DIRECTION('',(0.,-1.,0.));
#1954=DIRECTION('',(0.,1.,0.));
#1955=DIRECTION('',(0.,0.,1.));
#1956=DIRECTION('center_axis',(0.,1.,0.));
#1957=DIRECTION('ref_axis',(-1.,0.,0.));
#1958=DIRECTION('',(1.,0.,0.));
#1959=DIRECTION('',(-1.,0.,0.));
#1960=DIRECTION('',(0.,0.,1.));
#1961=DIRECTION('center_axis',(0.,0.,1.));
#1962=DIRECTION('ref_axis',(1.,0.,0.));
#1963=DIRECTION('',(0.,1.,0.));
#1964=DIRECTION('',(-1.,0.,0.));
#1965=DIRECTION('',(0.,-1.,0.));
#1966=DIRECTION('',(1.,0.,0.));
#1967=DIRECTION('',(0.,1.,0.));
#1968=DIRECTION('center_axis',(0.,0.,1.));
#1969=DIRECTION('ref_axis',(1.,0.,0.));
#1970=DIRECTION('',(0.,-1.,0.));
#1971=DIRECTION('',(-1.,0.,0.));
#1972=DIRECTION('',(0.,1.,0.));
#1973=DIRECTION('',(1.,0.,0.));
#1974=DIRECTION('',(0.,-1.,0.));
#1975=DIRECTION('center_axis',(0.,-1.,0.));
#1976=DIRECTION('ref_axis',(1.,0.,0.));
#1977=DIRECTION('',(0.,0.,1.));
#1978=DIRECTION('',(1.,0.,0.));
#1979=DIRECTION('',(0.,0.,1.));
#1980=DIRECTION('center_axis',(-1.,0.,0.));
#1981=DIRECTION('ref_axis',(0.,-1.,0.));
#1982=DIRECTION('',(0.,-1.,0.));
#1983=DIRECTION('',(0.,0.,1.));
#1984=DIRECTION('center_axis',(0.,1.,0.));
#1985=DIRECTION('ref_axis',(-1.,0.,0.));
#1986=DIRECTION('',(-1.,0.,0.));
#1987=DIRECTION('',(0.,0.,1.));
#1988=DIRECTION('center_axis',(0.,0.,1.));
#1989=DIRECTION('ref_axis',(1.,0.,0.));
#1990=DIRECTION('',(0.,1.,0.));
#1991=DIRECTION('',(-1.,0.,0.));
#1992=DIRECTION('',(0.,1.,0.));
#1993=DIRECTION('',(1.,0.,0.));
#1994=DIRECTION('',(0.,1.,0.));
#1995=DIRECTION('center_axis',(0.,0.,1.));
#1996=DIRECTION('ref_axis',(1.,0.,0.));
#1997=DIRECTION('',(-1.,0.,0.));
#1998=DIRECTION('',(0.,-1.,0.));
#1999=DIRECTION('',(-1.,0.,0.));
#2000=DIRECTION('',(0.,-1.,0.));
#2001=DIRECTION('center_axis',(0.,0.,1.));
#2002=DIRECTION('ref_axis',(1.,0.,0.));
#2003=DIRECTION('',(-1.,0.,0.));
#2004=DIRECTION('',(0.,-1.,0.));
#2005=DIRECTION('',(-1.,0.,0.));
#2006=DIRECTION('',(0.,-1.,0.));
#2007=DIRECTION('center_axis',(0.,1.,0.));
#2008=DIRECTION('ref_axis',(0.,0.,-1.));
#2009=DIRECTION('center_axis',(0.,1.,0.));
#2010=DIRECTION('ref_axis',(0.,0.,1.));
#2011=DIRECTION('center_axis',(1.,0.,0.));
#2012=DIRECTION('ref_axis',(0.,0.,1.));
#2013=DIRECTION('center_axis',(-1.,0.,0.));
#2014=DIRECTION('ref_axis',(0.,0.,-1.));
#2015=DIRECTION('',(0.,-1.,0.));
#2016=DIRECTION('',(0.,0.,1.));
#2017=DIRECTION('',(0.,1.,0.));
#2018=DIRECTION('',(0.,0.,-1.));
#2019=DIRECTION('center_axis',(-1.,0.,0.));
#2020=DIRECTION('ref_axis',(0.,0.,-1.));
#2021=DIRECTION('',(0.,1.,0.));
#2022=DIRECTION('',(0.,0.,-1.));
#2023=DIRECTION('',(0.,-1.,0.));
#2024=DIRECTION('',(0.,0.,1.));
#2025=DIRECTION('center_axis',(-1.,0.,0.));
#2026=DIRECTION('ref_axis',(0.,0.,-1.));
#2027=DIRECTION('',(0.,-1.,0.));
#2028=DIRECTION('',(0.,0.,1.));
#2029=DIRECTION('',(0.,1.,0.));
#2030=DIRECTION('',(0.,0.,-1.));
#2031=DIRECTION('center_axis',(-1.,0.,0.));
#2032=DIRECTION('ref_axis',(0.,0.,-1.));
#2033=DIRECTION('',(0.,1.,0.));
#2034=DIRECTION('',(0.,0.,-1.));
#2035=DIRECTION('',(0.,-1.,0.));
#2036=DIRECTION('',(0.,0.,1.));
#2037=DIRECTION('center_axis',(-1.,0.,0.));
#2038=DIRECTION('ref_axis',(0.,0.,-1.));
#2039=DIRECTION('',(0.,1.,0.));
#2040=DIRECTION('',(0.,0.,-1.));
#2041=DIRECTION('',(0.,0.,1.));
#2042=DIRECTION('center_axis',(0.,0.,1.));
#2043=DIRECTION('ref_axis',(-1.,0.,0.));
#2044=DIRECTION('',(1.,0.,0.));
#2045=DIRECTION('',(0.,-1.,0.));
#2046=DIRECTION('',(-1.,0.,0.));
#2047=DIRECTION('center_axis',(0.,0.,1.));
#2048=DIRECTION('ref_axis',(-1.,0.,0.));
#2049=DIRECTION('',(1.,0.,0.));
#2050=DIRECTION('',(0.,-1.,0.));
#2051=DIRECTION('',(-1.,0.,0.));
#2052=DIRECTION('center_axis',(0.,-1.,0.));
#2053=DIRECTION('ref_axis',(1.,0.,0.));
#2054=DIRECTION('',(-1.,0.,0.));
#2055=DIRECTION('',(0.,0.,-1.));
#2056=DIRECTION('center_axis',(0.,0.,1.));
#2057=DIRECTION('ref_axis',(-1.,0.,0.));
#2058=DIRECTION('',(1.,0.,0.));
#2059=DIRECTION('',(0.,-1.,0.));
#2060=DIRECTION('',(-1.,0.,0.));
#2061=DIRECTION('center_axis',(0.,0.,1.));
#2062=DIRECTION('ref_axis',(-1.,0.,0.));
#2063=DIRECTION('',(1.,0.,0.));
#2064=DIRECTION('',(0.,-1.,0.));
#2065=DIRECTION('',(-1.,0.,0.));
#2066=DIRECTION('center_axis',(0.,-1.,0.));
#2067=DIRECTION('ref_axis',(1.,0.,0.));
#2068=DIRECTION('',(-1.,0.,0.));
#2069=DIRECTION('',(0.,0.,-1.));
#2070=DIRECTION('center_axis',(0.,0.,-1.));
#2071=DIRECTION('ref_axis',(1.,0.,0.));
#2072=DIRECTION('',(1.,0.,0.));
#2073=DIRECTION('',(0.,-1.,0.));
#2074=DIRECTION('center_axis',(0.,-1.,0.));
#2075=DIRECTION('ref_axis',(0.,0.,-1.));
#2076=DIRECTION('',(0.,0.,1.));
#2077=DIRECTION('',(0.,0.,1.));
#2078=DIRECTION('',(0.,0.,-1.));
#2079=DIRECTION('',(1.,0.,0.));
#2080=DIRECTION('',(0.,0.,1.));
#2081=DIRECTION('',(1.,0.,0.));
#2082=DIRECTION('',(0.,0.,1.));
#2083=DIRECTION('',(0.,0.,1.));
#2084=DIRECTION('',(1.,0.,0.));
#2085=DIRECTION('',(-1.,0.,0.));
#2086=DIRECTION('',(0.,0.,1.));
#2087=DIRECTION('',(1.,0.,0.));
#2088=DIRECTION('center_axis',(1.,0.,0.));
#2089=DIRECTION('ref_axis',(0.,0.,1.));
#2090=DIRECTION('',(0.,0.,-1.));
#2091=DIRECTION('center_axis',(1.,0.,0.));
#2092=DIRECTION('ref_axis',(0.,0.,1.));
#2093=DIRECTION('',(0.,-1.,0.));
#2094=DIRECTION('center_axis',(1.,0.,0.));
#2095=DIRECTION('ref_axis',(0.,0.,1.));
#2096=DIRECTION('center_axis',(1.,0.,0.));
#2097=DIRECTION('ref_axis',(0.,0.,1.));
#2098=DIRECTION('',(0.,-1.,0.));
#2099=DIRECTION('',(0.,-1.,0.));
#2100=DIRECTION('',(0.,0.,-1.));
#2101=DIRECTION('center_axis',(1.,0.,0.));
#2102=DIRECTION('ref_axis',(0.,0.,1.));
#2103=DIRECTION('',(0.,0.,-1.));
#2104=DIRECTION('',(0.,-1.,0.));
#2105=DIRECTION('center_axis',(-1.,0.,0.));
#2106=DIRECTION('ref_axis',(0.,0.,-1.));
#2107=DIRECTION('',(0.,0.,1.));
#2108=DIRECTION('',(0.,-1.,0.));
#2109=DIRECTION('center_axis',(0.,-1.,0.));
#2110=DIRECTION('ref_axis',(1.,0.,0.));
#2111=DIRECTION('',(-1.,0.,0.));
#2112=DIRECTION('',(1.,0.,0.));
#2113=DIRECTION('center_axis',(0.,-1.,0.));
#2114=DIRECTION('ref_axis',(1.,0.,0.));
#2115=DIRECTION('',(0.,0.,1.));
#2116=DIRECTION('',(0.,0.,-1.));
#2117=DIRECTION('',(1.,0.,0.));
#2118=DIRECTION('center_axis',(0.,-1.,0.));
#2119=DIRECTION('ref_axis',(1.,0.,0.));
#2120=DIRECTION('',(-1.,0.,0.));
#2121=DIRECTION('center_axis',(0.,0.,-1.));
#2122=DIRECTION('ref_axis',(1.,0.,0.));
#2123=DIRECTION('center_axis',(0.,0.,-1.));
#2124=DIRECTION('ref_axis',(1.,0.,0.));
#2125=DIRECTION('center_axis',(0.,0.,-1.));
#2126=DIRECTION('ref_axis',(1.,0.,0.));
#2127=DIRECTION('center_axis',(0.,0.,1.));
#2128=DIRECTION('ref_axis',(-1.,0.,0.));
#2129=DIRECTION('center_axis',(-1.,0.,0.));
#2130=DIRECTION('ref_axis',(0.,0.,-1.));
#2131=DIRECTION('',(0.,0.,1.));
#2132=DIRECTION('',(0.,-1.,0.));
#2133=DIRECTION('',(0.,0.,-1.));
#2134=DIRECTION('',(0.,-1.,0.));
#2135=DIRECTION('center_axis',(0.,0.,-1.));
#2136=DIRECTION('ref_axis',(1.,0.,0.));
#2137=DIRECTION('',(-1.,0.,0.));
#2138=DIRECTION('',(1.,0.,0.));
#2139=DIRECTION('',(0.,-1.,0.));
#2140=DIRECTION('center_axis',(1.,0.,0.));
#2141=DIRECTION('ref_axis',(0.,0.,1.));
#2142=DIRECTION('',(0.,0.,-1.));
#2143=DIRECTION('',(0.,0.,1.));
#2144=DIRECTION('',(0.,-1.,0.));
#2145=DIRECTION('center_axis',(0.,0.,1.));
#2146=DIRECTION('ref_axis',(-1.,0.,0.));
#2147=DIRECTION('',(1.,0.,0.));
#2148=DIRECTION('',(-1.,0.,0.));
#2149=DIRECTION('center_axis',(-1.,0.,0.));
#2150=DIRECTION('ref_axis',(0.,0.,-1.));
#2151=DIRECTION('',(0.,0.,1.));
#2152=DIRECTION('',(0.,-1.,0.));
#2153=DIRECTION('',(0.,0.,-1.));
#2154=DIRECTION('',(0.,-1.,0.));
#2155=DIRECTION('center_axis',(0.,0.,1.));
#2156=DIRECTION('ref_axis',(-1.,0.,0.));
#2157=DIRECTION('',(1.,0.,0.));
#2158=DIRECTION('',(-1.,0.,0.));
#2159=DIRECTION('',(0.,-1.,0.));
#2160=DIRECTION('center_axis',(1.,0.,0.));
#2161=DIRECTION('ref_axis',(0.,0.,1.));
#2162=DIRECTION('',(0.,0.,-1.));
#2163=DIRECTION('',(0.,0.,1.));
#2164=DIRECTION('',(0.,-1.,0.));
#2165=DIRECTION('center_axis',(0.,0.,-1.));
#2166=DIRECTION('ref_axis',(1.,0.,0.));
#2167=DIRECTION('',(-1.,0.,0.));
#2168=DIRECTION('',(1.,0.,0.));
#2169=DIRECTION('center_axis',(0.,-1.,0.));
#2170=DIRECTION('ref_axis',(0.,0.,-1.));
#2171=DIRECTION('center_axis',(0.,-1.,0.));
#2172=DIRECTION('ref_axis',(0.,0.,-1.));
#2173=DIRECTION('',(0.,0.,1.));
#2174=DIRECTION('',(-1.,0.,0.));
#2175=DIRECTION('',(0.,0.,-1.));
#2176=DIRECTION('',(1.,0.,0.));
#2177=DIRECTION('center_axis',(-1.,0.,0.));
#2178=DIRECTION('ref_axis',(0.,-0.99215674141455,-0.125000001862645));
#2179=DIRECTION('center_axis',(-0.707106781186548,0.,0.707106781186548));
#2180=DIRECTION('ref_axis',(0.707106781186547,0.,0.707106781186547));
#2181=DIRECTION('center_axis',(-0.707106781186548,0.,0.707106781186548));
#2182=DIRECTION('ref_axis',(0.707106781186547,0.,0.707106781186547));
#2183=DIRECTION('',(1.,0.,0.));
#2184=DIRECTION('center_axis',(0.,0.,1.));
#2185=DIRECTION('ref_axis',(-0.125000001862645,-0.99215674141455,0.));
#2186=DIRECTION('center_axis',(0.707106781186548,0.,0.707106781186548));
#2187=DIRECTION('ref_axis',(0.707106781186547,0.,-0.707106781186547));
#2188=DIRECTION('center_axis',(0.707106781186548,0.,0.707106781186548));
#2189=DIRECTION('ref_axis',(0.707106781186547,0.,-0.707106781186547));
#2190=DIRECTION('',(0.,0.,-1.));
#2191=DIRECTION('center_axis',(1.,0.,0.));
#2192=DIRECTION('ref_axis',(0.,-0.99215674141455,0.125000001862645));
#2193=DIRECTION('',(-1.,0.,0.));
#2194=DIRECTION('center_axis',(0.,0.,-1.));
#2195=DIRECTION('ref_axis',(0.124999972060322,-0.99215674516929,0.));
#2196=DIRECTION('',(0.,0.,1.));
#2197=DIRECTION('center_axis',(0.,-1.,0.));
#2198=DIRECTION('ref_axis',(0.,0.,-1.));
#2199=DIRECTION('',(1.,0.,0.));
#2200=DIRECTION('',(0.,0.,1.));
#2201=DIRECTION('',(0.,0.,1.));
#2202=DIRECTION('',(0.,0.,1.));
#2203=DIRECTION('',(1.,0.,0.));
#2204=DIRECTION('',(0.,0.,-1.));
#2205=DIRECTION('',(-1.,0.,0.));
#2206=DIRECTION('center_axis',(-1.,0.,0.));
#2207=DIRECTION('ref_axis',(0.,0.,-1.));
#2208=DIRECTION('',(0.,0.,1.));
#2209=DIRECTION('',(0.,-1.,0.));
#2210=DIRECTION('',(0.,0.,-1.));
#2211=DIRECTION('',(0.,-1.,0.));
#2212=DIRECTION('center_axis',(0.,0.,-1.));
#2213=DIRECTION('ref_axis',(1.,0.,0.));
#2214=DIRECTION('',(-1.,0.,0.));
#2215=DIRECTION('',(1.,0.,0.));
#2216=DIRECTION('',(0.,-1.,0.));
#2217=DIRECTION('center_axis',(1.,0.,0.));
#2218=DIRECTION('ref_axis',(0.,0.,1.));
#2219=DIRECTION('',(0.,0.,-1.));
#2220=DIRECTION('',(0.,0.,1.));
#2221=DIRECTION('',(0.,-1.,0.));
#2222=DIRECTION('center_axis',(0.,0.,1.));
#2223=DIRECTION('ref_axis',(-1.,0.,0.));
#2224=DIRECTION('',(1.,0.,0.));
#2225=DIRECTION('',(-1.,0.,0.));
#2226=DIRECTION('center_axis',(-1.,0.,0.));
#2227=DIRECTION('ref_axis',(0.,0.,-1.));
#2228=DIRECTION('',(0.,0.,1.));
#2229=DIRECTION('',(0.,-1.,0.));
#2230=DIRECTION('',(0.,0.,-1.));
#2231=DIRECTION('',(0.,-1.,0.));
#2232=DIRECTION('center_axis',(0.,0.,1.));
#2233=DIRECTION('ref_axis',(-1.,0.,0.));
#2234=DIRECTION('',(1.,0.,0.));
#2235=DIRECTION('',(-1.,0.,0.));
#2236=DIRECTION('',(0.,-1.,0.));
#2237=DIRECTION('center_axis',(1.,0.,0.));
#2238=DIRECTION('ref_axis',(0.,0.,1.));
#2239=DIRECTION('',(0.,0.,-1.));
#2240=DIRECTION('',(0.,0.,1.));
#2241=DIRECTION('',(0.,-1.,0.));
#2242=DIRECTION('center_axis',(0.,0.,-1.));
#2243=DIRECTION('ref_axis',(1.,0.,0.));
#2244=DIRECTION('',(-1.,0.,0.));
#2245=DIRECTION('',(1.,0.,0.));
#2246=DIRECTION('center_axis',(0.,-1.,0.));
#2247=DIRECTION('ref_axis',(0.,0.,-1.));
#2248=DIRECTION('center_axis',(0.,-1.,0.));
#2249=DIRECTION('ref_axis',(0.,0.,-1.));
#2250=DIRECTION('',(0.,0.,1.));
#2251=DIRECTION('',(-1.,0.,0.));
#2252=DIRECTION('',(0.,0.,-1.));
#2253=DIRECTION('',(1.,0.,0.));
#2254=DIRECTION('center_axis',(-1.,0.,0.));
#2255=DIRECTION('ref_axis',(0.,-0.99215674141455,-0.125000001862645));
#2256=DIRECTION('center_axis',(-0.707106781186548,0.,0.707106781186548));
#2257=DIRECTION('ref_axis',(0.707106781186547,0.,0.707106781186547));
#2258=DIRECTION('center_axis',(-0.707106781186548,0.,0.707106781186548));
#2259=DIRECTION('ref_axis',(0.707106781186547,0.,0.707106781186547));
#2260=DIRECTION('center_axis',(-0.707106781186548,0.,-0.707106781186548));
#2261=DIRECTION('ref_axis',(-0.707106781186547,0.,0.707106781186547));
#2262=DIRECTION('center_axis',(-0.707106781186548,0.,-0.707106781186548));
#2263=DIRECTION('ref_axis',(-0.707106781186547,0.,0.707106781186547));
#2264=DIRECTION('center_axis',(0.,0.,1.));
#2265=DIRECTION('ref_axis',(-0.125000001862645,-0.99215674141455,0.));
#2266=DIRECTION('center_axis',(0.707106781186548,0.,0.707106781186548));
#2267=DIRECTION('ref_axis',(0.707106781186547,0.,-0.707106781186547));
#2268=DIRECTION('center_axis',(0.707106781186548,0.,0.707106781186548));
#2269=DIRECTION('ref_axis',(0.707106781186547,0.,-0.707106781186547));
#2270=DIRECTION('center_axis',(1.,0.,0.));
#2271=DIRECTION('ref_axis',(0.,-0.99215674141455,0.125000001862645));
#2272=DIRECTION('center_axis',(0.707106781186548,0.,-0.707106781186548));
#2273=DIRECTION('ref_axis',(-0.707106781186547,0.,-0.707106781186547));
#2274=DIRECTION('center_axis',(0.707106781186548,0.,-0.707106781186548));
#2275=DIRECTION('ref_axis',(-0.707106781186547,0.,-0.707106781186547));
#2276=DIRECTION('center_axis',(0.,0.,-1.));
#2277=DIRECTION('ref_axis',(0.125000001862645,-0.99215674141455,0.));
#2278=DIRECTION('center_axis',(0.,-1.,0.));
#2279=DIRECTION('ref_axis',(0.,0.,-1.));
#2280=DIRECTION('center_axis',(1.,0.,0.));
#2281=DIRECTION('ref_axis',(0.,-0.707106781186549,-0.707106781186546));
#2282=DIRECTION('center_axis',(-1.,0.,0.));
#2283=DIRECTION('ref_axis',(0.,-0.707106781186549,-0.707106781186546));
#2284=DIRECTION('',(-1.,0.,0.));
#2285=DIRECTION('center_axis',(1.,2.46519032881566E-33,0.));
#2286=DIRECTION('ref_axis',(0.,-0.707106781186549,-0.707106781186546));
#2287=DIRECTION('',(1.,0.,0.));
#2288=DIRECTION('center_axis',(0.,-1.,0.));
#2289=DIRECTION('ref_axis',(0.,0.,-1.));
#2290=DIRECTION('',(0.,0.,1.));
#2291=DIRECTION('',(1.,0.,0.));
#2292=DIRECTION('',(0.,0.,-1.));
#2293=DIRECTION('',(-1.,0.,0.));
#2294=DIRECTION('',(0.,0.,1.));
#2295=DIRECTION('',(1.,0.,0.));
#2296=DIRECTION('',(0.,0.,-1.));
#2297=DIRECTION('center_axis',(1.,0.,0.));
#2298=DIRECTION('ref_axis',(0.,0.,1.));
#2299=DIRECTION('',(0.,-1.,0.));
#2300=DIRECTION('',(0.,0.,-1.));
#2301=DIRECTION('',(0.,-1.,0.));
#2302=DIRECTION('center_axis',(-1.,0.,0.));
#2303=DIRECTION('ref_axis',(0.,-0.707106781186553,0.707106781186542));
#2304=DIRECTION('center_axis',(0.,0.,1.));
#2305=DIRECTION('ref_axis',(0.707106781186548,0.707106781186548,0.));
#2306=DIRECTION('',(0.,0.,-1.));
#2307=DIRECTION('center_axis',(-0.707106781186555,0.,-0.70710678118654));
#2308=DIRECTION('ref_axis',(0.70710678118654,0.,-0.707106781186555));
#2309=DIRECTION('',(0.,0.,1.));
#2310=DIRECTION('center_axis',(-0.707106781186555,0.,0.70710678118654));
#2311=DIRECTION('ref_axis',(-0.70710678118654,0.,-0.707106781186555));
#2312=DIRECTION('center_axis',(1.,0.,0.));
#2313=DIRECTION('ref_axis',(0.,0.70710678118654,-0.707106781186555));
#2314=DIRECTION('',(1.,0.,0.));
#2315=DIRECTION('',(-1.,0.,0.));
#2316=DIRECTION('center_axis',(0.707106781186548,0.,-0.707106781186548));
#2317=DIRECTION('ref_axis',(0.707106781186547,0.,0.707106781186547));
#2318=DIRECTION('center_axis',(-1.,0.,0.));
#2319=DIRECTION('ref_axis',(0.,0.70710678118654,0.707106781186555));
#2320=DIRECTION('',(1.,0.,0.));
#2321=DIRECTION('',(-1.,0.,0.));
#2322=DIRECTION('center_axis',(-0.707106781186548,0.,-0.707106781186548));
#2323=DIRECTION('ref_axis',(0.707106781186547,0.,-0.707106781186547));
#2324=DIRECTION('center_axis',(0.,0.,-1.));
#2325=DIRECTION('ref_axis',(-0.707106781186555,0.70710678118654,0.));
#2326=DIRECTION('',(0.,0.,1.));
#2327=DIRECTION('',(0.,0.,-1.));
#2328=DIRECTION('center_axis',(0.,0.,-1.));
#2329=DIRECTION('ref_axis',(1.,0.,0.));
#2330=DIRECTION('',(0.,-1.,0.));
#2331=DIRECTION('',(0.,-1.,0.));
#2332=DIRECTION('center_axis',(-1.,0.,0.));
#2333=DIRECTION('ref_axis',(0.,0.,-1.));
#2334=DIRECTION('',(0.,-1.,0.));
#2335=DIRECTION('center_axis',(0.,-1.,0.));
#2336=DIRECTION('ref_axis',(0.,0.,-1.));
#2337=DIRECTION('center_axis',(-1.,0.,0.));
#2338=DIRECTION('ref_axis',(0.,-0.707106781186553,0.707106781186542));
#2339=DIRECTION('center_axis',(1.,2.46519032881566E-33,0.));
#2340=DIRECTION('ref_axis',(0.,-0.707106781186553,0.707106781186542));
#2341=DIRECTION('',(-1.,0.,0.));
#2342=DIRECTION('center_axis',(1.,0.,0.));
#2343=DIRECTION('ref_axis',(0.,0.,1.));
#2344=DIRECTION('',(0.,-1.,0.));
#2345=DIRECTION('center_axis',(0.,0.,1.));
#2346=DIRECTION('ref_axis',(-1.,0.,0.));
#2347=DIRECTION('center_axis',(0.,0.,1.));
#2348=DIRECTION('ref_axis',(-1.,0.,0.));
#2349=DIRECTION('',(0.,-1.,0.));
#2350=DIRECTION('center_axis',(0.,-1.,0.));
#2351=DIRECTION('ref_axis',(0.,0.,-1.));
#2352=DIRECTION('center_axis',(0.,-1.,0.));
#2353=DIRECTION('ref_axis',(1.,0.,0.));
#2354=DIRECTION('',(0.,0.,1.));
#2355=DIRECTION('',(-1.,0.,0.));
#2356=DIRECTION('center_axis',(1.,0.,0.));
#2357=DIRECTION('ref_axis',(0.,0.,1.));
#2358=DIRECTION('',(0.,-1.,0.));
#2359=DIRECTION('center_axis',(0.,1.,0.));
#2360=DIRECTION('ref_axis',(-1.,0.,0.));
#2361=DIRECTION('',(-1.,0.,0.));
#2362=DIRECTION('',(0.,0.,1.));
#2363=DIRECTION('',(0.,0.,1.));
#2364=DIRECTION('center_axis',(1.,0.,0.));
#2365=DIRECTION('ref_axis',(0.,1.,0.));
#2366=DIRECTION('',(0.,-1.,0.));
#2367=DIRECTION('center_axis',(-1.,-2.46519032881566E-33,0.));
#2368=DIRECTION('ref_axis',(2.46519032881566E-33,-1.,0.));
#2369=DIRECTION('',(2.46519032881566E-33,-1.,0.));
#2370=DIRECTION('center_axis',(0.,0.,1.));
#2371=DIRECTION('ref_axis',(1.,0.,0.));
#2372=DIRECTION('center_axis',(0.,0.,1.));
#2373=DIRECTION('ref_axis',(1.,0.,0.));
#2374=DIRECTION('center_axis',(1.22464679914735E-16,-1.,0.));
#2375=DIRECTION('ref_axis',(-1.,-1.22464679914735E-16,0.));
#2376=DIRECTION('center_axis',(0.,0.,1.));
#2377=DIRECTION('ref_axis',(1.,0.,0.));
#2378=DIRECTION('center_axis',(1.22464679914735E-16,-1.,0.));
#2379=DIRECTION('ref_axis',(-1.,-1.22464679914735E-16,0.));
#2380=DIRECTION('center_axis',(0.,0.,1.));
#2381=DIRECTION('ref_axis',(1.,0.,0.));
#2382=DIRECTION('center_axis',(1.22464679914735E-16,-1.,0.));
#2383=DIRECTION('ref_axis',(-1.,-1.22464679914735E-16,0.));
#2384=DIRECTION('center_axis',(0.,0.,1.));
#2385=DIRECTION('ref_axis',(1.,0.,0.));
#2386=DIRECTION('center_axis',(1.22464679914735E-16,-1.,0.));
#2387=DIRECTION('ref_axis',(-1.,-1.22464679914735E-16,0.));
#2388=CARTESIAN_POINT('',(0.,0.,0.));
#2389=CARTESIAN_POINT('Origin',(75.4999983124435,0.,30.999999307096));
#2390=CARTESIAN_POINT('',(75.416935367214,0.5,30.999999307096));
#2391=CARTESIAN_POINT('Origin',(75.4999983124435,0.5,30.999999307096));
#2392=CARTESIAN_POINT('',(75.416935367214,0.,30.999999307096));
#2393=CARTESIAN_POINT('',(75.416935367214,0.,30.999999307096));
#2394=CARTESIAN_POINT('Origin',(75.4999983124435,0.,30.999999307096));
#2395=CARTESIAN_POINT('Origin',(75.4999983124435,0.,30.999999307096));
#2396=CARTESIAN_POINT('',(75.3585769593672,0.,30.999999307096));
#2397=CARTESIAN_POINT('Origin',(75.4999983124435,0.,30.999999307096));
#2398=CARTESIAN_POINT('',(75.3585769593672,0.5,30.999999307096));
#2399=CARTESIAN_POINT('',(75.3585769593672,0.,30.999999307096));
#2400=CARTESIAN_POINT('Origin',(75.4999983124435,0.5,30.999999307096));
#2401=CARTESIAN_POINT('Origin',(75.4999983124435,0.,30.999999307096));
#2402=CARTESIAN_POINT('Origin',(75.4999983124435,0.5,30.999999307096));
#2403=CARTESIAN_POINT('Origin',(0.999999999999996,24.,35.));
#2404=CARTESIAN_POINT('',(90.0000000630683,24.,35.));
#2405=CARTESIAN_POINT('',(1.,24.,35.));
#2406=CARTESIAN_POINT('',(23.,24.,35.));
#2407=CARTESIAN_POINT('',(90.0000000630683,24.,35.5));
#2408=CARTESIAN_POINT('',(90.0000000630683,24.,35.));
#2409=CARTESIAN_POINT('',(1.,24.,35.5));
#2410=CARTESIAN_POINT('',(90.0000000630683,24.,35.5));
#2411=CARTESIAN_POINT('',(1.,24.,35.));
#2412=CARTESIAN_POINT('Origin',(1.,-44.,35.));
#2413=CARTESIAN_POINT('',(1.,-44.,35.));
#2414=CARTESIAN_POINT('',(0.999999999999996,-15.75,35.));
#2415=CARTESIAN_POINT('',(1.,-44.,35.5));
#2416=CARTESIAN_POINT('',(1.,25.,35.5));
#2417=CARTESIAN_POINT('',(1.,-44.,35.));
#2418=CARTESIAN_POINT('Origin',(50.,-44.,35.));
#2419=CARTESIAN_POINT('',(50.,-44.,35.));
#2420=CARTESIAN_POINT('',(47.5,-44.,35.));
#2421=CARTESIAN_POINT('',(50.,-44.,35.5));
#2422=CARTESIAN_POINT('',(0.,-44.,35.5));
#2423=CARTESIAN_POINT('',(50.,-44.,35.));
#2424=CARTESIAN_POINT('Origin',(45.0000000315342,-10.,35.5));
#2425=CARTESIAN_POINT('',(90.0000000630683,25.,35.5));
#2426=CARTESIAN_POINT('',(90.0000000630683,25.,35.5));
#2427=CARTESIAN_POINT('',(0.,25.,35.5));
#2428=CARTESIAN_POINT('',(0.,25.,35.5));
#2429=CARTESIAN_POINT('',(0.,-45.,35.5));
#2430=CARTESIAN_POINT('',(0.,-45.,35.5));
#2431=CARTESIAN_POINT('',(50.,-45.,35.5));
#2432=CARTESIAN_POINT('',(50.,-45.,35.5));
#2433=CARTESIAN_POINT('',(50.,-44.,35.5));
#2434=CARTESIAN_POINT('Origin',(45.,12.5,35.));
#2435=CARTESIAN_POINT('',(50.,-26.,35.));
#2436=CARTESIAN_POINT('',(50.,-25.,35.));
#2437=CARTESIAN_POINT('',(19.0000002831221,-26.0000003874302,35.));
#2438=CARTESIAN_POINT('',(32.000000141561,-26.0000003874302,35.));
#2439=CARTESIAN_POINT('',(19.0000002831221,1.00000001490116,35.));
#2440=CARTESIAN_POINT('',(19.0000002831221,6.75000000745058,35.));
#2441=CARTESIAN_POINT('',(90.0000013411045,1.00000001490116,35.));
#2442=CARTESIAN_POINT('',(67.5000006705523,1.00000001490116,35.));
#2443=CARTESIAN_POINT('',(90.0000013411045,0.,35.0000005215406));
#2444=CARTESIAN_POINT('Origin',(19.0000002831221,-26.0000003874302,35.));
#2445=CARTESIAN_POINT('',(50.,-26.,35.5));
#2446=CARTESIAN_POINT('',(50.,-26.,35.));
#2447=CARTESIAN_POINT('',(19.0000002831221,-26.0000003874302,35.5));
#2448=CARTESIAN_POINT('',(20.0000002980232,-26.0000003874302,35.5));
#2449=CARTESIAN_POINT('',(19.0000002831221,-26.0000003874302,35.));
#2450=CARTESIAN_POINT('Origin',(19.0000002831221,1.00000001490116,35.));
#2451=CARTESIAN_POINT('',(19.0000002831221,1.00000001490116,35.5));
#2452=CARTESIAN_POINT('',(19.0000002831221,0.,35.5));
#2453=CARTESIAN_POINT('',(19.0000002831221,1.00000001490116,35.));
#2454=CARTESIAN_POINT('Origin',(90.0000013411045,1.00000001490116,35.));
#2455=CARTESIAN_POINT('',(90.0000013411045,1.00000001490116,35.5));
#2456=CARTESIAN_POINT('',(19.0000002831221,1.00000001490116,35.5));
#2457=CARTESIAN_POINT('',(90.0000013411045,1.00000001490116,35.));
#2458=CARTESIAN_POINT('Origin',(54.5000008121133,-12.5000001862645,35.5));
#2459=CARTESIAN_POINT('',(50.,-25.,35.5));
#2460=CARTESIAN_POINT('',(50.,-45.,35.5));
#2461=CARTESIAN_POINT('',(20.0000002980232,-25.,35.5));
#2462=CARTESIAN_POINT('',(19.,-25.,35.5));
#2463=CARTESIAN_POINT('',(20.,0.,35.5));
#2464=CARTESIAN_POINT('',(20.0000002980232,1.00000001490116,35.5));
#2465=CARTESIAN_POINT('',(90.0000013411045,0.,35.5));
#2466=CARTESIAN_POINT('',(90.0000013411045,0.,35.5));
#2467=CARTESIAN_POINT('',(90.0000013411045,1.00000001490116,35.5));
#2468=CARTESIAN_POINT('Origin',(45.,12.5,35.));
#2469=CARTESIAN_POINT('',(90.0000013411045,0.,35.));
#2470=CARTESIAN_POINT('',(89.0000013262033,0.,35.0000005215406));
#2471=CARTESIAN_POINT('',(32.5,0.,35.));
#2472=CARTESIAN_POINT('',(89.0000013262033,-0.5,35.0000005215406));
#2473=CARTESIAN_POINT('',(89.0000013262033,0.,35.0000005215406));
#2474=CARTESIAN_POINT('',(90.0000013411045,-0.5,35.0000005215406));
#2475=CARTESIAN_POINT('',(89.0000013262033,-0.5,35.0000005215406));
#2476=CARTESIAN_POINT('',(90.0000013411045,0.,35.0000005215406));
#2477=CARTESIAN_POINT('Origin',(45.,12.5,35.));
#2478=CARTESIAN_POINT('',(62.000000923872,0.,35.0000005215406));
#2479=CARTESIAN_POINT('',(61.0000009089708,0.,35.0000005215406));
#2480=CARTESIAN_POINT('',(32.5,0.,35.));
#2481=CARTESIAN_POINT('',(61.0000009089708,-0.5,35.0000005215406));
#2482=CARTESIAN_POINT('',(61.0000009089708,0.,35.0000005215406));
#2483=CARTESIAN_POINT('',(62.000000923872,-0.5,35.0000005215406));
#2484=CARTESIAN_POINT('',(61.0000009089708,-0.5,35.0000005215406));
#2485=CARTESIAN_POINT('',(62.000000923872,0.,35.0000005215406));
#2486=CARTESIAN_POINT('Origin',(75.5000011250377,0.,31.000000461936));
#2487=CARTESIAN_POINT('',(75.5000011250377,0.,31.850000461936));
#2488=CARTESIAN_POINT('Origin',(75.5000011250377,0.,31.000000461936));
#2489=CARTESIAN_POINT('',(75.5000011250377,-0.85,31.000000461936));
#2490=CARTESIAN_POINT('Origin',(75.5000011250377,0.,31.000000461936));
#2491=CARTESIAN_POINT('Origin',(89.0000013262033,0.,35.0000005215406));
#2492=CARTESIAN_POINT('',(89.0000013262033,0.,21.0000003129244));
#2493=CARTESIAN_POINT('',(89.0000013262033,-0.5,21.0000003129244));
#2494=CARTESIAN_POINT('',(89.0000013262033,0.,21.0000003129244));
#2495=CARTESIAN_POINT('',(89.0000013262033,0.,15.0000002235174));
#2496=CARTESIAN_POINT('',(89.0000013262033,0.,17.5000002607703));
#2497=CARTESIAN_POINT('',(89.0000013262033,-0.5,15.0000002235174));
#2498=CARTESIAN_POINT('',(89.0000013262033,0.,15.0000002235174));
#2499=CARTESIAN_POINT('',(89.0000013262033,-0.5,0.));
#2500=CARTESIAN_POINT('Origin',(89.0000013262033,0.,35.0000005215406));
#2501=CARTESIAN_POINT('',(89.0000013262033,-0.5,8.00000011920929));
#2502=CARTESIAN_POINT('',(89.0000013262033,0.,8.00000011920929));
#2503=CARTESIAN_POINT('',(89.0000013262033,0.,8.00000011920929));
#2504=CARTESIAN_POINT('',(89.0000013262033,-0.5,14.0000002086163));
#2505=CARTESIAN_POINT('',(89.0000013262033,-0.5,0.));
#2506=CARTESIAN_POINT('',(89.0000013262033,0.,14.0000002086163));
#2507=CARTESIAN_POINT('',(89.0000013262033,0.,14.0000002086163));
#2508=CARTESIAN_POINT('',(89.0000013262033,0.,17.5000002607703));
#2509=CARTESIAN_POINT('Origin',(89.0000013262033,0.,35.0000005215406));
#2510=CARTESIAN_POINT('',(89.0000013262033,0.,28.0000004172325));
#2511=CARTESIAN_POINT('',(89.0000013262033,-0.5,28.0000004172325));
#2512=CARTESIAN_POINT('',(89.0000013262033,0.,28.0000004172325));
#2513=CARTESIAN_POINT('',(89.0000013262033,0.,22.0000003278255));
#2514=CARTESIAN_POINT('',(89.0000013262033,0.,17.5000002607703));
#2515=CARTESIAN_POINT('',(89.0000013262033,-0.5,22.0000003278255));
#2516=CARTESIAN_POINT('',(89.0000013262033,0.,22.0000003278255));
#2517=CARTESIAN_POINT('',(89.0000013262033,-0.5,0.));
#2518=CARTESIAN_POINT('Origin',(89.0000013262033,0.,35.0000005215406));
#2519=CARTESIAN_POINT('',(89.0000013262033,-0.5,1.00000001490116));
#2520=CARTESIAN_POINT('',(89.0000013262033,0.,1.00000001490116));
#2521=CARTESIAN_POINT('',(89.0000013262033,0.,1.00000001490116));
#2522=CARTESIAN_POINT('',(89.0000013262033,-0.5,7.00000010430813));
#2523=CARTESIAN_POINT('',(89.0000013262033,-0.5,0.));
#2524=CARTESIAN_POINT('',(89.0000013262033,0.,7.00000010430813));
#2525=CARTESIAN_POINT('',(89.0000013262033,0.,7.00000010430813));
#2526=CARTESIAN_POINT('',(89.0000013262033,0.,17.5000002607703));
#2527=CARTESIAN_POINT('Origin',(89.0000013262033,0.,35.0000005215406));
#2528=CARTESIAN_POINT('',(89.0000013262033,-0.5,29.0000004321337));
#2529=CARTESIAN_POINT('',(89.0000013262033,0.,29.0000004321337));
#2530=CARTESIAN_POINT('',(89.0000013262033,0.,29.0000004321337));
#2531=CARTESIAN_POINT('',(89.0000013262033,-0.5,0.));
#2532=CARTESIAN_POINT('',(89.0000013262033,0.,17.5000002607703));
#2533=CARTESIAN_POINT('Origin',(90.0000013411045,0.,29.0000004321337));
#2534=CARTESIAN_POINT('',(62.000000923872,0.,29.0000004321337));
#2535=CARTESIAN_POINT('',(45.0000006705523,0.,29.0000004321337));
#2536=CARTESIAN_POINT('',(62.000000923872,-0.5,29.0000004321337));
#2537=CARTESIAN_POINT('',(62.000000923872,0.,29.0000004321337));
#2538=CARTESIAN_POINT('',(90.0000013411045,-0.5,29.0000004321337));
#2539=CARTESIAN_POINT('Origin',(90.0000013411045,0.,1.00000001490116));
#2540=CARTESIAN_POINT('',(62.000000923872,0.,1.00000001490116));
#2541=CARTESIAN_POINT('',(45.0000006705523,0.,1.00000001490116));
#2542=CARTESIAN_POINT('',(62.000000923872,-0.5,1.00000001490116));
#2543=CARTESIAN_POINT('',(62.000000923872,0.,1.00000001490116));
#2544=CARTESIAN_POINT('',(90.0000013411045,-0.5,1.00000001490116));
#2545=CARTESIAN_POINT('Origin',(0.,0.,0.));
#2546=CARTESIAN_POINT('',(62.000000923872,0.,7.00000010430813));
#2547=CARTESIAN_POINT('',(31.000000461936,0.,7.00000010430813));
#2548=CARTESIAN_POINT('',(62.000000923872,0.,0.));
#2549=CARTESIAN_POINT('Origin',(90.0000013411045,0.,22.0000003278255));
#2550=CARTESIAN_POINT('',(62.000000923872,0.,22.0000003278255));
#2551=CARTESIAN_POINT('',(45.0000006705523,0.,22.0000003278255));
#2552=CARTESIAN_POINT('',(62.000000923872,-0.5,22.0000003278255));
#2553=CARTESIAN_POINT('',(62.000000923872,0.,22.0000003278255));
#2554=CARTESIAN_POINT('',(90.0000013411045,-0.5,22.0000003278255));
#2555=CARTESIAN_POINT('Origin',(90.0000013411045,0.,8.00000011920929));
#2556=CARTESIAN_POINT('',(62.000000923872,0.,8.00000011920929));
#2557=CARTESIAN_POINT('',(45.0000006705523,0.,8.00000011920929));
#2558=CARTESIAN_POINT('',(62.000000923872,-0.5,8.00000011920929));
#2559=CARTESIAN_POINT('',(62.000000923872,0.,8.00000011920929));
#2560=CARTESIAN_POINT('',(90.0000013411045,-0.5,8.00000011920929));
#2561=CARTESIAN_POINT('Origin',(0.,0.,0.));
#2562=CARTESIAN_POINT('',(62.000000923872,0.,14.0000002086163));
#2563=CARTESIAN_POINT('',(31.000000461936,0.,14.0000002086163));
#2564=CARTESIAN_POINT('',(62.000000923872,0.,0.));
#2565=CARTESIAN_POINT('Origin',(62.000000923872,0.,14.0000002086163));
#2566=CARTESIAN_POINT('',(62.000000923872,-0.5,14.0000002086163));
#2567=CARTESIAN_POINT('',(62.000000923872,-0.5,14.0000002086163));
#2568=CARTESIAN_POINT('',(62.000000923872,0.,14.0000002086163));
#2569=CARTESIAN_POINT('Origin',(76.0000011324883,-0.5,21.500000320375));
#2570=CARTESIAN_POINT('',(90.0000013411045,-0.5,0.));
#2571=CARTESIAN_POINT('',(90.0000013411045,-0.5,0.));
#2572=CARTESIAN_POINT('',(62.000000923872,-0.5,35.0000005215406));
#2573=CARTESIAN_POINT('',(61.0000009089708,-0.5,0.));
#2574=CARTESIAN_POINT('',(61.0000009089708,-0.5,0.));
#2575=CARTESIAN_POINT('',(62.000000923872,-0.5,0.));
#2576=CARTESIAN_POINT('',(62.000000923872,-0.5,7.00000010430813));
#2577=CARTESIAN_POINT('',(62.000000923872,-0.5,35.0000005215406));
#2578=CARTESIAN_POINT('',(62.000000923872,-0.5,7.00000010430813));
#2579=CARTESIAN_POINT('',(62.000000923872,-0.5,35.0000005215406));
#2580=CARTESIAN_POINT('',(62.000000923872,-0.5,28.0000004172325));
#2581=CARTESIAN_POINT('',(62.000000923872,-0.5,35.0000005215406));
#2582=CARTESIAN_POINT('',(62.000000923872,-0.5,28.0000004172325));
#2583=CARTESIAN_POINT('',(62.000000923872,-0.5,15.0000002235174));
#2584=CARTESIAN_POINT('',(90.0000013411045,-0.5,15.0000002235174));
#2585=CARTESIAN_POINT('',(62.000000923872,-0.5,21.0000003129244));
#2586=CARTESIAN_POINT('',(62.000000923872,-0.5,35.0000005215406));
#2587=CARTESIAN_POINT('',(62.000000923872,-0.5,21.0000003129244));
#2588=CARTESIAN_POINT('Origin',(62.000000923872,0.,0.));
#2589=CARTESIAN_POINT('',(62.000000923872,0.,0.));
#2590=CARTESIAN_POINT('Origin',(62.000000923872,0.,0.));
#2591=CARTESIAN_POINT('',(62.000000923872,0.,7.00000010430813));
#2592=CARTESIAN_POINT('Origin',(62.000000923872,0.,0.));
#2593=CARTESIAN_POINT('Origin',(62.000000923872,0.,0.));
#2594=CARTESIAN_POINT('',(62.000000923872,0.,21.0000003129244));
#2595=CARTESIAN_POINT('',(62.000000923872,0.,21.0000003129244));
#2596=CARTESIAN_POINT('',(62.000000923872,0.,15.0000002235174));
#2597=CARTESIAN_POINT('',(62.000000923872,0.,15.0000002235174));
#2598=CARTESIAN_POINT('',(62.000000923872,0.,0.));
#2599=CARTESIAN_POINT('Origin',(62.000000923872,0.,0.));
#2600=CARTESIAN_POINT('',(62.000000923872,0.,28.0000004172325));
#2601=CARTESIAN_POINT('',(62.000000923872,0.,0.));
#2602=CARTESIAN_POINT('',(62.000000923872,0.,28.0000004172325));
#2603=CARTESIAN_POINT('Origin',(61.0000009089708,0.,35.0000005215406));
#2604=CARTESIAN_POINT('',(61.0000009089708,0.,0.));
#2605=CARTESIAN_POINT('',(61.0000009089708,0.,17.5000002607703));
#2606=CARTESIAN_POINT('',(61.0000009089708,0.,0.));
#2607=CARTESIAN_POINT('Origin',(0.,0.,0.));
#2608=CARTESIAN_POINT('',(31.000000461936,0.,21.0000003129244));
#2609=CARTESIAN_POINT('',(45.0000006705523,0.,15.0000002235174));
#2610=CARTESIAN_POINT('Origin',(0.,0.,0.));
#2611=CARTESIAN_POINT('',(90.0000013411045,0.,35.));
#2612=CARTESIAN_POINT('',(20.,0.,0.));
#2613=CARTESIAN_POINT('',(20.,0.,0.));
#2614=CARTESIAN_POINT('',(0.,0.,0.));
#2615=CARTESIAN_POINT('Origin',(0.,0.,0.));
#2616=CARTESIAN_POINT('',(31.000000461936,0.,28.0000004172325));
#2617=CARTESIAN_POINT('Origin',(62.000000923872,0.,28.0000004172325));
#2618=CARTESIAN_POINT('Origin',(62.000000923872,0.,7.00000010430813));
#2619=CARTESIAN_POINT('Origin',(62.000000923872,0.,21.0000003129244));
#2620=CARTESIAN_POINT('Origin',(90.0000013411045,0.,15.0000002235174));
#2621=CARTESIAN_POINT('Origin',(41.3984145339875,-45.,26.1312626794798));
#2622=CARTESIAN_POINT('',(41.3984145339875,-45.,12.8014741242826));
#2623=CARTESIAN_POINT('',(41.3984145339875,-45.,26.1312626794798));
#2624=CARTESIAN_POINT('',(41.3984145339875,-45.,21.8156313397399));
#2625=CARTESIAN_POINT('',(41.3984145339875,-46.,12.8014741242826));
#2626=CARTESIAN_POINT('',(41.3984145339875,-45.,12.8014741242826));
#2627=CARTESIAN_POINT('',(41.3984145339875,-46.,26.1312626794798));
#2628=CARTESIAN_POINT('',(41.3984145339875,-46.,26.1312626794798));
#2629=CARTESIAN_POINT('',(41.3984145339875,-45.,26.1312626794798));
#2630=CARTESIAN_POINT('Origin',(32.8123229735224,-45.,26.1312626794798));
#2631=CARTESIAN_POINT('',(32.8123229735224,-45.,26.1312626794798));
#2632=CARTESIAN_POINT('',(28.9061614867612,-45.,26.1312626794798));
#2633=CARTESIAN_POINT('',(32.8123229735224,-46.,26.1312626794798));
#2634=CARTESIAN_POINT('',(32.8123229735224,-46.,26.1312626794798));
#2635=CARTESIAN_POINT('',(32.8123229735224,-45.,26.1312626794798));
#2636=CARTESIAN_POINT('Origin',(32.8123229735224,-45.,12.8014741242826));
#2637=CARTESIAN_POINT('',(32.8123229735224,-45.,12.8014741242826));
#2638=CARTESIAN_POINT('',(32.8123229735224,-45.,15.1507370621413));
#2639=CARTESIAN_POINT('',(32.8123229735224,-46.,12.8014741242826));
#2640=CARTESIAN_POINT('',(32.8123229735224,-46.,12.8014741242826));
#2641=CARTESIAN_POINT('',(32.8123229735224,-45.,12.8014741242826));
#2642=CARTESIAN_POINT('Origin',(41.3984145339875,-45.,12.8014741242826));
#2643=CARTESIAN_POINT('',(33.1992072669938,-45.,12.8014741242826));
#2644=CARTESIAN_POINT('',(41.3984145339875,-46.,12.8014741242826));
#2645=CARTESIAN_POINT('Origin',(32.0000004768372,-45.,27.0000004023314));
#2646=CARTESIAN_POINT('',(32.0000004768372,-45.,11.8527347253362));
#2647=CARTESIAN_POINT('',(32.0000004768372,-45.,27.0000004023314));
#2648=CARTESIAN_POINT('',(32.0000004768372,-45.,22.2500002011657));
#2649=CARTESIAN_POINT('',(32.0000004768372,-46.,11.8527347253362));
#2650=CARTESIAN_POINT('',(32.0000004768372,-45.,11.8527347253362));
#2651=CARTESIAN_POINT('',(32.0000004768372,-46.,27.0000004023314));
#2652=CARTESIAN_POINT('',(32.0000004768372,-46.,11.8527347253362));
#2653=CARTESIAN_POINT('',(32.0000004768372,-45.,27.0000004023314));
#2654=CARTESIAN_POINT('Origin',(42.2997169629867,-45.,27.0000004023314));
#2655=CARTESIAN_POINT('',(42.2997169629867,-45.,27.0000004023314));
#2656=CARTESIAN_POINT('',(33.6498584814933,-45.,27.0000004023314));
#2657=CARTESIAN_POINT('',(42.2997169629867,-46.,27.0000004023314));
#2658=CARTESIAN_POINT('',(32.0000004768372,-46.,27.0000004023314));
#2659=CARTESIAN_POINT('',(42.2997169629867,-45.,27.0000004023314));
#2660=CARTESIAN_POINT('Origin',(42.2997169629867,-45.,11.8527347253362));
#2661=CARTESIAN_POINT('',(42.2997169629867,-45.,11.8527347253362));
#2662=CARTESIAN_POINT('',(42.2997169629867,-45.,14.6763673626681));
#2663=CARTESIAN_POINT('',(42.2997169629867,-46.,11.8527347253362));
#2664=CARTESIAN_POINT('',(42.2997169629867,-46.,27.0000004023314));
#2665=CARTESIAN_POINT('',(42.2997169629867,-45.,11.8527347253362));
#2666=CARTESIAN_POINT('Origin',(32.0000004768372,-45.,11.8527347253362));
#2667=CARTESIAN_POINT('',(28.5000002384186,-45.,11.8527347253362));
#2668=CARTESIAN_POINT('',(42.2997169629867,-46.,11.8527347253362));
#2669=CARTESIAN_POINT('Origin',(37.1498587199119,-46.,19.4263675638338));
#2670=CARTESIAN_POINT('Origin',(25.,-45.,17.5));
#2671=CARTESIAN_POINT('',(44.0000006556511,-45.,10.0000001490116));
#2672=CARTESIAN_POINT('',(44.0000006556511,-45.,29.0000004321337));
#2673=CARTESIAN_POINT('',(44.0000006556511,-45.,23.2500002160668));
#2674=CARTESIAN_POINT('',(30.0000004470348,-45.,29.0000004321337));
#2675=CARTESIAN_POINT('',(27.5000002235174,-45.,29.0000004321337));
#2676=CARTESIAN_POINT('',(30.0000004470348,-45.,10.0000001490116));
#2677=CARTESIAN_POINT('',(30.0000004470348,-45.,13.7500000745058));
#2678=CARTESIAN_POINT('',(34.5000003278255,-45.,10.0000001490116));
#2679=CARTESIAN_POINT('Origin',(27.5000002235174,-41.0313730343418,29.5000004395843));
#2680=CARTESIAN_POINT('',(44.5000006631017,-45.0313730343418,29.5000004395843));
#2681=CARTESIAN_POINT('Origin',(44.5000006631017,-41.0313730343418,29.5000004395843));
#2682=CARTESIAN_POINT('',(45.0000006705523,-45.,30.0000004470348));
#2683=CARTESIAN_POINT('Origin',(44.5000006631017,-41.0313730343418,29.5000004395843));
#2684=CARTESIAN_POINT('',(29.0000006705523,-45.,30.0000004470348));
#2685=CARTESIAN_POINT('',(35.0000003352761,-45.,30.0000004470348));
#2686=CARTESIAN_POINT('',(29.5000005587935,-45.0313730193228,29.5000004395843));
#2687=CARTESIAN_POINT('Ctrl Pts',(29.5000005587935,-45.0313730193228,29.5000004395843));
#2688=CARTESIAN_POINT('Ctrl Pts',(29.4976714116664,-45.0313730193228,29.502329586707));
#2689=CARTESIAN_POINT('Ctrl Pts',(29.4968880807012,-45.031372104588,29.5031300700634));
#2690=CARTESIAN_POINT('Ctrl Pts',(29.329840781324,-45.0311778350821,29.6697155357342));
#2691=CARTESIAN_POINT('Ctrl Pts',(29.1646280602976,-45.0207410968264,29.8353730971627));
#2692=CARTESIAN_POINT('Ctrl Pts',(29.0000006705523,-45.,30.0000004470348));
#2693=CARTESIAN_POINT('Ctrl Pts',(30.0000004470348,-45.,29.0000004321337));
#2694=CARTESIAN_POINT('Ctrl Pts',(29.8353730572895,-45.0207410968264,29.1646277820058));
#2695=CARTESIAN_POINT('Ctrl Pts',(29.6701603362632,-45.0311778350821,29.3302853434344));
#2696=CARTESIAN_POINT('Ctrl Pts',(29.5031130368858,-45.031372104588,29.4968708091051));
#2697=CARTESIAN_POINT('Ctrl Pts',(29.5023297059207,-45.0313730193228,29.4976712924615));
#2698=CARTESIAN_POINT('Ctrl Pts',(29.5000005587935,-45.0313730193228,29.5000004395843));
#2699=CARTESIAN_POINT('Origin',(44.5000006631017,-41.0313730343418,23.2500002160668));
#2700=CARTESIAN_POINT('',(44.5000006631017,-45.0313730343418,9.50000014156103));
#2701=CARTESIAN_POINT('Origin',(44.5000006631017,-41.0313730343418,9.50000014156103));
#2702=CARTESIAN_POINT('',(45.0000006705523,-45.,9.00000013411045));
#2703=CARTESIAN_POINT('Origin',(44.5000006631017,-41.0313730343418,9.50000014156103));
#2704=CARTESIAN_POINT('',(45.0000006705523,-45.,13.2500000670552));
#2705=CARTESIAN_POINT('Origin',(34.5000003278255,-41.0313730343418,9.50000014156103));
#2706=CARTESIAN_POINT('',(29.5000005587935,-45.0313730343418,9.50000014156103));
#2707=CARTESIAN_POINT('Ctrl Pts',(30.0000004470348,-45.,10.0000001490116));
#2708=CARTESIAN_POINT('Ctrl Pts',(29.8353693159495,-45.0207415681908,9.83536905780044));
#2709=CARTESIAN_POINT('Ctrl Pts',(29.6701539135188,-45.0311783099035,9.66970661151961));
#2710=CARTESIAN_POINT('Ctrl Pts',(29.5031054588962,-45.0313721090486,9.50312223569562));
#2711=CARTESIAN_POINT('Ctrl Pts',(29.502324066264,-45.0313730343418,9.50232364902709));
#2712=CARTESIAN_POINT('Ctrl Pts',(29.5000005587935,-45.0313730343418,9.50000014156103));
#2713=CARTESIAN_POINT('',(29.0000006705523,-45.,9.00000013411045));
#2714=CARTESIAN_POINT('Ctrl Pts',(29.5000005587935,-45.0313730343418,9.50000014156103));
#2715=CARTESIAN_POINT('Ctrl Pts',(29.4976770513231,-45.0313730343418,9.49767663409498));
#2716=CARTESIAN_POINT('Ctrl Pts',(29.4968956586909,-45.0313721090486,9.49687804742643));
#2717=CARTESIAN_POINT('Ctrl Pts',(29.3298472040679,-45.0311783099035,9.33029367160287));
#2718=CARTESIAN_POINT('Ctrl Pts',(29.1646318016376,-45.0207415681908,9.16463122532162));
#2719=CARTESIAN_POINT('Ctrl Pts',(29.0000006705523,-45.,9.00000013411045));
#2720=CARTESIAN_POINT('',(27.0000003352761,-45.,9.00000013411045));
#2721=CARTESIAN_POINT('Origin',(29.5000005587935,-41.0313730193228,13.7500000745058));
#2722=CARTESIAN_POINT('',(29.0000006705523,-45.,23.7500002235174));
#2723=CARTESIAN_POINT('Origin',(25.,-45.,17.5));
#2724=CARTESIAN_POINT('',(0.,-45.,5.00000007450581));
#2725=CARTESIAN_POINT('',(50.0000007450581,-45.,5.00000007450581));
#2726=CARTESIAN_POINT('',(37.500000372529,-45.,5.00000007450581));
#2727=CARTESIAN_POINT('',(50.,-45.,35.));
#2728=CARTESIAN_POINT('',(0.,-45.,35.));
#2729=CARTESIAN_POINT('',(5.00000007450581,-45.,9.00000013411045));
#2730=CARTESIAN_POINT('',(5.00000007450581,-45.,30.0000004470348));
#2731=CARTESIAN_POINT('',(5.00000007450581,-45.,23.7500002235174));
#2732=CARTESIAN_POINT('',(21.0000003129244,-45.,30.0000004470348));
#2733=CARTESIAN_POINT('',(23.0000001564622,-45.,30.0000004470348));
#2734=CARTESIAN_POINT('',(21.0000003129244,-45.,9.00000013411045));
#2735=CARTESIAN_POINT('',(21.0000003129244,-45.,13.2500000670552));
#2736=CARTESIAN_POINT('',(15.0000000372529,-45.,9.00000013411045));
#2737=CARTESIAN_POINT('Origin',(17.3360499602463,-45.,26.2851091059531));
#2738=CARTESIAN_POINT('',(17.3360499602463,-45.,12.5322201699263));
#2739=CARTESIAN_POINT('',(17.3360499602463,-45.,26.2851091059531));
#2740=CARTESIAN_POINT('',(17.3360499602463,-45.,21.8925545529766));
#2741=CARTESIAN_POINT('',(17.3360499602463,-45.7,12.5322201699263));
#2742=CARTESIAN_POINT('',(17.3360499602463,-45.,12.5322201699263));
#2743=CARTESIAN_POINT('',(17.3360499602463,-45.7,26.2851091059531));
#2744=CARTESIAN_POINT('',(17.3360499602463,-45.7,26.2851091059531));
#2745=CARTESIAN_POINT('',(17.3360499602463,-45.,26.2851091059531));
#2746=CARTESIAN_POINT('Origin',(8.61943021206032,-45.,26.2851091059531));
#2747=CARTESIAN_POINT('',(8.61943021206032,-45.,26.2851091059531));
#2748=CARTESIAN_POINT('',(16.8097151060302,-45.,26.2851091059531));
#2749=CARTESIAN_POINT('',(8.61943021206032,-45.7,26.2851091059531));
#2750=CARTESIAN_POINT('',(8.61943021206032,-45.7,26.2851091059531));
#2751=CARTESIAN_POINT('',(8.61943021206032,-45.,26.2851091059531));
#2752=CARTESIAN_POINT('Origin',(8.61943021206032,-45.,12.5322201699263));
#2753=CARTESIAN_POINT('',(8.61943021206032,-45.,12.5322201699263));
#2754=CARTESIAN_POINT('',(8.61943021206032,-45.,15.0161100849631));
#2755=CARTESIAN_POINT('',(8.61943021206032,-45.7,12.5322201699263));
#2756=CARTESIAN_POINT('',(8.61943021206032,-45.7,12.5322201699263));
#2757=CARTESIAN_POINT('',(8.61943021206032,-45.,12.5322201699263));
#2758=CARTESIAN_POINT('Origin',(17.3360499602463,-45.,12.5322201699263));
#2759=CARTESIAN_POINT('',(21.1680249801232,-45.,12.5322201699263));
#2760=CARTESIAN_POINT('',(17.3360499602463,-45.7,12.5322201699263));
#2761=CARTESIAN_POINT('Origin',(8.00000011920929,-45.,27.0000004023314));
#2762=CARTESIAN_POINT('',(8.00000011920929,-45.,12.0000001788139));
#2763=CARTESIAN_POINT('',(8.00000011920929,-45.,27.0000004023314));
#2764=CARTESIAN_POINT('',(8.00000011920929,-45.,22.2500002011657));
#2765=CARTESIAN_POINT('',(8.00000011920929,-45.7,12.0000001788139));
#2766=CARTESIAN_POINT('',(8.00000011920929,-45.,12.0000001788139));
#2767=CARTESIAN_POINT('',(8.00000011920929,-45.7,27.0000004023314));
#2768=CARTESIAN_POINT('',(8.00000011920929,-45.7,12.0000001788139));
#2769=CARTESIAN_POINT('',(8.00000011920929,-45.,27.0000004023314));
#2770=CARTESIAN_POINT('Origin',(18.0000002682209,-45.,27.0000004023314));
#2771=CARTESIAN_POINT('',(18.0000002682209,-45.,27.0000004023314));
#2772=CARTESIAN_POINT('',(21.5000001341105,-45.,27.0000004023314));
#2773=CARTESIAN_POINT('',(18.0000002682209,-45.7,27.0000004023314));
#2774=CARTESIAN_POINT('',(8.00000011920929,-45.7,27.0000004023314));
#2775=CARTESIAN_POINT('',(18.0000002682209,-45.,27.0000004023314));
#2776=CARTESIAN_POINT('Origin',(18.0000002682209,-45.,12.0000001788139));
#2777=CARTESIAN_POINT('',(18.0000002682209,-45.,12.0000001788139));
#2778=CARTESIAN_POINT('',(18.0000002682209,-45.,14.750000089407));
#2779=CARTESIAN_POINT('',(18.0000002682209,-45.7,12.0000001788139));
#2780=CARTESIAN_POINT('',(18.0000002682209,-45.7,27.0000004023314));
#2781=CARTESIAN_POINT('',(18.0000002682209,-45.,12.0000001788139));
#2782=CARTESIAN_POINT('Origin',(8.00000011920929,-45.,12.0000001788139));
#2783=CARTESIAN_POINT('',(16.5000000596046,-45.,12.0000001788139));
#2784=CARTESIAN_POINT('',(18.0000002682209,-45.7,12.0000001788139));
#2785=CARTESIAN_POINT('Origin',(13.0000001937151,-45.7,19.5000002905726));
#2786=CARTESIAN_POINT('Origin',(25.,-45.,17.5));
#2787=CARTESIAN_POINT('',(20.0000002980232,-45.,10.0000001490116));
#2788=CARTESIAN_POINT('',(20.0000002980232,-45.,29.0000004321337));
#2789=CARTESIAN_POINT('',(20.0000002980232,-45.,23.2500002160668));
#2790=CARTESIAN_POINT('',(6.00000008940697,-45.,29.0000004321337));
#2791=CARTESIAN_POINT('',(15.5000000447035,-45.,29.0000004321337));
#2792=CARTESIAN_POINT('',(6.00000008940697,-45.,10.0000001490116));
#2793=CARTESIAN_POINT('',(6.00000008940697,-45.,13.7500000745058));
#2794=CARTESIAN_POINT('',(22.5000001490116,-45.,10.0000001490116));
#2795=CARTESIAN_POINT('Origin',(15.5000000447035,-41.0313730343418,29.5000004395843));
#2796=CARTESIAN_POINT('',(20.5000003054738,-45.0313730343418,29.5000004395843));
#2797=CARTESIAN_POINT('Origin',(20.5000003054738,-41.0313730343418,29.5000004395843));
#2798=CARTESIAN_POINT('Origin',(20.5000003054738,-41.0313730343418,29.5000004395843));
#2799=CARTESIAN_POINT('',(5.50000008195639,-45.0313730343418,29.5000004395843));
#2800=CARTESIAN_POINT('Origin',(5.50000008195639,-41.0313730343418,29.5000004395843));
#2801=CARTESIAN_POINT('Origin',(5.50000008195639,-41.0313730343418,29.5000004395843));
#2802=CARTESIAN_POINT('Origin',(20.5000003054738,-41.0313730343418,23.2500002160668));
#2803=CARTESIAN_POINT('',(20.5000003054738,-45.0313730343418,9.50000014156103));
#2804=CARTESIAN_POINT('Origin',(20.5000003054738,-41.0313730343418,9.50000014156103));
#2805=CARTESIAN_POINT('Origin',(20.5000003054738,-41.0313730343418,9.50000014156103));
#2806=CARTESIAN_POINT('Origin',(22.5000001490116,-41.0313730343418,9.50000014156103));
#2807=CARTESIAN_POINT('',(5.50000008195639,-45.0313730343418,9.50000014156103));
#2808=CARTESIAN_POINT('Origin',(5.50000008195639,-41.0313730343418,9.50000014156103));
#2809=CARTESIAN_POINT('Origin',(5.50000008195639,-41.0313730343418,9.50000014156103));
#2810=CARTESIAN_POINT('Origin',(5.50000008195639,-41.0313730343418,13.7500000745058));
#2811=CARTESIAN_POINT('Origin',(25.,-45.,17.5));
#2812=CARTESIAN_POINT('Origin',(35.0000001862645,-45.,0.7));
#2813=CARTESIAN_POINT('',(50.,-45.,0.));
#2814=CARTESIAN_POINT('',(50.0000007450581,-45.7,0.7));
#2815=CARTESIAN_POINT('Origin',(50.,-45.,0.7));
#2816=CARTESIAN_POINT('',(0.,-45.7,0.7));
#2817=CARTESIAN_POINT('',(35.0000001862645,-45.7,0.7));
#2818=CARTESIAN_POINT('',(1.10933564796705E-31,-45.,0.));
#2819=CARTESIAN_POINT('Origin',(0.,-45.,0.7));
#2820=CARTESIAN_POINT('',(35.0000001862645,-45.,0.));
#2821=CARTESIAN_POINT('Origin',(25.000000372529,-45.7,2.5000000372529));
#2822=CARTESIAN_POINT('',(50.0000007450581,-45.7,4.50000007450581));
#2823=CARTESIAN_POINT('',(50.0000007450581,-45.7,5.00000007450581));
#2824=CARTESIAN_POINT('',(0.,-45.7,4.50000007450581));
#2825=CARTESIAN_POINT('',(37.5000005587935,-45.7,4.50000007450581));
#2826=CARTESIAN_POINT('',(0.,-45.7,0.));
#2827=CARTESIAN_POINT('',(49.0000007301569,-45.7,1.00000001490116));
#2828=CARTESIAN_POINT('',(1.00000001490116,-45.7,1.00000001490116));
#2829=CARTESIAN_POINT('',(0.,-45.7,1.00000001490116));
#2830=CARTESIAN_POINT('',(1.00000001490116,-45.7,4.00000005960464));
#2831=CARTESIAN_POINT('',(1.00000001490116,-45.7,5.00000007450581));
#2832=CARTESIAN_POINT('',(49.0000007301569,-45.7,4.00000005960464));
#2833=CARTESIAN_POINT('',(50.0000007450581,-45.7,4.00000005960464));
#2834=CARTESIAN_POINT('',(49.0000007301569,-45.7,0.));
#2835=CARTESIAN_POINT('Origin',(50.,-25.,0.));
#2836=CARTESIAN_POINT('',(50.,-25.,0.));
#2837=CARTESIAN_POINT('',(50.,-25.,0.));
#2838=CARTESIAN_POINT('',(50.,-25.,35.));
#2839=CARTESIAN_POINT('',(50.0000007450581,-45.2,5.00000007450581));
#2840=CARTESIAN_POINT('',(50.0000007450581,-45.,5.00000007450581));
#2841=CARTESIAN_POINT('Origin',(50.,-45.2,4.50000007450581));
#2842=CARTESIAN_POINT('Origin',(48.8000007301569,-45.2,10.7500000298023));
#2843=CARTESIAN_POINT('',(48.8000007301569,-45.,3.80000005960464));
#2844=CARTESIAN_POINT('',(48.8000007301569,-45.,1.20000001490116));
#2845=CARTESIAN_POINT('',(48.8000007301569,-45.,10.7500000298023));
#2846=CARTESIAN_POINT('',(49.0000007301569,-45.2,1.00000001490116));
#2847=CARTESIAN_POINT('Origin',(48.8000007301569,-45.2,1.20000001490116));
#2848=CARTESIAN_POINT('',(49.0000007301569,-45.2,4.00000005960464));
#2849=CARTESIAN_POINT('',(49.0000007301569,-45.2,10.7500000298023));
#2850=CARTESIAN_POINT('Origin',(48.8000007301569,-45.2,3.80000005960464));
#2851=CARTESIAN_POINT('Origin',(37.0000003650784,-45.2,1.20000001490116));
#2852=CARTESIAN_POINT('',(1.00000001490116,-45.2,1.00000001490116));
#2853=CARTESIAN_POINT('',(37.0000003650784,-45.2,1.00000001490116));
#2854=CARTESIAN_POINT('',(1.20000001490116,-45.,1.20000001490116));
#2855=CARTESIAN_POINT('',(37.0000003650784,-45.,1.20000001490116));
#2856=CARTESIAN_POINT('Origin',(1.20000001490116,-45.2,1.20000001490116));
#2857=CARTESIAN_POINT('Origin',(13.0000000074506,-45.2,3.80000005960464));
#2858=CARTESIAN_POINT('',(1.20000001490116,-45.,3.80000005960464));
#2859=CARTESIAN_POINT('',(13.0000000074506,-45.,3.80000005960464));
#2860=CARTESIAN_POINT('',(1.00000001490116,-45.2,4.00000005960464));
#2861=CARTESIAN_POINT('',(13.0000000074506,-45.2,4.00000005960464));
#2862=CARTESIAN_POINT('Origin',(1.20000001490116,-45.2,3.80000005960464));
#2863=CARTESIAN_POINT('Origin',(1.20000001490116,-45.2,9.25000000745058));
#2864=CARTESIAN_POINT('',(1.20000001490116,-45.,9.25000000745058));
#2865=CARTESIAN_POINT('',(1.00000001490116,-45.2,9.25000000745058));
#2866=CARTESIAN_POINT('Origin',(1.00000001490116,-45.,4.00000005960464));
#2867=CARTESIAN_POINT('',(49.0000007301569,-45.,4.00000005960464));
#2868=CARTESIAN_POINT('',(1.00000001490116,-45.,4.00000005960464));
#2869=CARTESIAN_POINT('Origin',(49.0000007301569,-45.,4.00000005960464));
#2870=CARTESIAN_POINT('',(49.0000007301569,-45.,1.00000001490116));
#2871=CARTESIAN_POINT('Origin',(25.,-45.,17.5));
#2872=CARTESIAN_POINT('Origin',(37.5000005587935,-45.2,4.50000007450581));
#2873=CARTESIAN_POINT('',(0.,-45.2,5.00000007450581));
#2874=CARTESIAN_POINT('Origin',(0.,-45.2,4.50000007450581));
#2875=CARTESIAN_POINT('',(37.5000005587935,-45.2,5.00000007450581));
#2876=CARTESIAN_POINT('Origin',(1.00000001490116,-45.,1.00000001490116));
#2877=CARTESIAN_POINT('',(1.00000001490116,-45.,1.00000001490116));
#2878=CARTESIAN_POINT('Origin',(49.0000007301569,-45.,1.00000001490116));
#2879=CARTESIAN_POINT('Origin',(50.0000007450581,-45.,5.00000007450581));
#2880=CARTESIAN_POINT('',(0.,-45.,5.00000007450581));
#2881=CARTESIAN_POINT('Origin',(25.,-45.,17.5));
#2882=CARTESIAN_POINT('Origin',(25.,-25.,17.5));
#2883=CARTESIAN_POINT('',(20.,-25.,0.));
#2884=CARTESIAN_POINT('',(20.,-25.,35.));
#2885=CARTESIAN_POINT('',(50.,-25.,0.));
#2886=CARTESIAN_POINT('Origin',(20.,0.,0.));
#2887=CARTESIAN_POINT('',(20.,0.,0.));
#2888=CARTESIAN_POINT('Origin',(90.,25.,0.));
#2889=CARTESIAN_POINT('',(90.,25.,0.));
#2890=CARTESIAN_POINT('',(-6.16297582203915E-32,25.,0.));
#2891=CARTESIAN_POINT('',(90.,25.,0.));
#2892=CARTESIAN_POINT('',(-6.16297582203915E-32,25.,0.));
#2893=CARTESIAN_POINT('',(90.,25.,0.));
#2894=CARTESIAN_POINT('Origin',(90.,0.,0.));
#2895=CARTESIAN_POINT('',(90.0000013411045,0.,0.));
#2896=CARTESIAN_POINT('Origin',(-6.16297582203915E-32,25.,0.));
#2897=CARTESIAN_POINT('',(-6.16297582203915E-32,25.,0.));
#2898=CARTESIAN_POINT('Origin',(45.,12.5,0.));
#2899=CARTESIAN_POINT('Origin',(75.4904030205606,0.,23.9391030662695));
#2900=CARTESIAN_POINT('',(75.4904030205606,-6.37397907631289E-33,24.7891030662695));
#2901=CARTESIAN_POINT('',(75.4904030205606,-6.37397907631289E-33,23.0891030662695));
#2902=CARTESIAN_POINT('Origin',(75.4904030205606,0.,23.9391030662695));
#2903=CARTESIAN_POINT('Origin',(75.5027764638265,0.,16.9672929466286));
#2904=CARTESIAN_POINT('',(75.5027764638265,-6.37397907631289E-33,17.8172929466286));
#2905=CARTESIAN_POINT('',(75.5027764638265,-6.37397907631289E-33,16.1172929466286));
#2906=CARTESIAN_POINT('Origin',(75.5027764638265,0.,16.9672929466286));
#2907=CARTESIAN_POINT('Origin',(75.5426856515488,0.,9.98318509522243));
#2908=CARTESIAN_POINT('',(75.5426856515488,-6.37397907631289E-33,10.8331850952224));
#2909=CARTESIAN_POINT('',(75.5426856515488,-6.37397907631289E-33,9.13318509522243));
#2910=CARTESIAN_POINT('Origin',(75.5426856515488,0.,9.98318509522243));
#2911=CARTESIAN_POINT('Origin',(75.4525108102946,0.,2.98609577404502));
#2912=CARTESIAN_POINT('',(75.4525108102946,-6.37397907631289E-33,3.83609577404502));
#2913=CARTESIAN_POINT('',(75.4525108102946,-6.37397907631289E-33,2.13609577404502));
#2914=CARTESIAN_POINT('Origin',(75.4525108102946,0.,2.98609577404502));
#2915=UNCERTAINTY_MEASURE_WITH_UNIT(LENGTH_MEASURE(0.01),#2919,
'DISTANCE_ACCURACY_VALUE',
'Maximum model space distance between geometric entities at asserted c
onnectivities');
#2916=UNCERTAINTY_MEASURE_WITH_UNIT(LENGTH_MEASURE(0.01),#2919,
'DISTANCE_ACCURACY_VALUE',
'Maximum model space distance between geometric entities at asserted c
onnectivities');
#2917=(
GEOMETRIC_REPRESENTATION_CONTEXT(3)
GLOBAL_UNCERTAINTY_ASSIGNED_CONTEXT((#2915))
GLOBAL_UNIT_ASSIGNED_CONTEXT((#2919,#2921,#2922))
REPRESENTATION_CONTEXT('','3D')
);
#2918=(
GEOMETRIC_REPRESENTATION_CONTEXT(3)
GLOBAL_UNCERTAINTY_ASSIGNED_CONTEXT((#2916))
GLOBAL_UNIT_ASSIGNED_CONTEXT((#2919,#2921,#2922))
REPRESENTATION_CONTEXT('','3D')
);
#2919=(
LENGTH_UNIT()
NAMED_UNIT(*)
SI_UNIT(.MILLI.,.METRE.)
);
#2920=(
LENGTH_UNIT()
NAMED_UNIT(*)
SI_UNIT($,.METRE.)
);
#2921=(
NAMED_UNIT(*)
PLANE_ANGLE_UNIT()
SI_UNIT($,.RADIAN.)
);
#2922=(
NAMED_UNIT(*)
SI_UNIT($,.STERADIAN.)
SOLID_ANGLE_UNIT()
);
#2923=SHAPE_DEFINITION_REPRESENTATION(#2924,#2925);
#2924=PRODUCT_DEFINITION_SHAPE('',$,#2927);
#2925=SHAPE_REPRESENTATION('',(#1797),#2917);
#2926=PRODUCT_DEFINITION_CONTEXT('part definition',#2931,'design');
#2927=PRODUCT_DEFINITION('2026-09-07-22-58-38-928','Counter',#2928,#2926);
#2928=PRODUCT_DEFINITION_FORMATION('',$,#2933);
#2929=PRODUCT_RELATED_PRODUCT_CATEGORY('Counter','Counter',(#2933));
#2930=APPLICATION_PROTOCOL_DEFINITION('international standard',
'automotive_design',2009,#2931);
#2931=APPLICATION_CONTEXT(
'Core Data for Automotive Mechanical Design Process');
#2932=PRODUCT_CONTEXT('part definition',#2931,'mechanical');
#2933=PRODUCT('2026-09-07-22-58-38-928','Counter',$,(#2932));
#2934=PRESENTATION_STYLE_ASSIGNMENT((#2935));
#2935=SURFACE_STYLE_USAGE(.BOTH.,#2936);
#2936=SURFACE_SIDE_STYLE('',(#2937));
#2937=SURFACE_STYLE_FILL_AREA(#2938);
#2938=FILL_AREA_STYLE('Steel - Satin',(#2939));
#2939=FILL_AREA_STYLE_COLOUR('Steel - Satin',#2940);
#2940=COLOUR_RGB('Steel - Satin',0.627450980392157,0.627450980392157,0.627450980392157);
ENDSEC;
END-ISO-10303-21;
